[ {
  "version" : "5.3-20190211022529+0000",
  "buildTime" : "20190211022529+0000",
  "current" : false,
  "snapshot" : true,
  "nightly" : true,
  "releaseNightly" : false,
  "activeRc" : false,
  "rcFor" : "",
  "milestoneFor" : "",
  "broken" : false,
  "downloadUrl" : "https://services.gradle.org/distributions-snapshots/gradle-5.3-20190211022529+0000-bin.zip",
  "checksumUrl" : "https://services.gradle.org/distributions-snapshots/gradle-5.3-20190211022529+0000-bin.zip.sha256",
  "wrapperChecksumUrl" : "https://services.gradle.org/distributions-snapshots/gradle-5.3-20190211022529+0000-wrapper.jar.sha256"
}, {
  "version" : "5.2.1-20190211010035+0000",
  "buildTime" : "20190211010035+0000",
  "current" : false,
  "snapshot" : true,
  "nightly" : false,
  "releaseNightly" : true,
  "activeRc" : false,
  "rcFor" : "",
  "milestoneFor" : "",
  "broken" : false,
  "downloadUrl" : "https://services.gradle.org/distributions-snapshots/gradle-5.2.1-20190211010035+0000-bin.zip",
  "checksumUrl" : "https://services.gradle.org/distributions-snapshots/gradle-5.2.1-20190211010035+0000-bin.zip.sha256",
  "wrapperChecksumUrl" : "https://services.gradle.org/distributions-snapshots/gradle-5.2.1-20190211010035+0000-wrapper.jar.sha256"
}, {
  "version" : "5.2.1",
  "buildTime" : "20190208190010+0000",
  "current" : true,
  "snapshot" : false,
  "nightly" : false,
  "releaseNightly" : false,
  "activeRc" : false,
  "rcFor" : "",
  "milestoneFor" : "",
  "broken" : false,
  "downloadUrl" : "https://services.gradle.org/distributions/gradle-5.2.1-bin.zip",
  "checksumUrl" : "https://services.gradle.org/distributions/gradle-5.2.1-bin.zip.sha256",
  "wrapperChecksumUrl" : "https://services.gradle.org/distributions/gradle-5.2.1-wrapper.jar.sha256"
}, {
  "version" : "5.2",
  "buildTime" : "20190204111648+0000",
  "current" : false,
  "snapshot" : false,
  "nightly" : false,
  "releaseNightly" : false,
  "activeRc" : false,
  "rcFor" : "",
  "milestoneFor" : "",
  "broken" : false,
  "downloadUrl" : "https://services.gradle.org/distributions/gradle-5.2-bin.zip",
  "checksumUrl" : "https://services.gradle.org/distributions/gradle-5.2-bin.zip.sha256",
  "wrapperChecksumUrl" : "https://services.gradle.org/distributions/gradle-5.2-wrapper.jar.sha256"
}, {
  "version" : "5.2-rc-1",
  "buildTime" : "20190128225604+0000",
  "current" : false,
  "snapshot" : false,
  "nightly" : false,
  "releaseNightly" : false,
  "activeRc" : false,
  "rcFor" : "5.2",
  "milestoneFor" : "",
  "broken" : false,
  "downloadUrl" : "https://services.gradle.org/distributions/gradle-5.2-rc-1-bin.zip",
  "checksumUrl" : "https://services.gradle.org/distributions/gradle-5.2-rc-1-bin.zip.sha256",
  "wrapperChecksumUrl" : "https://services.gradle.org/distributions/gradle-5.2-rc-1-wrapper.jar.sha256"
}, {
  "version" : "5.1.1",
  "buildTime" : "20190110230502+0000",
  "current" : false,
  "snapshot" : false,
  "nightly" : false,
  "releaseNightly" : false,
  "activeRc" : false,
  "rcFor" : "",
  "milestoneFor" : "",
  "broken" : false,
  "downloadUrl" : "https://services.gradle.org/distributions/gradle-5.1.1-bin.zip",
  "checksumUrl" : "https://services.gradle.org/distributions/gradle-5.1.1-bin.zip.sha256",
  "wrapperChecksumUrl" : "https://services.gradle.org/distributions/gradle-5.1.1-wrapper.jar.sha256"
}, {
  "version" : "5.1",
  "buildTime" : "20190102185747+0000",
  "current" : false,
  "snapshot" : false,
  "nightly" : false,
  "releaseNightly" : false,
  "activeRc" : false,
  "rcFor" : "",
  "milestoneFor" : "",
  "broken" : false,
  "downloadUrl" : "https://services.gradle.org/distributions/gradle-5.1-bin.zip",
  "checksumUrl" : "https://services.gradle.org/distributions/gradle-5.1-bin.zip.sha256",
  "wrapperChecksumUrl" : "https://services.gradle.org/distributions/gradle-5.1-wrapper.jar.sha256"
}, {
  "version" : "5.1-rc-3",
  "buildTime" : "20181221230345+0000",
  "current" : false,
  "snapshot" : false,
  "nightly" : false,
  "releaseNightly" : false,
  "activeRc" : false,
  "rcFor" : "5.1",
  "milestoneFor" : "",
  "broken" : false,
  "downloadUrl" : "https://services.gradle.org/distributions/gradle-5.1-rc-3-bin.zip",
  "checksumUrl" : "https://services.gradle.org/distributions/gradle-5.1-rc-3-bin.zip.sha256",
  "wrapperChecksumUrl" : "https://services.gradle.org/distributions/gradle-5.1-rc-3-wrapper.jar.sha256"
}, {
  "version" : "5.1-rc-2",
  "buildTime" : "20181217224201+0000",
  "current" : false,
  "snapshot" : false,
  "nightly" : false,
  "releaseNightly" : false,
  "activeRc" : false,
  "rcFor" : "5.1",
  "milestoneFor" : "",
  "broken" : false,
  "downloadUrl" : "https://services.gradle.org/distributions/gradle-5.1-rc-2-bin.zip",
  "checksumUrl" : "https://services.gradle.org/distributions/gradle-5.1-rc-2-bin.zip.sha256",
  "wrapperChecksumUrl" : "https://services.gradle.org/distributions/gradle-5.1-rc-2-wrapper.jar.sha256"
}, {
  "version" : "5.1-rc-1",
  "buildTime" : "20181213060004+0000",
  "current" : false,
  "snapshot" : false,
  "nightly" : false,
  "releaseNightly" : false,
  "activeRc" : false,
  "rcFor" : "5.1",
  "milestoneFor" : "",
  "broken" : false,
  "downloadUrl" : "https://services.gradle.org/distributions/gradle-5.1-rc-1-bin.zip",
  "checksumUrl" : "https://services.gradle.org/distributions/gradle-5.1-rc-1-bin.zip.sha256",
  "wrapperChecksumUrl" : "https://services.gradle.org/distributions/gradle-5.1-rc-1-wrapper.jar.sha256"
}, {
  "version" : "4.10.3",
  "buildTime" : "20181205005054+0000",
  "current" : false,
  "snapshot" : false,
  "nightly" : false,
  "releaseNightly" : false,
  "activeRc" : false,
  "rcFor" : "",
  "milestoneFor" : "",
  "broken" : false,
  "downloadUrl" : "https://services.gradle.org/distributions/gradle-4.10.3-bin.zip",
  "checksumUrl" : "https://services.gradle.org/distributions/gradle-4.10.3-bin.zip.sha256",
  "wrapperChecksumUrl" : "https://services.gradle.org/distributions/gradle-4.10.3-wrapper.jar.sha256"
}, {
  "version" : "5.1-milestone-1",
  "buildTime" : "20181203174147+0000",
  "current" : false,
  "snapshot" : false,
  "nightly" : false,
  "releaseNightly" : false,
  "activeRc" : false,
  "rcFor" : "",
  "milestoneFor" : "5.1",
  "broken" : false,
  "downloadUrl" : "https://services.gradle.org/distributions/gradle-5.1-milestone-1-bin.zip",
  "checksumUrl" : "https://services.gradle.org/distributions/gradle-5.1-milestone-1-bin.zip.sha256",
  "wrapperChecksumUrl" : "https://services.gradle.org/distributions/gradle-5.1-milestone-1-wrapper.jar.sha256"
}, {
  "version" : "5.0",
  "buildTime" : "20181126114843+0000",
  "current" : false,
  "snapshot" : false,
  "nightly" : false,
  "releaseNightly" : false,
  "activeRc" : false,
  "rcFor" : "",
  "milestoneFor" : "",
  "broken" : false,
  "downloadUrl" : "https://services.gradle.org/distributions/gradle-5.0-bin.zip",
  "checksumUrl" : "https://services.gradle.org/distributions/gradle-5.0-bin.zip.sha256",
  "wrapperChecksumUrl" : "https://services.gradle.org/distributions/gradle-5.0-wrapper.jar.sha256"
}, {
  "version" : "5.0-rc-5",
  "buildTime" : "20181122195845+0000",
  "current" : false,
  "snapshot" : false,
  "nightly" : false,
  "releaseNightly" : false,
  "activeRc" : false,
  "rcFor" : "5.0",
  "milestoneFor" : "",
  "broken" : false,
  "downloadUrl" : "https://services.gradle.org/distributions/gradle-5.0-rc-5-bin.zip",
  "checksumUrl" : "https://services.gradle.org/distributions/gradle-5.0-rc-5-bin.zip.sha256"
}, {
  "version" : "5.0-rc-4",
  "buildTime" : "20181120092642+0000",
  "current" : false,
  "snapshot" : false,
  "nightly" : false,
  "releaseNightly" : false,
  "activeRc" : false,
  "rcFor" : "5.0",
  "milestoneFor" : "",
  "broken" : false,
  "downloadUrl" : "https://services.gradle.org/distributions/gradle-5.0-rc-4-bin.zip",
  "checksumUrl" : "https://services.gradle.org/distributions/gradle-5.0-rc-4-bin.zip.sha256"
}, {
  "version" : "5.0-rc-3",
  "buildTime" : "20181114160147+0000",
  "current" : false,
  "snapshot" : false,
  "nightly" : false,
  "releaseNightly" : false,
  "activeRc" : false,
  "rcFor" : "5.0",
  "milestoneFor" : "",
  "broken" : false,
  "downloadUrl" : "https://services.gradle.org/distributions/gradle-5.0-rc-3-bin.zip",
  "checksumUrl" : "https://services.gradle.org/distributions/gradle-5.0-rc-3-bin.zip.sha256"
}, {
  "version" : "5.0-rc-2",
  "buildTime" : "20181112080541+0000",
  "current" : false,
  "snapshot" : false,
  "nightly" : false,
  "releaseNightly" : false,
  "activeRc" : false,
  "rcFor" : "5.0",
  "milestoneFor" : "",
  "broken" : false,
  "downloadUrl" : "https://services.gradle.org/distributions/gradle-5.0-rc-2-bin.zip",
  "checksumUrl" : "https://services.gradle.org/distributions/gradle-5.0-rc-2-bin.zip.sha256"
}, {
  "version" : "5.0-rc-1",
  "buildTime" : "20181030135922+0000",
  "current" : false,
  "snapshot" : false,
  "nightly" : false,
  "releaseNightly" : false,
  "activeRc" : false,
  "rcFor" : "5.0",
  "milestoneFor" : "",
  "broken" : false,
  "downloadUrl" : "https://services.gradle.org/distributions/gradle-5.0-rc-1-bin.zip",
  "checksumUrl" : "https://services.gradle.org/distributions/gradle-5.0-rc-1-bin.zip.sha256"
}, {
  "version" : "5.0-milestone-1",
  "buildTime" : "20181002224615+0000",
  "current" : false,
  "snapshot" : false,
  "nightly" : false,
  "releaseNightly" : false,
  "activeRc" : false,
  "rcFor" : "",
  "milestoneFor" : "5.0",
  "broken" : false,
  "downloadUrl" : "https://services.gradle.org/distributions/gradle-5.0-milestone-1-bin.zip",
  "checksumUrl" : "https://services.gradle.org/distributions/gradle-5.0-milestone-1-bin.zip.sha256"
}, {
  "version" : "4.10.2",
  "buildTime" : "20180919181015+0000",
  "current" : false,
  "snapshot" : false,
  "nightly" : false,
  "releaseNightly" : false,
  "activeRc" : false,
  "rcFor" : "",
  "milestoneFor" : "",
  "broken" : false,
  "downloadUrl" : "https://services.gradle.org/distributions/gradle-4.10.2-bin.zip",
  "checksumUrl" : "https://services.gradle.org/distributions/gradle-4.10.2-bin.zip.sha256",
  "wrapperChecksumUrl" : "https://services.gradle.org/distributions/gradle-4.10.2-wrapper.jar.sha256"
}, {
  "version" : "4.10.1",
  "buildTime" : "20180912113327+0000",
  "current" : false,
  "snapshot" : false,
  "nightly" : false,
  "releaseNightly" : false,
  "activeRc" : false,
  "rcFor" : "",
  "milestoneFor" : "",
  "broken" : false,
  "downloadUrl" : "https://services.gradle.org/distributions/gradle-4.10.1-bin.zip",
  "checksumUrl" : "https://services.gradle.org/distributions/gradle-4.10.1-bin.zip.sha256",
  "wrapperChecksumUrl" : "https://services.gradle.org/distributions/gradle-4.10.1-wrapper.jar.sha256"
}, {
  "version" : "4.10",
  "buildTime" : "20180827183506+0000",
  "current" : false,
  "snapshot" : false,
  "nightly" : false,
  "releaseNightly" : false,
  "activeRc" : false,
  "rcFor" : "",
  "milestoneFor" : "",
  "broken" : false,
  "downloadUrl" : "https://services.gradle.org/distributions/gradle-4.10-bin.zip",
  "checksumUrl" : "https://services.gradle.org/distributions/gradle-4.10-bin.zip.sha256",
  "wrapperChecksumUrl" : "https://services.gradle.org/distributions/gradle-4.10-wrapper.jar.sha256"
}, {
  "version" : "4.10-rc-3",
  "buildTime" : "20180823120756+0000",
  "current" : false,
  "snapshot" : false,
  "nightly" : false,
  "releaseNightly" : false,
  "activeRc" : false,
  "rcFor" : "4.10",
  "milestoneFor" : "",
  "broken" : false,
  "downloadUrl" : "https://services.gradle.org/distributions/gradle-4.10-rc-3-bin.zip",
  "checksumUrl" : "https://services.gradle.org/distributions/gradle-4.10-rc-3-bin.zip.sha256"
}, {
  "version" : "4.10-rc-2",
  "buildTime" : "20180814180001+0000",
  "current" : false,
  "snapshot" : false,
  "nightly" : false,
  "releaseNightly" : false,
  "activeRc" : false,
  "rcFor" : "4.10",
  "milestoneFor" : "",
  "broken" : false,
  "downloadUrl" : "https://services.gradle.org/distributions/gradle-4.10-rc-2-bin.zip",
  "checksumUrl" : "https://services.gradle.org/distributions/gradle-4.10-rc-2-bin.zip.sha256"
}, {
  "version" : "4.10-rc-1",
  "buildTime" : "20180809061937+0000",
  "current" : false,
  "snapshot" : false,
  "nightly" : false,
  "releaseNightly" : false,
  "activeRc" : false,
  "rcFor" : "4.10",
  "milestoneFor" : "",
  "broken" : false,
  "downloadUrl" : "https://services.gradle.org/distributions/gradle-4.10-rc-1-bin.zip",
  "checksumUrl" : "https://services.gradle.org/distributions/gradle-4.10-rc-1-bin.zip.sha256"
}, {
  "version" : "4.9",
  "buildTime" : "20180716081403+0000",
  "current" : false,
  "snapshot" : false,
  "nightly" : false,
  "releaseNightly" : false,
  "activeRc" : false,
  "rcFor" : "",
  "milestoneFor" : "",
  "broken" : false,
  "downloadUrl" : "https://services.gradle.org/distributions/gradle-4.9-bin.zip",
  "checksumUrl" : "https://services.gradle.org/distributions/gradle-4.9-bin.zip.sha256",
  "wrapperChecksumUrl" : "https://services.gradle.org/distributions/gradle-4.9-wrapper.jar.sha256"
}, {
  "version" : "4.9-rc-2",
  "buildTime" : "20180711004640+0000",
  "current" : false,
  "snapshot" : false,
  "nightly" : false,
  "releaseNightly" : false,
  "activeRc" : false,
  "rcFor" : "4.9",
  "milestoneFor" : "",
  "broken" : false,
  "downloadUrl" : "https://services.gradle.org/distributions/gradle-4.9-rc-2-bin.zip",
  "checksumUrl" : "https://services.gradle.org/distributions/gradle-4.9-rc-2-bin.zip.sha256"
}, {
  "version" : "4.9-rc-1",
  "buildTime" : "20180703131446+0000",
  "current" : false,
  "snapshot" : false,
  "nightly" : false,
  "releaseNightly" : false,
  "activeRc" : false,
  "rcFor" : "4.9",
  "milestoneFor" : "",
  "broken" : false,
  "downloadUrl" : "https://services.gradle.org/distributions/gradle-4.9-rc-1-bin.zip",
  "checksumUrl" : "https://services.gradle.org/distributions/gradle-4.9-rc-1-bin.zip.sha256"
}, {
  "version" : "4.8.1",
  "buildTime" : "20180621075306+0000",
  "current" : false,
  "snapshot" : false,
  "nightly" : false,
  "releaseNightly" : false,
  "activeRc" : false,
  "rcFor" : "",
  "milestoneFor" : "",
  "broken" : false,
  "downloadUrl" : "https://services.gradle.org/distributions/gradle-4.8.1-bin.zip",
  "checksumUrl" : "https://services.gradle.org/distributions/gradle-4.8.1-bin.zip.sha256",
  "wrapperChecksumUrl" : "https://services.gradle.org/distributions/gradle-4.8.1-wrapper.jar.sha256"
}, {
  "version" : "4.8",
  "buildTime" : "20180604103958+0000",
  "current" : false,
  "snapshot" : false,
  "nightly" : false,
  "releaseNightly" : false,
  "activeRc" : false,
  "rcFor" : "",
  "milestoneFor" : "",
  "broken" : false,
  "downloadUrl" : "https://services.gradle.org/distributions/gradle-4.8-bin.zip",
  "checksumUrl" : "https://services.gradle.org/distributions/gradle-4.8-bin.zip.sha256",
  "wrapperChecksumUrl" : "https://services.gradle.org/distributions/gradle-4.8-wrapper.jar.sha256"
}, {
  "version" : "4.8-rc-3",
  "buildTime" : "20180531140436+0000",
  "current" : false,
  "snapshot" : false,
  "nightly" : false,
  "releaseNightly" : false,
  "activeRc" : false,
  "rcFor" : "4.8",
  "milestoneFor" : "",
  "broken" : false,
  "downloadUrl" : "https://services.gradle.org/distributions/gradle-4.8-rc-3-bin.zip",
  "checksumUrl" : "https://services.gradle.org/distributions/gradle-4.8-rc-3-bin.zip.sha256"
}, {
  "version" : "4.8-rc-2",
  "buildTime" : "20180524092821+0000",
  "current" : false,
  "snapshot" : false,
  "nightly" : false,
  "releaseNightly" : false,
  "activeRc" : false,
  "rcFor" : "4.8",
  "milestoneFor" : "",
  "broken" : false,
  "downloadUrl" : "https://services.gradle.org/distributions/gradle-4.8-rc-2-bin.zip",
  "checksumUrl" : "https://services.gradle.org/distributions/gradle-4.8-rc-2-bin.zip.sha256"
}, {
  "version" : "4.8-rc-1",
  "buildTime" : "20180515173233+0000",
  "current" : false,
  "snapshot" : false,
  "nightly" : false,
  "releaseNightly" : false,
  "activeRc" : false,
  "rcFor" : "4.8",
  "milestoneFor" : "",
  "broken" : false,
  "downloadUrl" : "https://services.gradle.org/distributions/gradle-4.8-rc-1-bin.zip",
  "checksumUrl" : "https://services.gradle.org/distributions/gradle-4.8-rc-1-bin.zip.sha256"
}, {
  "version" : "4.7",
  "buildTime" : "20180418090912+0000",
  "current" : false,
  "snapshot" : false,
  "nightly" : false,
  "releaseNightly" : false,
  "activeRc" : false,
  "rcFor" : "",
  "milestoneFor" : "",
  "broken" : false,
  "downloadUrl" : "https://services.gradle.org/distributions/gradle-4.7-bin.zip",
  "checksumUrl" : "https://services.gradle.org/distributions/gradle-4.7-bin.zip.sha256",
  "wrapperChecksumUrl" : "https://services.gradle.org/distributions/gradle-4.7-wrapper.jar.sha256"
}, {
  "version" : "4.7-rc-2",
  "buildTime" : "20180413125323+0000",
  "current" : false,
  "snapshot" : false,
  "nightly" : false,
  "releaseNightly" : false,
  "activeRc" : false,
  "rcFor" : "4.7",
  "milestoneFor" : "",
  "broken" : false,
  "downloadUrl" : "https://services.gradle.org/distributions/gradle-4.7-rc-2-bin.zip",
  "checksumUrl" : "https://services.gradle.org/distributions/gradle-4.7-rc-2-bin.zip.sha256"
}, {
  "version" : "4.7-rc-1",
  "buildTime" : "20180403113602+0000",
  "current" : false,
  "snapshot" : false,
  "nightly" : false,
  "releaseNightly" : false,
  "activeRc" : false,
  "rcFor" : "4.7",
  "milestoneFor" : "",
  "broken" : false,
  "downloadUrl" : "https://services.gradle.org/distributions/gradle-4.7-rc-1-bin.zip",
  "checksumUrl" : "https://services.gradle.org/distributions/gradle-4.7-rc-1-bin.zip.sha256"
}, {
  "version" : "4.6",
  "buildTime" : "20180228133636+0000",
  "current" : false,
  "snapshot" : false,
  "nightly" : false,
  "releaseNightly" : false,
  "activeRc" : false,
  "rcFor" : "",
  "milestoneFor" : "",
  "broken" : false,
  "downloadUrl" : "https://services.gradle.org/distributions/gradle-4.6-bin.zip",
  "checksumUrl" : "https://services.gradle.org/distributions/gradle-4.6-bin.zip.sha256",
  "wrapperChecksumUrl" : "https://services.gradle.org/distributions/gradle-4.6-wrapper.jar.sha256"
}, {
  "version" : "4.6-rc-2",
  "buildTime" : "20180221152842+0000",
  "current" : false,
  "snapshot" : false,
  "nightly" : false,
  "releaseNightly" : false,
  "activeRc" : false,
  "rcFor" : "4.6",
  "milestoneFor" : "",
  "broken" : false,
  "downloadUrl" : "https://services.gradle.org/distributions/gradle-4.6-rc-2-bin.zip",
  "checksumUrl" : "https://services.gradle.org/distributions/gradle-4.6-rc-2-bin.zip.sha256"
}, {
  "version" : "4.6-rc-1",
  "buildTime" : "20180216162807+0000",
  "current" : false,
  "snapshot" : false,
  "nightly" : false,
  "releaseNightly" : false,
  "activeRc" : false,
  "rcFor" : "4.6",
  "milestoneFor" : "",
  "broken" : false,
  "downloadUrl" : "https://services.gradle.org/distributions/gradle-4.6-rc-1-bin.zip",
  "checksumUrl" : "https://services.gradle.org/distributions/gradle-4.6-rc-1-bin.zip.sha256"
}, {
  "version" : "4.5.1",
  "buildTime" : "20180205132249+0000",
  "current" : false,
  "snapshot" : false,
  "nightly" : false,
  "releaseNightly" : false,
  "activeRc" : false,
  "rcFor" : "",
  "milestoneFor" : "",
  "broken" : false,
  "downloadUrl" : "https://services.gradle.org/distributions/gradle-4.5.1-bin.zip",
  "checksumUrl" : "https://services.gradle.org/distributions/gradle-4.5.1-bin.zip.sha256",
  "wrapperChecksumUrl" : "https://services.gradle.org/distributions/gradle-4.5.1-wrapper.jar.sha256"
}, {
  "version" : "4.5",
  "buildTime" : "20180124170452+0000",
  "current" : false,
  "snapshot" : false,
  "nightly" : false,
  "releaseNightly" : false,
  "activeRc" : false,
  "rcFor" : "",
  "milestoneFor" : "",
  "broken" : false,
  "downloadUrl" : "https://services.gradle.org/distributions/gradle-4.5-bin.zip",
  "checksumUrl" : "https://services.gradle.org/distributions/gradle-4.5-bin.zip.sha256",
  "wrapperChecksumUrl" : "https://services.gradle.org/distributions/gradle-4.5-wrapper.jar.sha256"
}, {
  "version" : "4.5-rc-2",
  "buildTime" : "20180122164244+0000",
  "current" : false,
  "snapshot" : false,
  "nightly" : false,
  "releaseNightly" : false,
  "activeRc" : false,
  "rcFor" : "4.5",
  "milestoneFor" : "",
  "broken" : false,
  "downloadUrl" : "https://services.gradle.org/distributions/gradle-4.5-rc-2-bin.zip",
  "checksumUrl" : "https://services.gradle.org/distributions/gradle-4.5-rc-2-bin.zip.sha256"
}, {
  "version" : "4.5-rc-1",
  "buildTime" : "20180109010527+0000",
  "current" : false,
  "snapshot" : false,
  "nightly" : false,
  "releaseNightly" : false,
  "activeRc" : false,
  "rcFor" : "4.5",
  "milestoneFor" : "",
  "broken" : false,
  "downloadUrl" : "https://services.gradle.org/distributions/gradle-4.5-rc-1-bin.zip",
  "checksumUrl" : "https://services.gradle.org/distributions/gradle-4.5-rc-1-bin.zip.sha256"
}, {
  "version" : "4.4.1",
  "buildTime" : "20171220154523+0000",
  "current" : false,
  "snapshot" : false,
  "nightly" : false,
  "releaseNightly" : false,
  "activeRc" : false,
  "rcFor" : "",
  "milestoneFor" : "",
  "broken" : false,
  "downloadUrl" : "https://services.gradle.org/distributions/gradle-4.4.1-bin.zip",
  "checksumUrl" : "https://services.gradle.org/distributions/gradle-4.4.1-bin.zip.sha256",
  "wrapperChecksumUrl" : "https://services.gradle.org/distributions/gradle-4.4.1-wrapper.jar.sha256"
}, {
  "version" : "4.4",
  "buildTime" : "20171206090506+0000",
  "current" : false,
  "snapshot" : false,
  "nightly" : false,
  "releaseNightly" : false,
  "activeRc" : false,
  "rcFor" : "",
  "milestoneFor" : "",
  "broken" : false,
  "downloadUrl" : "https://services.gradle.org/distributions/gradle-4.4-bin.zip",
  "checksumUrl" : "https://services.gradle.org/distributions/gradle-4.4-bin.zip.sha256",
  "wrapperChecksumUrl" : "https://services.gradle.org/distributions/gradle-4.4-wrapper.jar.sha256"
}, {
  "version" : "4.4-rc-6",
  "buildTime" : "20171204084815+0000",
  "current" : false,
  "snapshot" : false,
  "nightly" : false,
  "releaseNightly" : false,
  "activeRc" : false,
  "rcFor" : "4.4",
  "milestoneFor" : "",
  "broken" : false,
  "downloadUrl" : "https://services.gradle.org/distributions/gradle-4.4-rc-6-bin.zip",
  "checksumUrl" : "https://services.gradle.org/distributions/gradle-4.4-rc-6-bin.zip.sha256"
}, {
  "version" : "4.4-rc-5",
  "buildTime" : "20171130152137+0000",
  "current" : false,
  "snapshot" : false,
  "nightly" : false,
  "releaseNightly" : false,
  "activeRc" : false,
  "rcFor" : "4.4",
  "milestoneFor" : "",
  "broken" : false,
  "downloadUrl" : "https://services.gradle.org/distributions/gradle-4.4-rc-5-bin.zip",
  "checksumUrl" : "https://services.gradle.org/distributions/gradle-4.4-rc-5-bin.zip.sha256"
}, {
  "version" : "4.4-rc-4",
  "buildTime" : "20171128123659+0000",
  "current" : false,
  "snapshot" : false,
  "nightly" : false,
  "releaseNightly" : false,
  "activeRc" : false,
  "rcFor" : "4.4",
  "milestoneFor" : "",
  "broken" : false,
  "downloadUrl" : "https://services.gradle.org/distributions/gradle-4.4-rc-4-bin.zip",
  "checksumUrl" : "https://services.gradle.org/distributions/gradle-4.4-rc-4-bin.zip.sha256"
}, {
  "version" : "4.4-rc-3",
  "buildTime" : "20171127103138+0000",
  "current" : false,
  "snapshot" : false,
  "nightly" : false,
  "releaseNightly" : false,
  "activeRc" : false,
  "rcFor" : "4.4",
  "milestoneFor" : "",
  "broken" : false,
  "downloadUrl" : "https://services.gradle.org/distributions/gradle-4.4-rc-3-bin.zip",
  "checksumUrl" : "https://services.gradle.org/distributions/gradle-4.4-rc-3-bin.zip.sha256"
}, {
  "version" : "4.4-rc-2",
  "buildTime" : "20171124103528+0000",
  "current" : false,
  "snapshot" : false,
  "nightly" : false,
  "releaseNightly" : false,
  "activeRc" : false,
  "rcFor" : "4.4",
  "milestoneFor" : "",
  "broken" : false,
  "downloadUrl" : "https://services.gradle.org/distributions/gradle-4.4-rc-2-bin.zip",
  "checksumUrl" : "https://services.gradle.org/distributions/gradle-4.4-rc-2-bin.zip.sha256"
}, {
  "version" : "4.4-rc-1",
  "buildTime" : "20171121153105+0000",
  "current" : false,
  "snapshot" : false,
  "nightly" : false,
  "releaseNightly" : false,
  "activeRc" : false,
  "rcFor" : "4.4",
  "milestoneFor" : "",
  "broken" : false,
  "downloadUrl" : "https://services.gradle.org/distributions/gradle-4.4-rc-1-bin.zip",
  "checksumUrl" : "https://services.gradle.org/distributions/gradle-4.4-rc-1-bin.zip.sha256"
}, {
  "version" : "4.3.1",
  "buildTime" : "20171108085945+0000",
  "current" : false,
  "snapshot" : false,
  "nightly" : false,
  "releaseNightly" : false,
  "activeRc" : false,
  "rcFor" : "",
  "milestoneFor" : "",
  "broken" : false,
  "downloadUrl" : "https://services.gradle.org/distributions/gradle-4.3.1-bin.zip",
  "checksumUrl" : "https://services.gradle.org/distributions/gradle-4.3.1-bin.zip.sha256",
  "wrapperChecksumUrl" : "https://services.gradle.org/distributions/gradle-4.3.1-wrapper.jar.sha256"
}, {
  "version" : "4.3",
  "buildTime" : "20171030154329+0000",
  "current" : false,
  "snapshot" : false,
  "nightly" : false,
  "releaseNightly" : false,
  "activeRc" : false,
  "rcFor" : "",
  "milestoneFor" : "",
  "broken" : false,
  "downloadUrl" : "https://services.gradle.org/distributions/gradle-4.3-bin.zip",
  "checksumUrl" : "https://services.gradle.org/distributions/gradle-4.3-bin.zip.sha256",
  "wrapperChecksumUrl" : "https://services.gradle.org/distributions/gradle-4.3-wrapper.jar.sha256"
}, {
  "version" : "4.3-rc-4",
  "buildTime" : "20171026162557+0000",
  "current" : false,
  "snapshot" : false,
  "nightly" : false,
  "releaseNightly" : false,
  "activeRc" : false,
  "rcFor" : "4.3",
  "milestoneFor" : "",
  "broken" : false,
  "downloadUrl" : "https://services.gradle.org/distributions/gradle-4.3-rc-4-bin.zip",
  "checksumUrl" : "https://services.gradle.org/distributions/gradle-4.3-rc-4-bin.zip.sha256"
}, {
  "version" : "4.3-rc-3",
  "buildTime" : "20171024142633+0000",
  "current" : false,
  "snapshot" : false,
  "nightly" : false,
  "releaseNightly" : false,
  "activeRc" : false,
  "rcFor" : "4.3",
  "milestoneFor" : "",
  "broken" : false,
  "downloadUrl" : "https://services.gradle.org/distributions/gradle-4.3-rc-3-bin.zip",
  "checksumUrl" : "https://services.gradle.org/distributions/gradle-4.3-rc-3-bin.zip.sha256"
}, {
  "version" : "4.3-rc-2",
  "buildTime" : "20171018073714+0000",
  "current" : false,
  "snapshot" : false,
  "nightly" : false,
  "releaseNightly" : false,
  "activeRc" : false,
  "rcFor" : "4.3",
  "milestoneFor" : "",
  "broken" : false,
  "downloadUrl" : "https://services.gradle.org/distributions/gradle-4.3-rc-2-bin.zip",
  "checksumUrl" : "https://services.gradle.org/distributions/gradle-4.3-rc-2-bin.zip.sha256"
}, {
  "version" : "4.3-rc-1",
  "buildTime" : "20171012161416+0000",
  "current" : false,
  "snapshot" : false,
  "nightly" : false,
  "releaseNightly" : false,
  "activeRc" : false,
  "rcFor" : "4.3",
  "milestoneFor" : "",
  "broken" : false,
  "downloadUrl" : "https://services.gradle.org/distributions/gradle-4.3-rc-1-bin.zip",
  "checksumUrl" : "https://services.gradle.org/distributions/gradle-4.3-rc-1-bin.zip.sha256"
}, {
  "version" : "4.2.1",
  "buildTime" : "20171002153621+0000",
  "current" : false,
  "snapshot" : false,
  "nightly" : false,
  "releaseNightly" : false,
  "activeRc" : false,
  "rcFor" : "",
  "milestoneFor" : "",
  "broken" : false,
  "downloadUrl" : "https://services.gradle.org/distributions/gradle-4.2.1-bin.zip",
  "checksumUrl" : "https://services.gradle.org/distributions/gradle-4.2.1-bin.zip.sha256",
  "wrapperChecksumUrl" : "https://services.gradle.org/distributions/gradle-4.2.1-wrapper.jar.sha256"
}, {
  "version" : "4.2",
  "buildTime" : "20170920144823+0000",
  "current" : false,
  "snapshot" : false,
  "nightly" : false,
  "releaseNightly" : false,
  "activeRc" : false,
  "rcFor" : "",
  "milestoneFor" : "",
  "broken" : false,
  "downloadUrl" : "https://services.gradle.org/distributions/gradle-4.2-bin.zip",
  "checksumUrl" : "https://services.gradle.org/distributions/gradle-4.2-bin.zip.sha256",
  "wrapperChecksumUrl" : "https://services.gradle.org/distributions/gradle-4.2-wrapper.jar.sha256"
}, {
  "version" : "4.2-rc-2",
  "buildTime" : "20170913122310+0000",
  "current" : false,
  "snapshot" : false,
  "nightly" : false,
  "releaseNightly" : false,
  "activeRc" : false,
  "rcFor" : "4.2",
  "milestoneFor" : "",
  "broken" : false,
  "downloadUrl" : "https://services.gradle.org/distributions/gradle-4.2-rc-2-bin.zip",
  "checksumUrl" : "https://services.gradle.org/distributions/gradle-4.2-rc-2-bin.zip.sha256"
}, {
  "version" : "4.2-rc-1",
  "buildTime" : "20170907081216+0000",
  "current" : false,
  "snapshot" : false,
  "nightly" : false,
  "releaseNightly" : false,
  "activeRc" : false,
  "rcFor" : "4.2",
  "milestoneFor" : "",
  "broken" : false,
  "downloadUrl" : "https://services.gradle.org/distributions/gradle-4.2-rc-1-bin.zip",
  "checksumUrl" : "https://services.gradle.org/distributions/gradle-4.2-rc-1-bin.zip.sha256"
}, {
  "version" : "4.1",
  "buildTime" : "20170807143848+0000",
  "current" : false,
  "snapshot" : false,
  "nightly" : false,
  "releaseNightly" : false,
  "activeRc" : false,
  "rcFor" : "",
  "milestoneFor" : "",
  "broken" : false,
  "downloadUrl" : "https://services.gradle.org/distributions/gradle-4.1-bin.zip",
  "checksumUrl" : "https://services.gradle.org/distributions/gradle-4.1-bin.zip.sha256",
  "wrapperChecksumUrl" : "https://services.gradle.org/distributions/gradle-4.1-wrapper.jar.sha256"
}, {
  "version" : "4.1-rc-2",
  "buildTime" : "20170731142943+0000",
  "current" : false,
  "snapshot" : false,
  "nightly" : false,
  "releaseNightly" : false,
  "activeRc" : false,
  "rcFor" : "4.1",
  "milestoneFor" : "",
  "broken" : false,
  "downloadUrl" : "https://services.gradle.org/distributions/gradle-4.1-rc-2-bin.zip",
  "checksumUrl" : "https://services.gradle.org/distributions/gradle-4.1-rc-2-bin.zip.sha256"
}, {
  "version" : "4.0.2",
  "buildTime" : "20170726161918+0000",
  "current" : false,
  "snapshot" : false,
  "nightly" : false,
  "releaseNightly" : false,
  "activeRc" : false,
  "rcFor" : "",
  "milestoneFor" : "",
  "broken" : false,
  "downloadUrl" : "https://services.gradle.org/distributions/gradle-4.0.2-bin.zip",
  "checksumUrl" : "https://services.gradle.org/distributions/gradle-4.0.2-bin.zip.sha256"
}, {
  "version" : "4.1-rc-1",
  "buildTime" : "20170720152215+0000",
  "current" : false,
  "snapshot" : false,
  "nightly" : false,
  "releaseNightly" : false,
  "activeRc" : false,
  "rcFor" : "4.1",
  "milestoneFor" : "",
  "broken" : false,
  "downloadUrl" : "https://services.gradle.org/distributions/gradle-4.1-rc-1-bin.zip",
  "checksumUrl" : "https://services.gradle.org/distributions/gradle-4.1-rc-1-bin.zip.sha256"
}, {
  "version" : "4.0.1",
  "buildTime" : "20170707140241+0000",
  "current" : false,
  "snapshot" : false,
  "nightly" : false,
  "releaseNightly" : false,
  "activeRc" : false,
  "rcFor" : "",
  "milestoneFor" : "",
  "broken" : false,
  "downloadUrl" : "https://services.gradle.org/distributions/gradle-4.0.1-bin.zip",
  "checksumUrl" : "https://services.gradle.org/distributions/gradle-4.0.1-bin.zip.sha256"
}, {
  "version" : "4.1-milestone-1",
  "buildTime" : "20170620170546+0000",
  "current" : false,
  "snapshot" : false,
  "nightly" : false,
  "releaseNightly" : false,
  "activeRc" : false,
  "rcFor" : "",
  "milestoneFor" : "4.1",
  "broken" : false,
  "downloadUrl" : "https://services.gradle.org/distributions/gradle-4.1-milestone-1-bin.zip",
  "checksumUrl" : "https://services.gradle.org/distributions/gradle-4.1-milestone-1-bin.zip.sha256"
}, {
  "version" : "3.5.1",
  "buildTime" : "20170616143627+0000",
  "current" : false,
  "snapshot" : false,
  "nightly" : false,
  "releaseNightly" : false,
  "activeRc" : false,
  "rcFor" : "",
  "milestoneFor" : "",
  "broken" : false,
  "downloadUrl" : "https://services.gradle.org/distributions/gradle-3.5.1-bin.zip",
  "checksumUrl" : "https://services.gradle.org/distributions/gradle-3.5.1-bin.zip.sha256"
}, {
  "version" : "4.0",
  "buildTime" : "20170614151108+0000",
  "current" : false,
  "snapshot" : false,
  "nightly" : false,
  "releaseNightly" : false,
  "activeRc" : false,
  "rcFor" : "",
  "milestoneFor" : "",
  "broken" : false,
  "downloadUrl" : "https://services.gradle.org/distributions/gradle-4.0-bin.zip",
  "checksumUrl" : "https://services.gradle.org/distributions/gradle-4.0-bin.zip.sha256"
}, {
  "version" : "4.0-rc-3",
  "buildTime" : "20170612150444+0000",
  "current" : false,
  "snapshot" : false,
  "nightly" : false,
  "releaseNightly" : false,
  "activeRc" : false,
  "rcFor" : "4.0",
  "milestoneFor" : "",
  "broken" : false,
  "downloadUrl" : "https://services.gradle.org/distributions/gradle-4.0-rc-3-bin.zip",
  "checksumUrl" : "https://services.gradle.org/distributions/gradle-4.0-rc-3-bin.zip.sha256"
}, {
  "version" : "4.0-rc-2",
  "buildTime" : "20170607152236+0000",
  "current" : false,
  "snapshot" : false,
  "nightly" : false,
  "releaseNightly" : false,
  "activeRc" : false,
  "rcFor" : "4.0",
  "milestoneFor" : "",
  "broken" : false,
  "downloadUrl" : "https://services.gradle.org/distributions/gradle-4.0-rc-2-bin.zip",
  "checksumUrl" : "https://services.gradle.org/distributions/gradle-4.0-rc-2-bin.zip.sha256"
}, {
  "version" : "4.0-rc-1",
  "buildTime" : "20170530162617+0000",
  "current" : false,
  "snapshot" : false,
  "nightly" : false,
  "releaseNightly" : false,
  "activeRc" : false,
  "rcFor" : "4.0",
  "milestoneFor" : "",
  "broken" : false,
  "downloadUrl" : "https://services.gradle.org/distributions/gradle-4.0-rc-1-bin.zip",
  "checksumUrl" : "https://services.gradle.org/distributions/gradle-4.0-rc-1-bin.zip.sha256"
}, {
  "version" : "4.0-milestone-2",
  "buildTime" : "20170517143324+0000",
  "current" : false,
  "snapshot" : false,
  "nightly" : false,
  "releaseNightly" : false,
  "activeRc" : false,
  "rcFor" : "",
  "milestoneFor" : "4.0",
  "broken" : false,
  "downloadUrl" : "https://services.gradle.org/distributions/gradle-4.0-milestone-2-bin.zip",
  "checksumUrl" : "https://services.gradle.org/distributions/gradle-4.0-milestone-2-bin.zip.sha256"
}, {
  "version" : "4.0-milestone-1",
  "buildTime" : "20170428074509+0000",
  "current" : false,
  "snapshot" : false,
  "nightly" : false,
  "releaseNightly" : false,
  "activeRc" : false,
  "rcFor" : "",
  "milestoneFor" : "4.0",
  "broken" : false,
  "downloadUrl" : "https://services.gradle.org/distributions/gradle-4.0-milestone-1-bin.zip",
  "checksumUrl" : "https://services.gradle.org/distributions/gradle-4.0-milestone-1-bin.zip.sha256"
}, {
  "version" : "3.5",
  "buildTime" : "20170410133725+0000",
  "current" : false,
  "snapshot" : false,
  "nightly" : false,
  "releaseNightly" : false,
  "activeRc" : false,
  "rcFor" : "",
  "milestoneFor" : "",
  "broken" : false,
  "downloadUrl" : "https://services.gradle.org/distributions/gradle-3.5-bin.zip",
  "checksumUrl" : "https://services.gradle.org/distributions/gradle-3.5-bin.zip.sha256"
}, {
  "version" : "3.5-rc-3",
  "buildTime" : "20170404150413+0000",
  "current" : false,
  "snapshot" : false,
  "nightly" : false,
  "releaseNightly" : false,
  "activeRc" : false,
  "rcFor" : "3.5",
  "milestoneFor" : "",
  "broken" : false,
  "downloadUrl" : "https://services.gradle.org/distributions/gradle-3.5-rc-3-bin.zip",
  "checksumUrl" : "https://services.gradle.org/distributions/gradle-3.5-rc-3-bin.zip.sha256"
}, {
  "version" : "3.5-rc-2",
  "buildTime" : "20170327155623+0000",
  "current" : false,
  "snapshot" : false,
  "nightly" : false,
  "releaseNightly" : false,
  "activeRc" : false,
  "rcFor" : "3.5",
  "milestoneFor" : "",
  "broken" : false,
  "downloadUrl" : "https://services.gradle.org/distributions/gradle-3.5-rc-2-bin.zip",
  "checksumUrl" : "https://services.gradle.org/distributions/gradle-3.5-rc-2-bin.zip.sha256"
}, {
  "version" : "3.5-rc-1",
  "buildTime" : "20170322151607+0000",
  "current" : false,
  "snapshot" : false,
  "nightly" : false,
  "releaseNightly" : false,
  "activeRc" : false,
  "rcFor" : "3.5",
  "milestoneFor" : "",
  "broken" : false,
  "downloadUrl" : "https://services.gradle.org/distributions/gradle-3.5-rc-1-bin.zip",
  "checksumUrl" : "https://services.gradle.org/distributions/gradle-3.5-rc-1-bin.zip.sha256"
}, {
  "version" : "3.4.1",
  "buildTime" : "20170303194541+0000",
  "current" : false,
  "snapshot" : false,
  "nightly" : false,
  "releaseNightly" : false,
  "activeRc" : false,
  "rcFor" : "",
  "milestoneFor" : "",
  "broken" : false,
  "downloadUrl" : "https://services.gradle.org/distributions/gradle-3.4.1-bin.zip",
  "checksumUrl" : "https://services.gradle.org/distributions/gradle-3.4.1-bin.zip.sha256"
}, {
  "version" : "3.4",
  "buildTime" : "20170220144926+0000",
  "current" : false,
  "snapshot" : false,
  "nightly" : false,
  "releaseNightly" : false,
  "activeRc" : false,
  "rcFor" : "",
  "milestoneFor" : "",
  "broken" : false,
  "downloadUrl" : "https://services.gradle.org/distributions/gradle-3.4-bin.zip",
  "checksumUrl" : "https://services.gradle.org/distributions/gradle-3.4-bin.zip.sha256"
}, {
  "version" : "3.4-rc-3",
  "buildTime" : "20170213145527+0000",
  "current" : false,
  "snapshot" : false,
  "nightly" : false,
  "releaseNightly" : false,
  "activeRc" : false,
  "rcFor" : "3.4",
  "milestoneFor" : "",
  "broken" : false,
  "downloadUrl" : "https://services.gradle.org/distributions/gradle-3.4-rc-3-bin.zip",
  "checksumUrl" : "https://services.gradle.org/distributions/gradle-3.4-rc-3-bin.zip.sha256"
}, {
  "version" : "3.4-rc-2",
  "buildTime" : "20170206211728+0000",
  "current" : false,
  "snapshot" : false,
  "nightly" : false,
  "releaseNightly" : false,
  "activeRc" : false,
  "rcFor" : "3.4",
  "milestoneFor" : "",
  "broken" : false,
  "downloadUrl" : "https://services.gradle.org/distributions/gradle-3.4-rc-2-bin.zip",
  "checksumUrl" : "https://services.gradle.org/distributions/gradle-3.4-rc-2-bin.zip.sha256"
}, {
  "version" : "3.4-rc-1",
  "buildTime" : "20170126154849+0000",
  "current" : false,
  "snapshot" : false,
  "nightly" : false,
  "releaseNightly" : false,
  "activeRc" : false,
  "rcFor" : "3.4",
  "milestoneFor" : "",
  "broken" : false,
  "downloadUrl" : "https://services.gradle.org/distributions/gradle-3.4-rc-1-bin.zip",
  "checksumUrl" : "https://services.gradle.org/distributions/gradle-3.4-rc-1-bin.zip.sha256"
}, {
  "version" : "3.3",
  "buildTime" : "20170103153104+0000",
  "current" : false,
  "snapshot" : false,
  "nightly" : false,
  "releaseNightly" : false,
  "activeRc" : false,
  "rcFor" : "",
  "milestoneFor" : "",
  "broken" : false,
  "downloadUrl" : "https://services.gradle.org/distributions/gradle-3.3-bin.zip",
  "checksumUrl" : "https://services.gradle.org/distributions/gradle-3.3-bin.zip.sha256"
}, {
  "version" : "3.3-rc-1",
  "buildTime" : "20161219160724+0000",
  "current" : false,
  "snapshot" : false,
  "nightly" : false,
  "releaseNightly" : false,
  "activeRc" : false,
  "rcFor" : "3.3",
  "milestoneFor" : "",
  "broken" : false,
  "downloadUrl" : "https://services.gradle.org/distributions/gradle-3.3-rc-1-bin.zip",
  "checksumUrl" : "https://services.gradle.org/distributions/gradle-3.3-rc-1-bin.zip.sha256"
}, {
  "version" : "3.2.1",
  "buildTime" : "20161122151954+0000",
  "current" : false,
  "snapshot" : false,
  "nightly" : false,
  "releaseNightly" : false,
  "activeRc" : false,
  "rcFor" : "",
  "milestoneFor" : "",
  "broken" : false,
  "downloadUrl" : "https://services.gradle.org/distributions/gradle-3.2.1-bin.zip",
  "checksumUrl" : "https://services.gradle.org/distributions/gradle-3.2.1-bin.zip.sha256",
  "wrapperChecksumUrl" : "https://services.gradle.org/distributions/gradle-3.2.1-wrapper.jar.sha256"
}, {
  "version" : "3.2",
  "buildTime" : "20161114123259+0000",
  "current" : false,
  "snapshot" : false,
  "nightly" : false,
  "releaseNightly" : false,
  "activeRc" : false,
  "rcFor" : "",
  "milestoneFor" : "",
  "broken" : false,
  "downloadUrl" : "https://services.gradle.org/distributions/gradle-3.2-bin.zip",
  "checksumUrl" : "https://services.gradle.org/distributions/gradle-3.2-bin.zip.sha256",
  "wrapperChecksumUrl" : "https://services.gradle.org/distributions/gradle-3.2-wrapper.jar.sha256"
}, {
  "version" : "3.2-rc-3",
  "buildTime" : "20161107153233+0000",
  "current" : false,
  "snapshot" : false,
  "nightly" : false,
  "releaseNightly" : false,
  "activeRc" : false,
  "rcFor" : "3.2",
  "milestoneFor" : "",
  "broken" : false,
  "downloadUrl" : "https://services.gradle.org/distributions/gradle-3.2-rc-3-bin.zip",
  "checksumUrl" : "https://services.gradle.org/distributions/gradle-3.2-rc-3-bin.zip.sha256"
}, {
  "version" : "3.2-rc-2",
  "buildTime" : "20161031160822+0000",
  "current" : false,
  "snapshot" : false,
  "nightly" : false,
  "releaseNightly" : false,
  "activeRc" : false,
  "rcFor" : "3.2",
  "milestoneFor" : "",
  "broken" : false,
  "downloadUrl" : "https://services.gradle.org/distributions/gradle-3.2-rc-2-bin.zip",
  "checksumUrl" : "https://services.gradle.org/distributions/gradle-3.2-rc-2-bin.zip.sha256"
}, {
  "version" : "3.2-rc-1",
  "buildTime" : "20161024194725+0000",
  "current" : false,
  "snapshot" : false,
  "nightly" : false,
  "releaseNightly" : false,
  "activeRc" : false,
  "rcFor" : "3.2",
  "milestoneFor" : "",
  "broken" : false,
  "downloadUrl" : "https://services.gradle.org/distributions/gradle-3.2-rc-1-bin.zip",
  "checksumUrl" : "https://services.gradle.org/distributions/gradle-3.2-rc-1-bin.zip.sha256"
}, {
  "version" : "3.1",
  "buildTime" : "20160919105353+0000",
  "current" : false,
  "snapshot" : false,
  "nightly" : false,
  "releaseNightly" : false,
  "activeRc" : false,
  "rcFor" : "",
  "milestoneFor" : "",
  "broken" : false,
  "downloadUrl" : "https://services.gradle.org/distributions/gradle-3.1-bin.zip",
  "checksumUrl" : "https://services.gradle.org/distributions/gradle-3.1-bin.zip.sha256",
  "wrapperChecksumUrl" : "https://services.gradle.org/distributions/gradle-3.1-wrapper.jar.sha256"
}, {
  "version" : "3.1-rc-1",
  "buildTime" : "20160912123424+0000",
  "current" : false,
  "snapshot" : false,
  "nightly" : false,
  "releaseNightly" : false,
  "activeRc" : false,
  "rcFor" : "3.1",
  "milestoneFor" : "",
  "broken" : false,
  "downloadUrl" : "https://services.gradle.org/distributions/gradle-3.1-rc-1-bin.zip",
  "checksumUrl" : "https://services.gradle.org/distributions/gradle-3.1-rc-1-bin.zip.sha256"
}, {
  "version" : "3.0",
  "buildTime" : "20160815131501+0000",
  "current" : false,
  "snapshot" : false,
  "nightly" : false,
  "releaseNightly" : false,
  "activeRc" : false,
  "rcFor" : "",
  "milestoneFor" : "",
  "broken" : false,
  "downloadUrl" : "https://services.gradle.org/distributions/gradle-3.0-bin.zip",
  "checksumUrl" : "https://services.gradle.org/distributions/gradle-3.0-bin.zip.sha256",
  "wrapperChecksumUrl" : "https://services.gradle.org/distributions/gradle-3.0-wrapper.jar.sha256"
}, {
  "version" : "3.0-rc-2",
  "buildTime" : "20160808133410+0000",
  "current" : false,
  "snapshot" : false,
  "nightly" : false,
  "releaseNightly" : false,
  "activeRc" : false,
  "rcFor" : "3.0",
  "milestoneFor" : "",
  "broken" : false,
  "downloadUrl" : "https://services.gradle.org/distributions/gradle-3.0-rc-2-bin.zip",
  "checksumUrl" : "https://services.gradle.org/distributions/gradle-3.0-rc-2-bin.zip.sha256"
}, {
  "version" : "3.0-rc-1",
  "buildTime" : "20160802061335+0000",
  "current" : false,
  "snapshot" : false,
  "nightly" : false,
  "releaseNightly" : false,
  "activeRc" : false,
  "rcFor" : "3.0",
  "milestoneFor" : "",
  "broken" : false,
  "downloadUrl" : "https://services.gradle.org/distributions/gradle-3.0-rc-1-bin.zip",
  "checksumUrl" : "https://services.gradle.org/distributions/gradle-3.0-rc-1-bin.zip.sha256"
}, {
  "version" : "2.14.1",
  "buildTime" : "20160718063837+0000",
  "current" : false,
  "snapshot" : false,
  "nightly" : false,
  "releaseNightly" : false,
  "activeRc" : false,
  "rcFor" : "",
  "milestoneFor" : "",
  "broken" : false,
  "downloadUrl" : "https://services.gradle.org/distributions/gradle-2.14.1-bin.zip",
  "checksumUrl" : "https://services.gradle.org/distributions/gradle-2.14.1-bin.zip.sha256",
  "wrapperChecksumUrl" : "https://services.gradle.org/distributions/gradle-2.14.1-wrapper.jar.sha256"
}, {
  "version" : "2.14.1-rc-2",
  "buildTime" : "20160711105827+0000",
  "current" : false,
  "snapshot" : false,
  "nightly" : false,
  "releaseNightly" : false,
  "activeRc" : false,
  "rcFor" : "2.14.1",
  "milestoneFor" : "",
  "broken" : false,
  "downloadUrl" : "https://services.gradle.org/distributions/gradle-2.14.1-rc-2-bin.zip",
  "checksumUrl" : "https://services.gradle.org/distributions/gradle-2.14.1-rc-2-bin.zip.sha256"
}, {
  "version" : "2.14.1-rc-1",
  "buildTime" : "20160629051303+0000",
  "current" : false,
  "snapshot" : false,
  "nightly" : false,
  "releaseNightly" : false,
  "activeRc" : false,
  "rcFor" : "2.14.1",
  "milestoneFor" : "",
  "broken" : false,
  "downloadUrl" : "https://services.gradle.org/distributions/gradle-2.14.1-rc-1-bin.zip",
  "checksumUrl" : "https://services.gradle.org/distributions/gradle-2.14.1-rc-1-bin.zip.sha256"
}, {
  "version" : "3.0-milestone-2",
  "buildTime" : "20160621224128+0000",
  "current" : false,
  "snapshot" : false,
  "nightly" : false,
  "releaseNightly" : false,
  "activeRc" : false,
  "rcFor" : "",
  "milestoneFor" : "3.0",
  "broken" : false,
  "downloadUrl" : "https://services.gradle.org/distributions/gradle-3.0-milestone-2-bin.zip",
  "checksumUrl" : "https://services.gradle.org/distributions/gradle-3.0-milestone-2-bin.zip.sha256"
}, {
  "version" : "2.14",
  "buildTime" : "20160614071637+0000",
  "current" : false,
  "snapshot" : false,
  "nightly" : false,
  "releaseNightly" : false,
  "activeRc" : false,
  "rcFor" : "",
  "milestoneFor" : "",
  "broken" : false,
  "downloadUrl" : "https://services.gradle.org/distributions/gradle-2.14-bin.zip",
  "checksumUrl" : "https://services.gradle.org/distributions/gradle-2.14-bin.zip.sha256",
  "wrapperChecksumUrl" : "https://services.gradle.org/distributions/gradle-2.14-wrapper.jar.sha256"
}, {
  "version" : "2.14-rc-6",
  "buildTime" : "20160610181946+0000",
  "current" : false,
  "snapshot" : false,
  "nightly" : false,
  "releaseNightly" : false,
  "activeRc" : false,
  "rcFor" : "2.14",
  "milestoneFor" : "",
  "broken" : false,
  "downloadUrl" : "https://services.gradle.org/distributions/gradle-2.14-rc-6-bin.zip",
  "checksumUrl" : "https://services.gradle.org/distributions/gradle-2.14-rc-6-bin.zip.sha256"
}, {
  "version" : "3.0-milestone-1",
  "buildTime" : "20160608013148+0000",
  "current" : false,
  "snapshot" : false,
  "nightly" : false,
  "releaseNightly" : false,
  "activeRc" : false,
  "rcFor" : "",
  "milestoneFor" : "3.0",
  "broken" : false,
  "downloadUrl" : "https://services.gradle.org/distributions/gradle-3.0-milestone-1-bin.zip",
  "checksumUrl" : "https://services.gradle.org/distributions/gradle-3.0-milestone-1-bin.zip.sha256"
}, {
  "version" : "2.14-rc-5",
  "buildTime" : "20160607135817+0000",
  "current" : false,
  "snapshot" : false,
  "nightly" : false,
  "releaseNightly" : false,
  "activeRc" : false,
  "rcFor" : "2.14",
  "milestoneFor" : "",
  "broken" : false,
  "downloadUrl" : "https://services.gradle.org/distributions/gradle-2.14-rc-5-bin.zip",
  "checksumUrl" : "https://services.gradle.org/distributions/gradle-2.14-rc-5-bin.zip.sha256"
}, {
  "version" : "2.14-rc-4",
  "buildTime" : "20160603110827+0000",
  "current" : false,
  "snapshot" : false,
  "nightly" : false,
  "releaseNightly" : false,
  "activeRc" : false,
  "rcFor" : "2.14",
  "milestoneFor" : "",
  "broken" : false,
  "downloadUrl" : "https://services.gradle.org/distributions/gradle-2.14-rc-4-bin.zip",
  "checksumUrl" : "https://services.gradle.org/distributions/gradle-2.14-rc-4-bin.zip.sha256"
}, {
  "version" : "2.14-rc-3",
  "buildTime" : "20160530112111+0000",
  "current" : false,
  "snapshot" : false,
  "nightly" : false,
  "releaseNightly" : false,
  "activeRc" : false,
  "rcFor" : "2.14",
  "milestoneFor" : "",
  "broken" : false,
  "downloadUrl" : "https://services.gradle.org/distributions/gradle-2.14-rc-3-bin.zip",
  "checksumUrl" : "https://services.gradle.org/distributions/gradle-2.14-rc-3-bin.zip.sha256"
}, {
  "version" : "2.14-rc-2",
  "buildTime" : "20160527175624+0000",
  "current" : false,
  "snapshot" : false,
  "nightly" : false,
  "releaseNightly" : false,
  "activeRc" : false,
  "rcFor" : "2.14",
  "milestoneFor" : "",
  "broken" : false,
  "downloadUrl" : "https://services.gradle.org/distributions/gradle-2.14-rc-2-bin.zip",
  "checksumUrl" : "https://services.gradle.org/distributions/gradle-2.14-rc-2-bin.zip.sha256"
}, {
  "version" : "2.14-rc-1",
  "buildTime" : "20160518093824+0000",
  "current" : false,
  "snapshot" : false,
  "nightly" : false,
  "releaseNightly" : false,
  "activeRc" : false,
  "rcFor" : "2.14",
  "milestoneFor" : "",
  "broken" : false,
  "downloadUrl" : "https://services.gradle.org/distributions/gradle-2.14-rc-1-bin.zip",
  "checksumUrl" : "https://services.gradle.org/distributions/gradle-2.14-rc-1-bin.zip.sha256"
}, {
  "version" : "2.13",
  "buildTime" : "20160425041010+0000",
  "current" : false,
  "snapshot" : false,
  "nightly" : false,
  "releaseNightly" : false,
  "activeRc" : false,
  "rcFor" : "",
  "milestoneFor" : "",
  "broken" : false,
  "downloadUrl" : "https://services.gradle.org/distributions/gradle-2.13-bin.zip",
  "checksumUrl" : "https://services.gradle.org/distributions/gradle-2.13-bin.zip.sha256",
  "wrapperChecksumUrl" : "https://services.gradle.org/distributions/gradle-2.13-wrapper.jar.sha256"
}, {
  "version" : "2.13-rc-2",
  "buildTime" : "20160419145240+0000",
  "current" : false,
  "snapshot" : false,
  "nightly" : false,
  "releaseNightly" : false,
  "activeRc" : false,
  "rcFor" : "2.13",
  "milestoneFor" : "",
  "broken" : false,
  "downloadUrl" : "https://services.gradle.org/distributions/gradle-2.13-rc-2-bin.zip",
  "checksumUrl" : "https://services.gradle.org/distributions/gradle-2.13-rc-2-bin.zip.sha256"
}, {
  "version" : "2.13-rc-1",
  "buildTime" : "20160406110211+0000",
  "current" : false,
  "snapshot" : false,
  "nightly" : false,
  "releaseNightly" : false,
  "activeRc" : false,
  "rcFor" : "2.13",
  "milestoneFor" : "",
  "broken" : false,
  "downloadUrl" : "https://services.gradle.org/distributions/gradle-2.13-rc-1-bin.zip",
  "checksumUrl" : "https://services.gradle.org/distributions/gradle-2.13-rc-1-bin.zip.sha256"
}, {
  "version" : "2.12",
  "buildTime" : "20160314083203+0000",
  "current" : false,
  "snapshot" : false,
  "nightly" : false,
  "releaseNightly" : false,
  "activeRc" : false,
  "rcFor" : "",
  "milestoneFor" : "",
  "broken" : false,
  "downloadUrl" : "https://services.gradle.org/distributions/gradle-2.12-bin.zip",
  "checksumUrl" : "https://services.gradle.org/distributions/gradle-2.12-bin.zip.sha256",
  "wrapperChecksumUrl" : "https://services.gradle.org/distributions/gradle-2.12-wrapper.jar.sha256"
}, {
  "version" : "2.12-rc-1",
  "buildTime" : "20160307174118+0000",
  "current" : false,
  "snapshot" : false,
  "nightly" : false,
  "releaseNightly" : false,
  "activeRc" : false,
  "rcFor" : "2.12",
  "milestoneFor" : "",
  "broken" : false,
  "downloadUrl" : "https://services.gradle.org/distributions/gradle-2.12-rc-1-bin.zip",
  "checksumUrl" : "https://services.gradle.org/distributions/gradle-2.12-rc-1-bin.zip.sha256"
}, {
  "version" : "2.11",
  "buildTime" : "20160208075916+0000",
  "current" : false,
  "snapshot" : false,
  "nightly" : false,
  "releaseNightly" : false,
  "activeRc" : false,
  "rcFor" : "",
  "milestoneFor" : "",
  "broken" : false,
  "downloadUrl" : "https://services.gradle.org/distributions/gradle-2.11-bin.zip",
  "checksumUrl" : "https://services.gradle.org/distributions/gradle-2.11-bin.zip.sha256",
  "wrapperChecksumUrl" : "https://services.gradle.org/distributions/gradle-2.11-wrapper.jar.sha256"
}, {
  "version" : "2.11-rc-3",
  "buildTime" : "20160203190922+0000",
  "current" : false,
  "snapshot" : false,
  "nightly" : false,
  "releaseNightly" : false,
  "activeRc" : false,
  "rcFor" : "2.11",
  "milestoneFor" : "",
  "broken" : false,
  "downloadUrl" : "https://services.gradle.org/distributions/gradle-2.11-rc-3-bin.zip",
  "checksumUrl" : "https://services.gradle.org/distributions/gradle-2.11-rc-3-bin.zip.sha256"
}, {
  "version" : "2.11-rc-2",
  "buildTime" : "20160202162431+0000",
  "current" : false,
  "snapshot" : false,
  "nightly" : false,
  "releaseNightly" : false,
  "activeRc" : false,
  "rcFor" : "2.11",
  "milestoneFor" : "",
  "broken" : false,
  "downloadUrl" : "https://services.gradle.org/distributions/gradle-2.11-rc-2-bin.zip",
  "checksumUrl" : "https://services.gradle.org/distributions/gradle-2.11-rc-2-bin.zip.sha256"
}, {
  "version" : "2.11-rc-1",
  "buildTime" : "20160120084154+0000",
  "current" : false,
  "snapshot" : false,
  "nightly" : false,
  "releaseNightly" : false,
  "activeRc" : false,
  "rcFor" : "2.11",
  "milestoneFor" : "",
  "broken" : false,
  "downloadUrl" : "https://services.gradle.org/distributions/gradle-2.11-rc-1-bin.zip",
  "checksumUrl" : "https://services.gradle.org/distributions/gradle-2.11-rc-1-bin.zip.sha256"
}, {
  "version" : "2.10",
  "buildTime" : "20151221211504+0000",
  "current" : false,
  "snapshot" : false,
  "nightly" : false,
  "releaseNightly" : false,
  "activeRc" : false,
  "rcFor" : "",
  "milestoneFor" : "",
  "broken" : false,
  "downloadUrl" : "https://services.gradle.org/distributions/gradle-2.10-bin.zip",
  "checksumUrl" : "https://services.gradle.org/distributions/gradle-2.10-bin.zip.sha256",
  "wrapperChecksumUrl" : "https://services.gradle.org/distributions/gradle-2.10-wrapper.jar.sha256"
}, {
  "version" : "2.10-rc-2",
  "buildTime" : "20151218164026+0000",
  "current" : false,
  "snapshot" : false,
  "nightly" : false,
  "releaseNightly" : false,
  "activeRc" : false,
  "rcFor" : "2.10",
  "milestoneFor" : "",
  "broken" : false,
  "downloadUrl" : "https://services.gradle.org/distributions/gradle-2.10-rc-2-bin.zip",
  "checksumUrl" : "https://services.gradle.org/distributions/gradle-2.10-rc-2-bin.zip.sha256"
}, {
  "version" : "2.10-rc-1",
  "buildTime" : "20151208224811+0000",
  "current" : false,
  "snapshot" : false,
  "nightly" : false,
  "releaseNightly" : false,
  "activeRc" : false,
  "rcFor" : "2.10",
  "milestoneFor" : "",
  "broken" : false,
  "downloadUrl" : "https://services.gradle.org/distributions/gradle-2.10-rc-1-bin.zip",
  "checksumUrl" : "https://services.gradle.org/distributions/gradle-2.10-rc-1-bin.zip.sha256"
}, {
  "version" : "2.9",
  "buildTime" : "20151117070217+0000",
  "current" : false,
  "snapshot" : false,
  "nightly" : false,
  "releaseNightly" : false,
  "activeRc" : false,
  "rcFor" : "",
  "milestoneFor" : "",
  "broken" : false,
  "downloadUrl" : "https://services.gradle.org/distributions/gradle-2.9-bin.zip",
  "checksumUrl" : "https://services.gradle.org/distributions/gradle-2.9-bin.zip.sha256",
  "wrapperChecksumUrl" : "https://services.gradle.org/distributions/gradle-2.9-wrapper.jar.sha256"
}, {
  "version" : "2.9-rc-1",
  "buildTime" : "20151103230218+0000",
  "current" : false,
  "snapshot" : false,
  "nightly" : false,
  "releaseNightly" : false,
  "activeRc" : false,
  "rcFor" : "2.9",
  "milestoneFor" : "",
  "broken" : false,
  "downloadUrl" : "https://services.gradle.org/distributions/gradle-2.9-rc-1-bin.zip",
  "checksumUrl" : "https://services.gradle.org/distributions/gradle-2.9-rc-1-bin.zip.sha256"
}, {
  "version" : "2.8",
  "buildTime" : "20151020034636+0000",
  "current" : false,
  "snapshot" : false,
  "nightly" : false,
  "releaseNightly" : false,
  "activeRc" : false,
  "rcFor" : "",
  "milestoneFor" : "",
  "broken" : false,
  "downloadUrl" : "https://services.gradle.org/distributions/gradle-2.8-bin.zip",
  "checksumUrl" : "https://services.gradle.org/distributions/gradle-2.8-bin.zip.sha256",
  "wrapperChecksumUrl" : "https://services.gradle.org/distributions/gradle-2.8-wrapper.jar.sha256"
}, {
  "version" : "2.8-rc-2",
  "buildTime" : "20151015124208+0000",
  "current" : false,
  "snapshot" : false,
  "nightly" : false,
  "releaseNightly" : false,
  "activeRc" : false,
  "rcFor" : "2.8",
  "milestoneFor" : "",
  "broken" : false,
  "downloadUrl" : "https://services.gradle.org/distributions/gradle-2.8-rc-2-bin.zip",
  "checksumUrl" : "https://services.gradle.org/distributions/gradle-2.8-rc-2-bin.zip.sha256"
}, {
  "version" : "2.8-rc-1",
  "buildTime" : "20150930171102+0000",
  "current" : false,
  "snapshot" : false,
  "nightly" : false,
  "releaseNightly" : false,
  "activeRc" : false,
  "rcFor" : "2.8",
  "milestoneFor" : "",
  "broken" : false,
  "downloadUrl" : "https://services.gradle.org/distributions/gradle-2.8-rc-1-bin.zip",
  "checksumUrl" : "https://services.gradle.org/distributions/gradle-2.8-rc-1-bin.zip.sha256"
}, {
  "version" : "2.7",
  "buildTime" : "20150914072616+0000",
  "current" : false,
  "snapshot" : false,
  "nightly" : false,
  "releaseNightly" : false,
  "activeRc" : false,
  "rcFor" : "",
  "milestoneFor" : "",
  "broken" : false,
  "downloadUrl" : "https://services.gradle.org/distributions/gradle-2.7-bin.zip",
  "checksumUrl" : "https://services.gradle.org/distributions/gradle-2.7-bin.zip.sha256",
  "wrapperChecksumUrl" : "https://services.gradle.org/distributions/gradle-2.7-wrapper.jar.sha256"
}, {
  "version" : "2.7-rc-2",
  "buildTime" : "20150905140615+0000",
  "current" : false,
  "snapshot" : false,
  "nightly" : false,
  "releaseNightly" : false,
  "activeRc" : false,
  "rcFor" : "2.7",
  "milestoneFor" : "",
  "broken" : false,
  "downloadUrl" : "https://services.gradle.org/distributions/gradle-2.7-rc-2-bin.zip",
  "checksumUrl" : "https://services.gradle.org/distributions/gradle-2.7-rc-2-bin.zip.sha256"
}, {
  "version" : "2.7-rc-1",
  "buildTime" : "20150828140928+0000",
  "current" : false,
  "snapshot" : false,
  "nightly" : false,
  "releaseNightly" : false,
  "activeRc" : false,
  "rcFor" : "2.7",
  "milestoneFor" : "",
  "broken" : false,
  "downloadUrl" : "https://services.gradle.org/distributions/gradle-2.7-rc-1-bin.zip",
  "checksumUrl" : "https://services.gradle.org/distributions/gradle-2.7-rc-1-bin.zip.sha256"
}, {
  "version" : "2.6",
  "buildTime" : "20150810131506+0000",
  "current" : false,
  "snapshot" : false,
  "nightly" : false,
  "releaseNightly" : false,
  "activeRc" : false,
  "rcFor" : "",
  "milestoneFor" : "",
  "broken" : false,
  "downloadUrl" : "https://services.gradle.org/distributions/gradle-2.6-bin.zip",
  "checksumUrl" : "https://services.gradle.org/distributions/gradle-2.6-bin.zip.sha256",
  "wrapperChecksumUrl" : "https://services.gradle.org/distributions/gradle-2.6-wrapper.jar.sha256"
}, {
  "version" : "2.6-rc-2",
  "buildTime" : "20150804104806+0000",
  "current" : false,
  "snapshot" : false,
  "nightly" : false,
  "releaseNightly" : false,
  "activeRc" : false,
  "rcFor" : "2.6",
  "milestoneFor" : "",
  "broken" : false,
  "downloadUrl" : "https://services.gradle.org/distributions/gradle-2.6-rc-2-bin.zip",
  "checksumUrl" : "https://services.gradle.org/distributions/gradle-2.6-rc-2-bin.zip.sha256"
}, {
  "version" : "2.6-rc-1",
  "buildTime" : "20150728171643+0000",
  "current" : false,
  "snapshot" : false,
  "nightly" : false,
  "releaseNightly" : false,
  "activeRc" : false,
  "rcFor" : "2.6",
  "milestoneFor" : "",
  "broken" : false,
  "downloadUrl" : "https://services.gradle.org/distributions/gradle-2.6-rc-1-bin.zip",
  "checksumUrl" : "https://services.gradle.org/distributions/gradle-2.6-rc-1-bin.zip.sha256"
}, {
  "version" : "2.5",
  "buildTime" : "20150708073837+0000",
  "current" : false,
  "snapshot" : false,
  "nightly" : false,
  "releaseNightly" : false,
  "activeRc" : false,
  "rcFor" : "",
  "milestoneFor" : "",
  "broken" : false,
  "downloadUrl" : "https://services.gradle.org/distributions/gradle-2.5-bin.zip",
  "checksumUrl" : "https://services.gradle.org/distributions/gradle-2.5-bin.zip.sha256",
  "wrapperChecksumUrl" : "https://services.gradle.org/distributions/gradle-2.5-wrapper.jar.sha256"
}, {
  "version" : "2.5-rc-2",
  "buildTime" : "20150702151559+0000",
  "current" : false,
  "snapshot" : false,
  "nightly" : false,
  "releaseNightly" : false,
  "activeRc" : false,
  "rcFor" : "2.5",
  "milestoneFor" : "",
  "broken" : false,
  "downloadUrl" : "https://services.gradle.org/distributions/gradle-2.5-rc-2-bin.zip",
  "checksumUrl" : "https://services.gradle.org/distributions/gradle-2.5-rc-2-bin.zip.sha256"
}, {
  "version" : "2.5-rc-1",
  "buildTime" : "20150623180452+0000",
  "current" : false,
  "snapshot" : false,
  "nightly" : false,
  "releaseNightly" : false,
  "activeRc" : false,
  "rcFor" : "2.5",
  "milestoneFor" : "",
  "broken" : false,
  "downloadUrl" : "https://services.gradle.org/distributions/gradle-2.5-rc-1-bin.zip",
  "checksumUrl" : "https://services.gradle.org/distributions/gradle-2.5-rc-1-bin.zip.sha256"
}, {
  "version" : "2.4",
  "buildTime" : "20150505080924+0000",
  "current" : false,
  "snapshot" : false,
  "nightly" : false,
  "releaseNightly" : false,
  "activeRc" : false,
  "rcFor" : "",
  "milestoneFor" : "",
  "broken" : false,
  "downloadUrl" : "https://services.gradle.org/distributions/gradle-2.4-bin.zip",
  "checksumUrl" : "https://services.gradle.org/distributions/gradle-2.4-bin.zip.sha256",
  "wrapperChecksumUrl" : "https://services.gradle.org/distributions/gradle-2.4-wrapper.jar.sha256"
}, {
  "version" : "2.4-rc-2",
  "buildTime" : "20150429045020+0000",
  "current" : false,
  "snapshot" : false,
  "nightly" : false,
  "releaseNightly" : false,
  "activeRc" : false,
  "rcFor" : "2.4",
  "milestoneFor" : "",
  "broken" : false,
  "downloadUrl" : "https://services.gradle.org/distributions/gradle-2.4-rc-2-bin.zip",
  "checksumUrl" : "https://services.gradle.org/distributions/gradle-2.4-rc-2-bin.zip.sha256"
}, {
  "version" : "2.4-rc-1",
  "buildTime" : "20150423031523+0000",
  "current" : false,
  "snapshot" : false,
  "nightly" : false,
  "releaseNightly" : false,
  "activeRc" : false,
  "rcFor" : "2.4",
  "milestoneFor" : "",
  "broken" : false,
  "downloadUrl" : "https://services.gradle.org/distributions/gradle-2.4-rc-1-bin.zip",
  "checksumUrl" : "https://services.gradle.org/distributions/gradle-2.4-rc-1-bin.zip.sha256"
}, {
  "version" : "2.3",
  "buildTime" : "20150216050933+0000",
  "current" : false,
  "snapshot" : false,
  "nightly" : false,
  "releaseNightly" : false,
  "activeRc" : false,
  "rcFor" : "",
  "milestoneFor" : "",
  "broken" : false,
  "downloadUrl" : "https://services.gradle.org/distributions/gradle-2.3-bin.zip",
  "checksumUrl" : "https://services.gradle.org/distributions/gradle-2.3-bin.zip.sha256",
  "wrapperChecksumUrl" : "https://services.gradle.org/distributions/gradle-2.3-wrapper.jar.sha256"
}, {
  "version" : "2.3-rc-4",
  "buildTime" : "20150211163922+0000",
  "current" : false,
  "snapshot" : false,
  "nightly" : false,
  "releaseNightly" : false,
  "activeRc" : false,
  "rcFor" : "2.3",
  "milestoneFor" : "",
  "broken" : false,
  "downloadUrl" : "https://services.gradle.org/distributions/gradle-2.3-rc-4-bin.zip",
  "checksumUrl" : "https://services.gradle.org/distributions/gradle-2.3-rc-4-bin.zip.sha256"
}, {
  "version" : "2.3-rc-3",
  "buildTime" : "20150208183759+0000",
  "current" : false,
  "snapshot" : false,
  "nightly" : false,
  "releaseNightly" : false,
  "activeRc" : false,
  "rcFor" : "2.3",
  "milestoneFor" : "",
  "broken" : false,
  "downloadUrl" : "https://services.gradle.org/distributions/gradle-2.3-rc-3-bin.zip",
  "checksumUrl" : "https://services.gradle.org/distributions/gradle-2.3-rc-3-bin.zip.sha256"
}, {
  "version" : "2.3-rc-2",
  "buildTime" : "20150204105413+0000",
  "current" : false,
  "snapshot" : false,
  "nightly" : false,
  "releaseNightly" : false,
  "activeRc" : false,
  "rcFor" : "2.3",
  "milestoneFor" : "",
  "broken" : false,
  "downloadUrl" : "https://services.gradle.org/distributions/gradle-2.3-rc-2-bin.zip",
  "checksumUrl" : "https://services.gradle.org/distributions/gradle-2.3-rc-2-bin.zip.sha256"
}, {
  "version" : "2.3-rc-1",
  "buildTime" : "20150127140232+0000",
  "current" : false,
  "snapshot" : false,
  "nightly" : false,
  "releaseNightly" : false,
  "activeRc" : false,
  "rcFor" : "2.3",
  "milestoneFor" : "",
  "broken" : false,
  "downloadUrl" : "https://services.gradle.org/distributions/gradle-2.3-rc-1-bin.zip",
  "checksumUrl" : "https://services.gradle.org/distributions/gradle-2.3-rc-1-bin.zip.sha256"
}, {
  "version" : "2.2.1",
  "buildTime" : "20141124094535+0000",
  "current" : false,
  "snapshot" : false,
  "nightly" : false,
  "releaseNightly" : false,
  "activeRc" : false,
  "rcFor" : "",
  "milestoneFor" : "",
  "broken" : false,
  "downloadUrl" : "https://services.gradle.org/distributions/gradle-2.2.1-bin.zip",
  "checksumUrl" : "https://services.gradle.org/distributions/gradle-2.2.1-bin.zip.sha256",
  "wrapperChecksumUrl" : "https://services.gradle.org/distributions/gradle-2.2.1-wrapper.jar.sha256"
}, {
  "version" : "2.2.1-rc-1",
  "buildTime" : "20141117101237+0000",
  "current" : false,
  "snapshot" : false,
  "nightly" : false,
  "releaseNightly" : false,
  "activeRc" : false,
  "rcFor" : "2.2.1",
  "milestoneFor" : "",
  "broken" : false,
  "downloadUrl" : "https://services.gradle.org/distributions/gradle-2.2.1-rc-1-bin.zip",
  "checksumUrl" : "https://services.gradle.org/distributions/gradle-2.2.1-rc-1-bin.zip.sha256"
}, {
  "version" : "2.2",
  "buildTime" : "20141110133144+0000",
  "current" : false,
  "snapshot" : false,
  "nightly" : false,
  "releaseNightly" : false,
  "activeRc" : false,
  "rcFor" : "",
  "milestoneFor" : "",
  "broken" : false,
  "downloadUrl" : "https://services.gradle.org/distributions/gradle-2.2-bin.zip",
  "checksumUrl" : "https://services.gradle.org/distributions/gradle-2.2-bin.zip.sha256",
  "wrapperChecksumUrl" : "https://services.gradle.org/distributions/gradle-2.2-wrapper.jar.sha256"
}, {
  "version" : "2.2-rc-2",
  "buildTime" : "20141103170404+0000",
  "current" : false,
  "snapshot" : false,
  "nightly" : false,
  "releaseNightly" : false,
  "activeRc" : false,
  "rcFor" : "2.2",
  "milestoneFor" : "",
  "broken" : false,
  "downloadUrl" : "https://services.gradle.org/distributions/gradle-2.2-rc-2-bin.zip",
  "checksumUrl" : "https://services.gradle.org/distributions/gradle-2.2-rc-2-bin.zip.sha256"
}, {
  "version" : "2.2-rc-1",
  "buildTime" : "20141020163257+0000",
  "current" : false,
  "snapshot" : false,
  "nightly" : false,
  "releaseNightly" : false,
  "activeRc" : false,
  "rcFor" : "2.2",
  "milestoneFor" : "",
  "broken" : false,
  "downloadUrl" : "https://services.gradle.org/distributions/gradle-2.2-rc-1-bin.zip",
  "checksumUrl" : "https://services.gradle.org/distributions/gradle-2.2-rc-1-bin.zip.sha256"
}, {
  "version" : "2.1",
  "buildTime" : "20140908104039+0000",
  "current" : false,
  "snapshot" : false,
  "nightly" : false,
  "releaseNightly" : false,
  "activeRc" : false,
  "rcFor" : "",
  "milestoneFor" : "",
  "broken" : false,
  "downloadUrl" : "https://services.gradle.org/distributions/gradle-2.1-bin.zip",
  "checksumUrl" : "https://services.gradle.org/distributions/gradle-2.1-bin.zip.sha256",
  "wrapperChecksumUrl" : "https://services.gradle.org/distributions/gradle-2.1-wrapper.jar.sha256"
}, {
  "version" : "2.1-rc-4",
  "buildTime" : "20140903092053+0000",
  "current" : false,
  "snapshot" : false,
  "nightly" : false,
  "releaseNightly" : false,
  "activeRc" : false,
  "rcFor" : "2.1",
  "milestoneFor" : "",
  "broken" : false,
  "downloadUrl" : "https://services.gradle.org/distributions/gradle-2.1-rc-4-bin.zip",
  "checksumUrl" : "https://services.gradle.org/distributions/gradle-2.1-rc-4-bin.zip.sha256"
}, {
  "version" : "2.1-rc-3",
  "buildTime" : "20140901103549+0000",
  "current" : false,
  "snapshot" : false,
  "nightly" : false,
  "releaseNightly" : false,
  "activeRc" : false,
  "rcFor" : "2.1",
  "milestoneFor" : "",
  "broken" : false,
  "downloadUrl" : "https://services.gradle.org/distributions/gradle-2.1-rc-3-bin.zip",
  "checksumUrl" : "https://services.gradle.org/distributions/gradle-2.1-rc-3-bin.zip.sha256"
}, {
  "version" : "2.1-rc-2",
  "buildTime" : "20140828023229+0000",
  "current" : false,
  "snapshot" : false,
  "nightly" : false,
  "releaseNightly" : false,
  "activeRc" : false,
  "rcFor" : "2.1",
  "milestoneFor" : "",
  "broken" : false,
  "downloadUrl" : "https://services.gradle.org/distributions/gradle-2.1-rc-2-bin.zip",
  "checksumUrl" : "https://services.gradle.org/distributions/gradle-2.1-rc-2-bin.zip.sha256"
}, {
  "version" : "2.1-rc-1",
  "buildTime" : "20140819194409+0000",
  "current" : false,
  "snapshot" : false,
  "nightly" : false,
  "releaseNightly" : false,
  "activeRc" : false,
  "rcFor" : "2.1",
  "milestoneFor" : "",
  "broken" : false,
  "downloadUrl" : "https://services.gradle.org/distributions/gradle-2.1-rc-1-bin.zip",
  "checksumUrl" : "https://services.gradle.org/distributions/gradle-2.1-rc-1-bin.zip.sha256"
}, {
  "version" : "2.0",
  "buildTime" : "20140701074534+0000",
  "current" : false,
  "snapshot" : false,
  "nightly" : false,
  "releaseNightly" : false,
  "activeRc" : false,
  "rcFor" : "",
  "milestoneFor" : "",
  "broken" : false,
  "downloadUrl" : "https://services.gradle.org/distributions/gradle-2.0-bin.zip",
  "checksumUrl" : "https://services.gradle.org/distributions/gradle-2.0-bin.zip.sha256",
  "wrapperChecksumUrl" : "https://services.gradle.org/distributions/gradle-2.0-wrapper.jar.sha256"
}, {
  "version" : "2.0-rc-2",
  "buildTime" : "20140623080236+0000",
  "current" : false,
  "snapshot" : false,
  "nightly" : false,
  "releaseNightly" : false,
  "activeRc" : false,
  "rcFor" : "2.0",
  "milestoneFor" : "",
  "broken" : false,
  "downloadUrl" : "https://services.gradle.org/distributions/gradle-2.0-rc-2-bin.zip",
  "checksumUrl" : "https://services.gradle.org/distributions/gradle-2.0-rc-2-bin.zip.sha256"
}, {
  "version" : "2.0-rc-1",
  "buildTime" : "20140606070241+0000",
  "current" : false,
  "snapshot" : false,
  "nightly" : false,
  "releaseNightly" : false,
  "activeRc" : false,
  "rcFor" : "2.0",
  "milestoneFor" : "",
  "broken" : false,
  "downloadUrl" : "https://services.gradle.org/distributions/gradle-2.0-rc-1-bin.zip",
  "checksumUrl" : "https://services.gradle.org/distributions/gradle-2.0-rc-1-bin.zip.sha256"
}, {
  "version" : "1.12",
  "buildTime" : "20140429092431+0000",
  "current" : false,
  "snapshot" : false,
  "nightly" : false,
  "releaseNightly" : false,
  "activeRc" : false,
  "rcFor" : "",
  "milestoneFor" : "",
  "broken" : false,
  "downloadUrl" : "https://services.gradle.org/distributions/gradle-1.12-bin.zip",
  "checksumUrl" : "https://services.gradle.org/distributions/gradle-1.12-bin.zip.sha256",
  "wrapperChecksumUrl" : "https://services.gradle.org/distributions/gradle-1.12-wrapper.jar.sha256"
}, {
  "version" : "1.12-rc-2",
  "buildTime" : "20140423112055+0000",
  "current" : false,
  "snapshot" : false,
  "nightly" : false,
  "releaseNightly" : false,
  "activeRc" : false,
  "rcFor" : "1.12",
  "milestoneFor" : "",
  "broken" : false,
  "downloadUrl" : "https://services.gradle.org/distributions/gradle-1.12-rc-2-bin.zip",
  "checksumUrl" : "https://services.gradle.org/distributions/gradle-1.12-rc-2-bin.zip.sha256"
}, {
  "version" : "1.12-rc-1",
  "buildTime" : "20140416084626+0000",
  "current" : false,
  "snapshot" : false,
  "nightly" : false,
  "releaseNightly" : false,
  "activeRc" : false,
  "rcFor" : "1.12",
  "milestoneFor" : "",
  "broken" : false,
  "downloadUrl" : "https://services.gradle.org/distributions/gradle-1.12-rc-1-bin.zip",
  "checksumUrl" : "https://services.gradle.org/distributions/gradle-1.12-rc-1-bin.zip.sha256"
}, {
  "version" : "1.11",
  "buildTime" : "20140211113439+0000",
  "current" : false,
  "snapshot" : false,
  "nightly" : false,
  "releaseNightly" : false,
  "activeRc" : false,
  "rcFor" : "",
  "milestoneFor" : "",
  "broken" : false,
  "downloadUrl" : "https://services.gradle.org/distributions/gradle-1.11-bin.zip",
  "checksumUrl" : "https://services.gradle.org/distributions/gradle-1.11-bin.zip.sha256",
  "wrapperChecksumUrl" : "https://services.gradle.org/distributions/gradle-1.11-wrapper.jar.sha256"
}, {
  "version" : "1.11-rc-1",
  "buildTime" : "20140131033453+0000",
  "current" : false,
  "snapshot" : false,
  "nightly" : false,
  "releaseNightly" : false,
  "activeRc" : false,
  "rcFor" : "1.11",
  "milestoneFor" : "",
  "broken" : false,
  "downloadUrl" : "https://services.gradle.org/distributions/gradle-1.11-rc-1-bin.zip",
  "checksumUrl" : "https://services.gradle.org/distributions/gradle-1.11-rc-1-bin.zip.sha256"
}, {
  "version" : "1.10",
  "buildTime" : "20131217092815+0000",
  "current" : false,
  "snapshot" : false,
  "nightly" : false,
  "releaseNightly" : false,
  "activeRc" : false,
  "rcFor" : "",
  "milestoneFor" : "",
  "broken" : false,
  "downloadUrl" : "https://services.gradle.org/distributions/gradle-1.10-bin.zip",
  "checksumUrl" : "https://services.gradle.org/distributions/gradle-1.10-bin.zip.sha256",
  "wrapperChecksumUrl" : "https://services.gradle.org/distributions/gradle-1.10-wrapper.jar.sha256"
}, {
  "version" : "1.10-rc-2",
  "buildTime" : "20131211105454+0000",
  "current" : false,
  "snapshot" : false,
  "nightly" : false,
  "releaseNightly" : false,
  "activeRc" : false,
  "rcFor" : "1.10",
  "milestoneFor" : "",
  "broken" : false,
  "downloadUrl" : "https://services.gradle.org/distributions/gradle-1.10-rc-2-bin.zip",
  "checksumUrl" : "https://services.gradle.org/distributions/gradle-1.10-rc-2-bin.zip.sha256"
}, {
  "version" : "1.10-rc-1",
  "buildTime" : "20131204154128+0000",
  "current" : false,
  "snapshot" : false,
  "nightly" : false,
  "releaseNightly" : false,
  "activeRc" : false,
  "rcFor" : "1.10",
  "milestoneFor" : "",
  "broken" : false,
  "downloadUrl" : "https://services.gradle.org/distributions/gradle-1.10-rc-1-bin.zip",
  "checksumUrl" : "https://services.gradle.org/distributions/gradle-1.10-rc-1-bin.zip.sha256"
}, {
  "version" : "1.9",
  "buildTime" : "20131119082002+0000",
  "current" : false,
  "snapshot" : false,
  "nightly" : false,
  "releaseNightly" : false,
  "activeRc" : false,
  "rcFor" : "",
  "milestoneFor" : "",
  "broken" : false,
  "downloadUrl" : "https://services.gradle.org/distributions/gradle-1.9-bin.zip",
  "checksumUrl" : "https://services.gradle.org/distributions/gradle-1.9-bin.zip.sha256",
  "wrapperChecksumUrl" : "https://services.gradle.org/distributions/gradle-1.9-wrapper.jar.sha256"
}, {
  "version" : "1.9-rc-4",
  "buildTime" : "20131118093242+0000",
  "current" : false,
  "snapshot" : false,
  "nightly" : false,
  "releaseNightly" : false,
  "activeRc" : false,
  "rcFor" : "1.9",
  "milestoneFor" : "",
  "broken" : false,
  "downloadUrl" : "https://services.gradle.org/distributions/gradle-1.9-rc-4-bin.zip",
  "checksumUrl" : "https://services.gradle.org/distributions/gradle-1.9-rc-4-bin.zip.sha256"
}, {
  "version" : "1.9-rc-3",
  "buildTime" : "20131107122642+0000",
  "current" : false,
  "snapshot" : false,
  "nightly" : false,
  "releaseNightly" : false,
  "activeRc" : false,
  "rcFor" : "1.9",
  "milestoneFor" : "",
  "broken" : false,
  "downloadUrl" : "https://services.gradle.org/distributions/gradle-1.9-rc-3-bin.zip",
  "checksumUrl" : "https://services.gradle.org/distributions/gradle-1.9-rc-3-bin.zip.sha256"
}, {
  "version" : "1.9-rc-2",
  "buildTime" : "20131028093320+0000",
  "current" : false,
  "snapshot" : false,
  "nightly" : false,
  "releaseNightly" : false,
  "activeRc" : false,
  "rcFor" : "1.9",
  "milestoneFor" : "",
  "broken" : false,
  "downloadUrl" : "https://services.gradle.org/distributions/gradle-1.9-rc-2-bin.zip",
  "checksumUrl" : "https://services.gradle.org/distributions/gradle-1.9-rc-2-bin.zip.sha256"
}, {
  "version" : "1.9-rc-1",
  "buildTime" : "20131023094618+0000",
  "current" : false,
  "snapshot" : false,
  "nightly" : false,
  "releaseNightly" : false,
  "activeRc" : false,
  "rcFor" : "1.9",
  "milestoneFor" : "",
  "broken" : false,
  "downloadUrl" : "https://services.gradle.org/distributions/gradle-1.9-rc-1-bin.zip",
  "checksumUrl" : "https://services.gradle.org/distributions/gradle-1.9-rc-1-bin.zip.sha256"
}, {
  "version" : "1.8",
  "buildTime" : "20130924073233+0000",
  "current" : false,
  "snapshot" : false,
  "nightly" : false,
  "releaseNightly" : false,
  "activeRc" : false,
  "rcFor" : "",
  "milestoneFor" : "",
  "broken" : false,
  "downloadUrl" : "https://services.gradle.org/distributions/gradle-1.8-bin.zip",
  "checksumUrl" : "https://services.gradle.org/distributions/gradle-1.8-bin.zip.sha256",
  "wrapperChecksumUrl" : "https://services.gradle.org/distributions/gradle-1.8-wrapper.jar.sha256"
}, {
  "version" : "1.8-rc-2",
  "buildTime" : "20130919053314+0000",
  "current" : false,
  "snapshot" : false,
  "nightly" : false,
  "releaseNightly" : false,
  "activeRc" : false,
  "rcFor" : "1.8",
  "milestoneFor" : "",
  "broken" : false,
  "downloadUrl" : "https://services.gradle.org/distributions/gradle-1.8-rc-2-bin.zip",
  "checksumUrl" : "https://services.gradle.org/distributions/gradle-1.8-rc-2-bin.zip.sha256"
}, {
  "version" : "1.8-rc-1",
  "buildTime" : "20130910130452+0000",
  "current" : false,
  "snapshot" : false,
  "nightly" : false,
  "releaseNightly" : false,
  "activeRc" : false,
  "rcFor" : "1.8",
  "milestoneFor" : "",
  "broken" : false,
  "downloadUrl" : "https://services.gradle.org/distributions/gradle-1.8-rc-1-bin.zip",
  "checksumUrl" : "https://services.gradle.org/distributions/gradle-1.8-rc-1-bin.zip.sha256"
}, {
  "version" : "1.7",
  "buildTime" : "20130806111956+0000",
  "current" : false,
  "snapshot" : false,
  "nightly" : false,
  "releaseNightly" : false,
  "activeRc" : false,
  "rcFor" : "",
  "milestoneFor" : "",
  "broken" : false,
  "downloadUrl" : "https://services.gradle.org/distributions/gradle-1.7-bin.zip",
  "checksumUrl" : "https://services.gradle.org/distributions/gradle-1.7-bin.zip.sha256",
  "wrapperChecksumUrl" : "https://services.gradle.org/distributions/gradle-1.7-wrapper.jar.sha256"
}, {
  "version" : "1.7-rc-2",
  "buildTime" : "20130729120421+0000",
  "current" : false,
  "snapshot" : false,
  "nightly" : false,
  "releaseNightly" : false,
  "activeRc" : false,
  "rcFor" : "1.7",
  "milestoneFor" : "",
  "broken" : false,
  "downloadUrl" : "https://services.gradle.org/distributions/gradle-1.7-rc-2-bin.zip",
  "checksumUrl" : "https://services.gradle.org/distributions/gradle-1.7-rc-2-bin.zip.sha256"
}, {
  "version" : "1.7-rc-1",
  "buildTime" : "20130702145630+0000",
  "current" : false,
  "snapshot" : false,
  "nightly" : false,
  "releaseNightly" : false,
  "activeRc" : false,
  "rcFor" : "1.7",
  "milestoneFor" : "",
  "broken" : false,
  "downloadUrl" : "https://services.gradle.org/distributions/gradle-1.7-rc-1-bin.zip",
  "checksumUrl" : "https://services.gradle.org/distributions/gradle-1.7-rc-1-bin.zip.sha256"
}, {
  "version" : "1.6",
  "buildTime" : "20130507091214+0000",
  "current" : false,
  "snapshot" : false,
  "nightly" : false,
  "releaseNightly" : false,
  "activeRc" : false,
  "rcFor" : "",
  "milestoneFor" : "",
  "broken" : false,
  "downloadUrl" : "https://services.gradle.org/distributions/gradle-1.6-bin.zip",
  "checksumUrl" : "https://services.gradle.org/distributions/gradle-1.6-bin.zip.sha256",
  "wrapperChecksumUrl" : "https://services.gradle.org/distributions/gradle-1.6-wrapper.jar.sha256"
}, {
  "version" : "1.6-rc-1",
  "buildTime" : "20130430131900+0000",
  "current" : false,
  "snapshot" : false,
  "nightly" : false,
  "releaseNightly" : false,
  "activeRc" : false,
  "rcFor" : "1.6",
  "milestoneFor" : "",
  "broken" : false,
  "downloadUrl" : "https://services.gradle.org/distributions/gradle-1.6-rc-1-bin.zip",
  "checksumUrl" : "https://services.gradle.org/distributions/gradle-1.6-rc-1-bin.zip.sha256"
}, {
  "version" : "1.5",
  "buildTime" : "20130327140935+0000",
  "current" : false,
  "snapshot" : false,
  "nightly" : false,
  "releaseNightly" : false,
  "activeRc" : false,
  "rcFor" : "",
  "milestoneFor" : "",
  "broken" : false,
  "downloadUrl" : "https://services.gradle.org/distributions/gradle-1.5-bin.zip",
  "checksumUrl" : "https://services.gradle.org/distributions/gradle-1.5-bin.zip.sha256",
  "wrapperChecksumUrl" : "https://services.gradle.org/distributions/gradle-1.5-wrapper.jar.sha256"
}, {
  "version" : "1.5-rc-3",
  "buildTime" : "20130321155709+0000",
  "current" : false,
  "snapshot" : false,
  "nightly" : false,
  "releaseNightly" : false,
  "activeRc" : false,
  "rcFor" : "1.5",
  "milestoneFor" : "",
  "broken" : false,
  "downloadUrl" : "https://services.gradle.org/distributions/gradle-1.5-rc-3-bin.zip",
  "checksumUrl" : "https://services.gradle.org/distributions/gradle-1.5-rc-3-bin.zip.sha256"
}, {
  "version" : "1.5-rc-2",
  "buildTime" : "20130317011516+0000",
  "current" : false,
  "snapshot" : false,
  "nightly" : false,
  "releaseNightly" : false,
  "activeRc" : false,
  "rcFor" : "1.5",
  "milestoneFor" : "",
  "broken" : false,
  "downloadUrl" : "https://services.gradle.org/distributions/gradle-1.5-rc-2-bin.zip",
  "checksumUrl" : "https://services.gradle.org/distributions/gradle-1.5-rc-2-bin.zip.sha256"
}, {
  "version" : "1.5-rc-1",
  "buildTime" : "20130311120320+0000",
  "current" : false,
  "snapshot" : false,
  "nightly" : false,
  "releaseNightly" : false,
  "activeRc" : false,
  "rcFor" : "1.5",
  "milestoneFor" : "",
  "broken" : false,
  "downloadUrl" : "https://services.gradle.org/distributions/gradle-1.5-rc-1-bin.zip",
  "checksumUrl" : "https://services.gradle.org/distributions/gradle-1.5-rc-1-bin.zip.sha256"
}, {
  "version" : "1.4",
  "buildTime" : "20130128034246+0000",
  "current" : false,
  "snapshot" : false,
  "nightly" : false,
  "releaseNightly" : false,
  "activeRc" : false,
  "rcFor" : "",
  "milestoneFor" : "",
  "broken" : false,
  "downloadUrl" : "https://services.gradle.org/distributions/gradle-1.4-bin.zip",
  "checksumUrl" : "https://services.gradle.org/distributions/gradle-1.4-bin.zip.sha256",
  "wrapperChecksumUrl" : "https://services.gradle.org/distributions/gradle-1.4-wrapper.jar.sha256"
}, {
  "version" : "1.4-rc-3",
  "buildTime" : "20130125035146+0000",
  "current" : false,
  "snapshot" : false,
  "nightly" : false,
  "releaseNightly" : false,
  "activeRc" : false,
  "rcFor" : "1.4",
  "milestoneFor" : "",
  "broken" : false,
  "downloadUrl" : "https://services.gradle.org/distributions/gradle-1.4-rc-3-bin.zip",
  "checksumUrl" : "https://services.gradle.org/distributions/gradle-1.4-rc-3-bin.zip.sha256"
}, {
  "version" : "1.4-rc-2",
  "buildTime" : "20130122030632+0000",
  "current" : false,
  "snapshot" : false,
  "nightly" : false,
  "releaseNightly" : false,
  "activeRc" : false,
  "rcFor" : "1.4",
  "milestoneFor" : "",
  "broken" : false,
  "downloadUrl" : "https://services.gradle.org/distributions/gradle-1.4-rc-2-bin.zip",
  "checksumUrl" : "https://services.gradle.org/distributions/gradle-1.4-rc-2-bin.zip.sha256"
}, {
  "version" : "1.4-rc-1",
  "buildTime" : "20130117001257+0000",
  "current" : false,
  "snapshot" : false,
  "nightly" : false,
  "releaseNightly" : false,
  "activeRc" : false,
  "rcFor" : "1.4",
  "milestoneFor" : "",
  "broken" : false,
  "downloadUrl" : "https://services.gradle.org/distributions/gradle-1.4-rc-1-bin.zip",
  "checksumUrl" : "https://services.gradle.org/distributions/gradle-1.4-rc-1-bin.zip.sha256"
}, {
  "version" : "1.3",
  "buildTime" : "20121120113738+0000",
  "current" : false,
  "snapshot" : false,
  "nightly" : false,
  "releaseNightly" : false,
  "activeRc" : false,
  "rcFor" : "",
  "milestoneFor" : "",
  "broken" : false,
  "downloadUrl" : "https://services.gradle.org/distributions/gradle-1.3-bin.zip",
  "checksumUrl" : "https://services.gradle.org/distributions/gradle-1.3-bin.zip.sha256",
  "wrapperChecksumUrl" : "https://services.gradle.org/distributions/gradle-1.3-wrapper.jar.sha256"
}, {
  "version" : "1.3-rc-2",
  "buildTime" : "20121115155343+0000",
  "current" : false,
  "snapshot" : false,
  "nightly" : false,
  "releaseNightly" : false,
  "activeRc" : false,
  "rcFor" : "1.3",
  "milestoneFor" : "",
  "broken" : false,
  "downloadUrl" : "https://services.gradle.org/distributions/gradle-1.3-rc-2-bin.zip",
  "checksumUrl" : "https://services.gradle.org/distributions/gradle-1.3-rc-2-bin.zip.sha256"
}, {
  "version" : "1.3-rc-1",
  "buildTime" : "20121112135252+0000",
  "current" : false,
  "snapshot" : false,
  "nightly" : false,
  "releaseNightly" : false,
  "activeRc" : false,
  "rcFor" : "1.3",
  "milestoneFor" : "",
  "broken" : false,
  "downloadUrl" : "https://services.gradle.org/distributions/gradle-1.3-rc-1-bin.zip",
  "checksumUrl" : "https://services.gradle.org/distributions/gradle-1.3-rc-1-bin.zip.sha256"
}, {
  "version" : "1.2",
  "buildTime" : "20120912104602+0000",
  "current" : false,
  "snapshot" : false,
  "nightly" : false,
  "releaseNightly" : false,
  "activeRc" : false,
  "rcFor" : "",
  "milestoneFor" : "",
  "broken" : false,
  "downloadUrl" : "https://services.gradle.org/distributions/gradle-1.2-bin.zip",
  "checksumUrl" : "https://services.gradle.org/distributions/gradle-1.2-bin.zip.sha256",
  "wrapperChecksumUrl" : "https://services.gradle.org/distributions/gradle-1.2-wrapper.jar.sha256"
}, {
  "version" : "1.2-rc-1",
  "buildTime" : "20120904174954+0000",
  "current" : false,
  "snapshot" : false,
  "nightly" : false,
  "releaseNightly" : false,
  "activeRc" : false,
  "rcFor" : "1.2",
  "milestoneFor" : "",
  "broken" : false,
  "downloadUrl" : "https://services.gradle.org/distributions/gradle-1.2-rc-1-bin.zip",
  "checksumUrl" : "https://services.gradle.org/distributions/gradle-1.2-rc-1-bin.zip.sha256"
}, {
  "version" : "1.1",
  "buildTime" : "20120731132432+0000",
  "current" : false,
  "snapshot" : false,
  "nightly" : false,
  "releaseNightly" : false,
  "activeRc" : false,
  "rcFor" : "",
  "milestoneFor" : "",
  "broken" : false,
  "downloadUrl" : "https://services.gradle.org/distributions/gradle-1.1-bin.zip",
  "checksumUrl" : "https://services.gradle.org/distributions/gradle-1.1-bin.zip.sha256",
  "wrapperChecksumUrl" : "https://services.gradle.org/distributions/gradle-1.1-wrapper.jar.sha256"
}, {
  "version" : "1.1-rc-2",
  "buildTime" : "20120726075103+0000",
  "current" : false,
  "snapshot" : false,
  "nightly" : false,
  "releaseNightly" : false,
  "activeRc" : false,
  "rcFor" : "1.1",
  "milestoneFor" : "",
  "broken" : false,
  "downloadUrl" : "https://services.gradle.org/distributions/gradle-1.1-rc-2-bin.zip",
  "checksumUrl" : "https://services.gradle.org/distributions/gradle-1.1-rc-2-bin.zip.sha256"
}, {
  "version" : "1.1-rc-1",
  "buildTime" : "20120724134404+0000",
  "current" : false,
  "snapshot" : false,
  "nightly" : false,
  "releaseNightly" : false,
  "activeRc" : false,
  "rcFor" : "1.1",
  "milestoneFor" : "",
  "broken" : false,
  "downloadUrl" : "https://services.gradle.org/distributions/gradle-1.1-rc-1-bin.zip",
  "checksumUrl" : "https://services.gradle.org/distributions/gradle-1.1-rc-1-bin.zip.sha256"
}, {
  "version" : "1.0",
  "buildTime" : "20120612025621+0200",
  "current" : false,
  "snapshot" : false,
  "nightly" : false,
  "releaseNightly" : false,
  "activeRc" : false,
  "rcFor" : "",
  "milestoneFor" : "",
  "broken" : false,
  "downloadUrl" : "https://services.gradle.org/distributions/gradle-1.0-bin.zip",
  "checksumUrl" : "https://services.gradle.org/distributions/gradle-1.0-bin.zip.sha256",
  "wrapperChecksumUrl" : "https://services.gradle.org/distributions/gradle-1.0-wrapper.jar.sha256"
}, {
  "version" : "1.0-rc-3",
  "buildTime" : "20120430015152+0200",
  "current" : false,
  "snapshot" : false,
  "nightly" : false,
  "releaseNightly" : false,
  "activeRc" : false,
  "rcFor" : "1.0",
  "milestoneFor" : "",
  "broken" : false,
  "downloadUrl" : "https://services.gradle.org/distributions/gradle-1.0-rc-3-bin.zip",
  "checksumUrl" : "https://services.gradle.org/distributions/gradle-1.0-rc-3-bin.zip.sha256"
}, {
  "version" : "1.0-rc-2",
  "buildTime" : "20120425015237+0200",
  "current" : false,
  "snapshot" : false,
  "nightly" : false,
  "releaseNightly" : false,
  "activeRc" : false,
  "rcFor" : "1.0",
  "milestoneFor" : "",
  "broken" : false,
  "downloadUrl" : "https://services.gradle.org/distributions/gradle-1.0-rc-2-bin.zip",
  "checksumUrl" : "https://services.gradle.org/distributions/gradle-1.0-rc-2-bin.zip.sha256"
}, {
  "version" : "1.0-rc-1",
  "buildTime" : "20120411121324+0100",
  "current" : false,
  "snapshot" : false,
  "nightly" : false,
  "releaseNightly" : false,
  "activeRc" : false,
  "rcFor" : "1.0",
  "milestoneFor" : "",
  "broken" : false,
  "downloadUrl" : "https://services.gradle.org/distributions/gradle-1.0-rc-1-bin.zip",
  "checksumUrl" : "https://services.gradle.org/distributions/gradle-1.0-rc-1-bin.zip.sha256"
}, {
  "version" : "1.0-milestone-9",
  "buildTime" : "20120313171009+0100",
  "current" : false,
  "snapshot" : false,
  "nightly" : false,
  "releaseNightly" : false,
  "activeRc" : false,
  "rcFor" : "",
  "milestoneFor" : "",
  "broken" : false,
  "downloadUrl" : "https://services.gradle.org/distributions/gradle-1.0-milestone-9-bin.zip",
  "checksumUrl" : "https://services.gradle.org/distributions/gradle-1.0-milestone-9-bin.zip.sha256"
}, {
  "version" : "1.0-milestone-8a",
  "buildTime" : "20120220185357+0100",
  "current" : false,
  "snapshot" : false,
  "nightly" : false,
  "releaseNightly" : false,
  "activeRc" : false,
  "rcFor" : "",
  "milestoneFor" : "",
  "broken" : false,
  "downloadUrl" : "https://services.gradle.org/distributions/gradle-1.0-milestone-8a-bin.zip",
  "checksumUrl" : "https://services.gradle.org/distributions/gradle-1.0-milestone-8a-bin.zip.sha256"
}, {
  "version" : "1.0-milestone-8",
  "buildTime" : "20120214022451+0100",
  "current" : false,
  "snapshot" : false,
  "nightly" : false,
  "releaseNightly" : false,
  "activeRc" : false,
  "rcFor" : "",
  "milestoneFor" : "",
  "broken" : false,
  "downloadUrl" : "https://services.gradle.org/distributions/gradle-1.0-milestone-8-bin.zip",
  "checksumUrl" : "https://services.gradle.org/distributions/gradle-1.0-milestone-8-bin.zip.sha256"
}, {
  "version" : "1.0-milestone-7",
  "buildTime" : "20120105102443+0000",
  "current" : false,
  "snapshot" : false,
  "nightly" : false,
  "releaseNightly" : false,
  "activeRc" : false,
  "rcFor" : "",
  "milestoneFor" : "",
  "broken" : false,
  "downloadUrl" : "https://services.gradle.org/distributions/gradle-1.0-milestone-7-bin.zip",
  "checksumUrl" : "https://services.gradle.org/distributions/gradle-1.0-milestone-7-bin.zip.sha256"
}, {
  "version" : "1.0-milestone-6",
  "buildTime" : "20111117065412+0100",
  "current" : false,
  "snapshot" : false,
  "nightly" : false,
  "releaseNightly" : false,
  "activeRc" : false,
  "rcFor" : "",
  "milestoneFor" : "",
  "broken" : false,
  "downloadUrl" : "https://services.gradle.org/distributions/gradle-1.0-milestone-6-bin.zip",
  "checksumUrl" : "https://services.gradle.org/distributions/gradle-1.0-milestone-6-bin.zip.sha256"
}, {
  "version" : "1.0-milestone-5",
  "buildTime" : "20111025055608+0200",
  "current" : false,
  "snapshot" : false,
  "nightly" : false,
  "releaseNightly" : false,
  "activeRc" : false,
  "rcFor" : "",
  "milestoneFor" : "",
  "broken" : false,
  "downloadUrl" : "https://services.gradle.org/distributions/gradle-1.0-milestone-5-bin.zip",
  "checksumUrl" : "https://services.gradle.org/distributions/gradle-1.0-milestone-5-bin.zip.sha256"
}, {
  "version" : "1.0-milestone-4",
  "buildTime" : "20110728103822+0200",
  "current" : false,
  "snapshot" : false,
  "nightly" : false,
  "releaseNightly" : false,
  "activeRc" : false,
  "rcFor" : "",
  "milestoneFor" : "",
  "broken" : true,
  "downloadUrl" : "https://services.gradle.org/distributions/gradle-1.0-milestone-4-bin.zip",
  "checksumUrl" : "https://services.gradle.org/distributions/gradle-1.0-milestone-4-bin.zip.sha256"
}, {
  "version" : "1.0-milestone-3",
  "buildTime" : "20110425174011+1000",
  "current" : false,
  "snapshot" : false,
  "nightly" : false,
  "releaseNightly" : false,
  "activeRc" : false,
  "rcFor" : "",
  "milestoneFor" : "",
  "broken" : false,
  "downloadUrl" : "https://services.gradle.org/distributions/gradle-1.0-milestone-3-bin.zip",
  "checksumUrl" : "https://services.gradle.org/distributions/gradle-1.0-milestone-3-bin.zip.sha256"
}, {
  "version" : "1.0-milestone-2",
  "buildTime" : "20110407163255+1000",
  "current" : false,
  "snapshot" : false,
  "nightly" : false,
  "releaseNightly" : false,
  "activeRc" : false,
  "rcFor" : "",
  "milestoneFor" : "",
  "broken" : false,
  "downloadUrl" : "https://services.gradle.org/distributions/gradle-1.0-milestone-2-bin.zip",
  "checksumUrl" : "https://services.gradle.org/distributions/gradle-1.0-milestone-2-bin.zip.sha256"
}, {
  "version" : "1.0-milestone-1",
  "buildTime" : "20110227141320+1100",
  "current" : false,
  "snapshot" : false,
  "nightly" : false,
  "releaseNightly" : false,
  "activeRc" : false,
  "rcFor" : "",
  "milestoneFor" : "",
  "broken" : false,
  "downloadUrl" : "https://services.gradle.org/distributions/gradle-1.0-milestone-1-bin.zip",
  "checksumUrl" : "https://services.gradle.org/distributions/gradle-1.0-milestone-1-bin.zip.sha256"
}, {
  "version" : "0.9.2",
  "buildTime" : "20110123133421+1100",
  "current" : false,
  "snapshot" : false,
  "nightly" : false,
  "releaseNightly" : false,
  "activeRc" : false,
  "rcFor" : "",
  "milestoneFor" : "",
  "broken" : false,
  "downloadUrl" : "https://services.gradle.org/distributions/gradle-0.9.2-bin.zip",
  "checksumUrl" : "https://services.gradle.org/distributions/gradle-0.9.2-bin.zip.sha256"
}, {
  "version" : "0.9.1",
  "buildTime" : "20110102114057+1100",
  "current" : false,
  "snapshot" : false,
  "nightly" : false,
  "releaseNightly" : false,
  "activeRc" : false,
  "rcFor" : "",
  "milestoneFor" : "",
  "broken" : false,
  "downloadUrl" : "https://services.gradle.org/distributions/gradle-0.9.1-bin.zip",
  "checksumUrl" : "https://services.gradle.org/distributions/gradle-0.9.1-bin.zip.sha256"
}, {
  "version" : "0.9",
  "buildTime" : "20101219125006+1100",
  "current" : false,
  "snapshot" : false,
  "nightly" : false,
  "releaseNightly" : false,
  "activeRc" : false,
  "rcFor" : "",
  "milestoneFor" : "",
  "broken" : false,
  "downloadUrl" : "https://services.gradle.org/distributions/gradle-0.9-bin.zip",
  "checksumUrl" : "https://services.gradle.org/distributions/gradle-0.9-bin.zip.sha256"
}, {
  "version" : "0.9-rc-3",
  "buildTime" : "20101120131750+1100",
  "current" : false,
  "snapshot" : false,
  "nightly" : false,
  "releaseNightly" : false,
  "activeRc" : false,
  "rcFor" : "0.9",
  "milestoneFor" : "",
  "broken" : false,
  "downloadUrl" : "https://services.gradle.org/distributions/gradle-0.9-rc-3-bin.zip",
  "checksumUrl" : "https://services.gradle.org/distributions/gradle-0.9-rc-3-bin.zip.sha256"
}, {
  "version" : "0.9-rc-2",
  "buildTime" : "20101027082405+1100",
  "current" : false,
  "snapshot" : false,
  "nightly" : false,
  "releaseNightly" : false,
  "activeRc" : false,
  "rcFor" : "0.9",
  "milestoneFor" : "",
  "broken" : false,
  "downloadUrl" : "https://services.gradle.org/distributions/gradle-0.9-rc-2-bin.zip",
  "checksumUrl" : "https://services.gradle.org/distributions/gradle-0.9-rc-2-bin.zip.sha256"
}, {
  "version" : "0.9-rc-1",
  "buildTime" : "20100804080433+1100",
  "current" : false,
  "snapshot" : false,
  "nightly" : false,
  "releaseNightly" : false,
  "activeRc" : false,
  "rcFor" : "0.9",
  "milestoneFor" : "",
  "broken" : false,
  "downloadUrl" : "https://services.gradle.org/distributions/gradle-0.9-rc-1-bin.zip",
  "checksumUrl" : "https://services.gradle.org/distributions/gradle-0.9-rc-1-bin.zip.sha256"
}, {
  "version" : "0.8",
  "buildTime" : "20090928140159+0200",
  "current" : false,
  "snapshot" : false,
  "nightly" : false,
  "releaseNightly" : false,
  "activeRc" : false,
  "rcFor" : "",
  "milestoneFor" : "",
  "broken" : false,
  "downloadUrl" : "https://services.gradle.org/distributions/gradle-0.8-bin.zip",
  "checksumUrl" : "https://services.gradle.org/distributions/gradle-0.8-bin.zip.sha256"
}, {
  "version" : "0.7",
  "buildTime" : "20090720085013+0200",
  "current" : false,
  "snapshot" : false,
  "nightly" : false,
  "releaseNightly" : false,
  "activeRc" : false,
  "rcFor" : "",
  "milestoneFor" : "",
  "broken" : false,
  "downloadUrl" : "https://services.gradle.org/distributions/gradle-0.7-bin.zip",
  "checksumUrl" : "https://services.gradle.org/distributions/gradle-0.7-bin.zip.sha256"
} ]