{
  "resourceType": "CodeSystem",
  "id": "ncdhc-document-type-1",
  "meta": {
    "versionId": "1",
    "lastUpdated": "2019-10-01T03:06:34.061+00:00",
    "profile": [
      "http://hl7.org/fhir/StructureDefinition/shareablecodesystem",
	  "https://healthterminologies.gov.au/fhir/StructureDefinition/complete-code-system-2"
    ]
  },
  "text": {
    "status": "generated",
    "div": "<div xmlns=\"http://www.w3.org/1999/xhtml\"><h2>NCDHC Document Type</h2><tt>https://healthterminologies.gov.au/fhir/CodeSystem/ncdhc-document-type-1</tt><p>NCDHC Document types  that are applicable to all documents interactions with Data Hub.</p></div>"
  },
  "url": "https://healthterminologies.gov.au/fhir/CodeSystem/ncdhc-document-type-1",
  "identifier": {
    "system": "urn:ietf:rfc:3986",
    "value": "urn:oid:1.2.36.1.2001.1004.200.10022"
  },
  "version": "1.0.1",
  "name": "NCDHC Document Type",
  "title": "NCDHC Document Type",
  "status": "draft",
  "experimental": true,
  "date": "2018-12-31",
  "publisher": "Australian Digital Health Agency",
  "contact": [
    {
      "telecom": [
        {
          "system": "email",
          "value": "help@digitalhealth.gov.au"
        }
      ]
    }
  ],
"description": "Observation Interpretation Type",
 "copyright": "Copyright © 2019 Australian Digital Health Agency - All rights reserved. This content is licensed under a Creative Commons Attribution 4.0 International License. See https://creativecommons.org/licenses/by/4.0/.",
  "caseSensitive": true,
  "valueSet": "https://healthterminologies.gov.au/fhir/ValueSet/ncdhc-document-type-1/vs",
  "compositional": false,
  "versionNeeded": false,
  "content": "complete",
  "count": 13,
  "concept": [
     {
      "code": "NEWBRNDEL",
      "display": "Newborn Delivery",
      "definition": "A child is born, including details of the birth"
    },
    {
      "code": "NEWBRNDIS",
      "display": "Newborn Discharge",
      "definition": "A newborn child is discharged from care - discharge summary is generated"
    },
	{
      "code": "BRTHVW",
      "display": "Birth Consolidated View",
      "definition": "Birth Consolidated View"
    },
    {
      "code": "EXAM04W",
      "display": "Newborn Examination (Assessment) 0-4 weeks",
      "definition": "A newborn examination has been completed with an outcome recorded"
    },
	{
      "code": "EXAM68W",
      "display": "Newborn Examination (Assessment) 6-8 weeks",
      "definition": "A newborn examination has been completed with an outcome recorded"
    },
	{
      "code": "EXAM49M",
      "display": "Newborn Examination (Assessment) 4-9 months",
      "definition": "A newborn examination has been completed with an outcome recorded"
    },
	{
      "code": "EXAM12M",
      "display": "Newborn Examination (Assessment) 12 months",
      "definition": "A newborn examination has been completed with an outcome recorded"
    },
	{
      "code": "EXAM18M",
      "display": "Newborn Examination (Assessment) 18 months",
      "definition": "A newborn examination has been completed with an outcome recorded"
    },
	{
      "code": "EXAM23Y",
      "display": "Newborn Examination (Assessment) 2-3 yrs",
      "definition": "A newborn examination has been completed with an outcome recorded"
    },
	{
      "code": "EXAM34Y",
      "display": "Newborn Examination (Assessment) 3-4 yrs",
      "definition": "A newborn examination has been completed with an outcome recorded"
    },
	{
      "code": "EXAM45Y",
      "display": "Newborn Examination (Assessment) 4-5 yrs",
      "definition": "A newborn examination has been completed with an outcome recorded"
    },
    {
      "code": "NEWBRNEXAMMISD",
      "display": "Newborn Examination (Assessment) Missed",
      "definition": "A newborn examination has not been conducted"
    },
    {
      "code": "NEWBRNHEARSCN",
      "display": "Newborn Hearing Screen",
      "definition": "A newborn hearing screen has been completed with or without an outcome recorded"
    }
  ]
}