{
  "resourceType": "Bundle", 
  "id": "hca-14wks-request-payload-example", 
  "meta": {
    "versionId": "1",
    "lastUpdated": "2019-10-01T00:00:00Z"
  },
  "identifier": {
    "system": "urn:ietf:rfc:3986",
    "value": "urn:uuid:0h4151bd-1cbf-4d64-b04d-cd9187a4c6e1"
  },
  "type": "document",
  "entry": [
    {
      "fullUrl": "urn:uuid:280f219f-97a8-486d-99d9-ed631fe4fc59",
      "resource": {
        "resourceType": "Composition",
        "id": "280f219f-97a8-486d-99d9-ed631fe4fc59",
        "meta": {
          "versionId": "1",
          "lastUpdated": "2019-01-01T00:00:00Z",
          "profile": "http://hl7.org.au/fhir/ch/v1/StructureDefinition/ncdhc-composition-health-check-assessment"
        },
        "text": {
          "status": "generated",
          "div": "<div xmlns=\"http://www.w3.org/1999/xhtml\">Health Check Assessment 0-4 weeks recorded</div>"
        },
        "status": "final",
        "type": {
          "coding": [
            {
              "system": "http://hl7.org.au/fhir/ch/v1/CodeSystem/ncdhc-hi-type-1",
              "code": "HEALTHCKASSMT04W",
              "display": "Health Check Assessment 0-4 weeks"
            }
          ],
          "text": "Health Check Assessment 0-4 weeks"
        },
        "class": {
          "coding": [
            {
              "system": "http://hl7.org.au/fhir/ch/v1/CodeSystem/ncdhc-document-class-1",
              "code": "HEALTHCKASSMT",
              "display": "Health Check Assessment"
            }
          ],
          "text": "Health Check Assessment Health Interaction"
        },
        "subject": {
          "reference": "urn:uuid:dd78393f-37ca-4738-81d6-d9595b2e5d0f",
          "display": "Baby of Eve Bill"
        },
        "encounter":{
          "reference": "urn:uuid:741a72a8-df75-4484-ac89-ac4923f04b42"
        },
        "date": "2018-12-24T12:30:02Z",
        "author": [
          {
            "reference": "urn:uuid:3db74777-fd3d-4d3b-92ec-d405977a11a5",
            "display": "Dr. Adam Dev"
          }
        ],
        "title": "Health Check Assessment Health Interaction",
        "confidentiality": "N",
        "attester": [
          {
            "mode": "professional",
            "time": "2018-12-24T12:30:02Z",
            "party": {
              "reference": "urn:uuid:od78393f-37ca-4738-81d6-d9595b2e5d0f"
            }
          }
        ],
        "section": [
          {
            "title": "Vital Signs and Measurements",
            "code": {
              "coding": [
                {
                  "system": "http://loinc.org",
                  "code": "67795-5"
                }
              ]
            },
            "text": {
              "status": "additional",
              "div": "<div xmlns=\"http://www.w3.org/1999/xhtml\">Vital Signs</div>"
            },
            "entry": [
              {
                "reference": "urn:uuid:741a72a8-df75-4484-ac89-ac4923f03b42"
              },
              {
                "reference": "urn:uuid:841a72a8-df75-4484-ac89-ac4923f03b42"
              },
              {
                "reference": "urn:uuid:641a72a8-df75-4484-ac89-ac4923f03b41"
              }
            ]
          },
          {
            "title": "Health conditions section",
            "code": {
              "coding": [
                {
                  "system": "http://loinc.org",
                  "code": "46030-3"
                }
              ]
            },
            "text": {
              "status": "additional",
              "div": "<div xmlns=\"http://www.w3.org/1999/xhtml\">Health conditions section</div>"
            },
            "entry": [
              {
                "reference": "urn:uuid:011a72a8-df75-4484-ac89-ac4923f03b81"
              },
              {
                "reference": "urn:uuid:021a72a8-df75-4484-ac89-ac4923f03b81"
              },
              {
                "reference": "urn:uuid:031a72a8-df75-4484-ac89-ac4923f03b81"
              },
              {
                "reference": "urn:uuid:041a72a8-df75-4484-ac89-ac4923f03b81"
              },
              {
                "reference": "urn:uuid:051a72a8-df75-4484-ac89-ac4923f03b81"
              },
              {
                "reference": "urn:uuid:061a72a8-df75-4484-ac89-ac4923f03b81"
              },
              {
                "reference": "urn:uuid:071a72a8-df75-4484-ac89-ac4923f03b81"
              }
            ]
          }
        ]
      }
    },
    {
      "fullUrl": "urn:uuid:dd78393f-37ca-4738-81d6-d9595b2e5d0f",
      "resource": {
        "resourceType": "Patient",
        "text": {
          "status": "generated",
          "div": "<div xmlns=\"http://www.w3.org/1999/xhtml\">\n\t\t\t\t\t\t\n<h1>Baby of Eve Bill</h1>\n\t\t\t\t\t\n</div>"
        },
        "id": "dd78393f-37ca-4738-81d6-d9595b2e5d0f",
        "meta": {
          "versionId": "1",
          "lastUpdated": "2018-12-27T16:13:03Z",
          "profile": "http://hl7.org.au/fhir/ch/v1/StructureDefinition/ncdhc-patient-baby"
        },
        "extension": [
          {
            "url": "http://hl7.org/fhir/StructureDefinition/birthPlace",
            "valueAddress": {
              "text": "Blacktown Hospital"
            }
          }
        ],
        "identifier": [
          {
            "type": {
              "coding": [
                {
                  "system": "http://hl7.org/fhir/v2/0203",
                  "code": "NI",
                  "display": "National unique individual identifier"
                }
              ],
              "text": "IHI"
            },
            "system": "http://ns.electronichealth.net.au/id/hi/ihi/1.0",
            "value": "8003608000024083"
          },
          {
            "type": {
              "coding": [
                {
                  "system": "http://hl7.org/fhir/v2/0203",
                  "code": "MR",
                  "display": "Medical Record Number"
                }
              ],
              "text": "Medical Record Number"
            },
            "system": "http://ns.electronichealth.net.au/id/hpio-scoped/medicalrecord/1.0",
            "value": "8003620000000000",
            "assigner": {
              "display": "Blacktown Hospital"
            }
          }
        ],
        "active": true,
        "name": [
          {
            "text": "Baby of Eve Bill",
            "family": "Bill",
            "given": [
              "Baby of Eve"
            ]
          }
        ],
        "gender": "female",
        "birthDate": "2018-12-24",
        "_birthDate": {
          "extension": [
            {
              "url": "http://hl7.org/fhir/StructureDefinition/patient-birthTime",
              "valueDateTime": "2018-12-24T14:35:45-05:00"
            }
          ]
        },
        "address": [
          {
            "text": "home",
            "line": [
              "31 Pacquola Street"
            ],
            "city": "Blacktown",
            "state": "NSW",
            "postalCode": "2148",
            "country": "Australia"
          }
        ],
        "contact": [
          {
            "relationship": [
              {
                "coding": [
                  {
                    "system": "http://hl7.org/fhir/v3/RoleCode",
                    "code": "MTH",
                    "display": "mother"
                  }
                ],
                "text": "Mother"
              }
            ],
            "name": {
              "text": "Eve Bill",
              "family": "Bill",
              "given": [
                "Eve"
              ]
            }
          },
          {
            "relationship": [
              {
                "coding": [
                  {
                    "system": "http://hl7.org/fhir/v3/RoleCode",
                    "code": "FTH",
                    "display": "father"
                  }
                ],
                "text": "Father"
              }
            ],
            "name": {
              "text": "Simmons Bill",
              "family": "Bill",
              "given": [
                "Simmons"
              ]
            }
          }
        ]
      }
    },
    {
      "fullUrl": "urn:uuid:od78393f-37ca-4738-81d6-d9595b2e5d0f",
      "resource": {
        "resourceType": "Organization",
        "id": "od78393f-37ca-4738-81d6-d9595b2e5d0f",
        "text": {
          "status": "generated",
          "div": "<div xmlns=\"http://www.w3.org/1999/xhtml\"><p><b>Generated Narrative with Details</b></p><p><b>id</b>: od78393f-37ca-4738-81d6-d9595b2e5d0f</p><p><b>identifier</b>: ABN = 51824753556</p><p><b>type</b>: Healthcare Provider <span style=\"background: LightGoldenRodYellow\">(Details : {http://hl7.org/fhir/organization-type code 'prov' = 'Healthcare Provider', given as 'Healthcare Provider'})</span></p><p><b>name</b>: Blacktown Hospital</p><p><b>telecom</b>: enquiries@blacktownhospital.com.au(WORK)</p></div>"
        },
        "identifier" : [
          {
            "type" : {
              "coding" : [
                {
                  "system" : "http://hl7.org.au/fhir/v2/0203",
                  "code" : "NOI",
                  "display" : "National Organisation Identifier"
                }
              ],
              "text" : "HPI-O"
            },
            "system" : "http://ns.electronichealth.net.au/id/hi/hpio/1.0",
            "value" : "8003621566684455"
          }
        ],
        "type": [
          {
            "coding": [
              {
                "system": "http://hl7.org/fhir/organization-type",
                "code": "prov",
                "display": "Healthcare Provider"
              }
            ]
          }
        ],
        "name": "Blacktown Hospital",
        "telecom": [
          {
            "system": "email",
            "value": "enquiries@blacktownhospital.com.au",
            "use": "work"
          }
        ]
      }
    },
    {
      "fullUrl": "urn:uuid:3db74777-fd3d-4d3b-92ec-d405977a11a5",
      "resource": {
        "resourceType": "Practitioner",
        "id": "3db74777-fd3d-4d3b-92ec-d405977a11a5",
        "meta": {
          "versionId": "1",
          "lastUpdated": "2018-12-27T16:13:03Z"
        },
        "text": {
          "status": "generated",
          "div": "<div xmlns=\"http://www.w3.org/1999/xhtml\">\n\t\t\t\t\t\t\n<p>Dr Adam Dev</p>\n\t\t\t\t\t\n</div>"
        },
        "identifier": [
          {
            "type": {
              "coding": [
                {
                  "system": "http://hl7.org/fhir/v2/0203",
                  "code": "NPI",
                  "display": "National provider identifier"
                }
              ],
              "text": "HPI-I"
            },
            "system": "http://ns.electronichealth.net.au/id/hi/hpii/1.0",
            "value": "8003610833334085"
          }
        ],
        "active": true,
        "name": [
          {
            "family": "Dev",
            "given": [
              "Adam"
            ],
            "prefix": [
              "Dr"
            ]
          }
        ],
        "qualification": [
          {
            "identifier": [
              {
                "type": {
                  "coding": [
                    {
                      "system": "http://hl7.org.au/fhir/v2/0203",
                      "code": "AHPRA",
                      "display": "Australian Health Practitioner Regulation Agency Registration Number"
                    }
                  ],
                  "text": "AHPRA Registration Number"
                },
                "system": "http://hl7.org.au/id/ahpra-registration-number",
                "value": "MED0000932850"
              }
            ],
            "code": {
              "coding": [
                {
                  "system": "http://www.abs.gov.au/ausstats/abs@.nsf/mf/1220.0",
                  "code": "254111",
                  "display": "Midwife"
                }
              ],
              "text": "AHPRA qualification for Midwife"
            },
            "issuer": {
              "display": "AHPRA"
            }
          }
        ]
      }
    },
    {
      "fullUrl": "urn:uuid:pp78393f-37ca-4738-81d6-d9595b2e5d0d",
      "resource": {
        "resourceType": "Practitioner",
        "id": "dd78393f-37ca-4738-81d6-d9595b2e5d0d",
        "text": {
          "status": "generated",
          "div": "<div xmlns=\"http://www.w3.org/1999/xhtml\"><p><b>Generated Narrative with Details</b></p><p><b>id</b>: dd78393f-37ca-4738-81d6-d9595b2e5d0d</p><p><b>identifier</b>: HPI-I = 8003611234567893</p><p><b>name</b>: Dr. Carla Smith </p><h3>Qualifications</h3><table class=\"grid\"><tr><td>-</td><td><b>Identifier</b></td><td><b>Code</b></td><td><b>Issuer</b></td></tr><tr><td>*</td><td>AHPRA Registration Number = MED0000932850</td><td>AHPRA qualification for General Practitioner <span style=\"background: LightGoldenRodYellow\">(Details : {http://www.abs.gov.au/ausstats/abs@.nsf/mf/1220.0 code '253111' = '253111', given as 'General Medical Practitioner'})</span></td><td>AHPRA</td></tr></table></div>"
        },
        "identifier": [
          {
            "type": {
              "coding": [
                {
                  "system": "http://hl7.org/fhir/v2/0203",
                  "code": "NPI",
                  "display": "National provider identifier"
                }
              ],
              "text": "HPI-I"
            },
            "system": "http://ns.electronichealth.net.au/id/hi/hpii/1.0",
            "value": "8003611234567893"
          }
        ],
        "name": [
          {
            "family": "Carla",
            "given": [
              "Smith"
            ],
            "prefix": [
              "Dr"
            ]
          }
        ],
        "qualification": [
          {
            "identifier": [
              {
                "type": {
                  "coding": [
                    {
                      "system": "http://hl7.org.au/fhir/v2/0203",
                      "code": "AHPRA",
                      "display": "Australian Health Practitioner Regulation Agency Registration Number"
                    }
                  ],
                  "text": "AHPRA Registration Number"
                },
                "system": "http://hl7.org.au/id/ahpra-registration-number",
                "value": "MED0000932850"
              }
            ],
            "code": {
              "coding": [
                {
                  "system": "http://www.abs.gov.au/ausstats/abs@.nsf/mf/1220.0",
                  "code": "253111",
                  "display": "General Medical Practitioner"
                }
              ],
              "text": "AHPRA qualification for General Practitioner"
            },
            "issuer": {
              "display": "AHPRA"
            }
          }
        ]
      }
    },

    {
      "fullUrl": "urn:uuid:741a72a8-df75-4484-ac89-ac4923f04b42",
      "resource":{
        "resourceType": "Encounter",
        "contained": [
          {
            "resourceType": "Location",
            "id": "lc78393f-37ca-4738-81d6-d9595b2e5d0f",
            "status": "active",
            "name": "Blacktown Hospital"
          }
        ],
        "id": "741a72a8-df75-4484-ac89-ac4923f04b42",
        "meta": {
          "versionId": "1",
          "lastUpdated": "2019-11-19T00:00:00Z",
          "profile": "http://hl7.org.au/fhir/ch/v1/StructureDefinition/ncdhc-encounter"
        },
        "text": {
          "status": "generated",
          "div": "<div xmlns=\"http://www.w3.org/1999/xhtml\"><p><b>Sample Encounter</b></p></div>"
        },
        "status": "finished",
        "subject": {
          "reference": "Patient/dd78393f-37ca-4738-81d6-d9595b2e5d0f"
        },
        "participant": [
          {
            "type": [
              {
                "coding": [
                  {
                    "system": "http://hl7.org/fhir/v3/ParticipationType",
                    "code": "CALLBCK",
                    "display": "callback contact"
                  }
                ],
                "text": "Clinically responsible person"
              }
            ],
            "individual": {
              "reference": "Practitioner/3db74777-fd3d-4d3b-92ec-d405977a11a5"
            }
          }
        ],
        "period": {
          "start": "2019-11-17T16:00:00+10:00",
          "end": "2019-11-17T16:00:00+10:00"
        },
        "serviceProvider": {
          "reference": "Organization/od78393f-37ca-4738-81d6-d9595b2e5d0f"
        },
        "location": [
          {
            "location": {
              "reference": "#lc78393f-37ca-4738-81d6-d9595b2e5d0f"
            }
          }
        ]
      }
    },
    {
      "fullUrl": "urn:uuid:741a72a8-df75-4484-ac89-ac4923f03b42",
      "resource": {
        "resourceType": "Observation",
        "meta": {
          "versionId": "1",
          "lastUpdated": "2019-10-27T16:13:03Z",
          "profile": "http://hl7.org.au/fhir/ch/v1/StructureDefinition/ncdhc-observation-vitalsign-bodyweight"
        },
        "text": {
          "status": "additional",
          "div": "<div xmlns=\"http://www.w3.org/1999/xhtml\">Body Weight recorded : 10.09414 kg</div>"
        },
        "id": "741a72a8-df75-4484-ac89-ac4923f03b42",
        "status": "final",
        "category": [
          {
            "coding": [
              {
                "system": "http://hl7.org/fhir/observation-category",
                "code": "vital-signs",
                "display": "Vital Signs"
              }
            ],
            "text": "Vital Signs"
          }
        ],
        "code": {
          "coding": [
            {
              "system": "http://loinc.org",
              "code": "29463-7",
              "display": "Body Weight"
            },
            {
              "system": "http://snomed.info/sct",
              "code": "27113001",
              "display": "Body weight"
            },
            {
              "system": "http://snomed.info/sct",
              "code": "364589006",
              "display": "Birth weight"
            }
          ],
          "text": "Body Weight"
        },
        "subject": {
          "reference": "urn:uuid:dd78393f-37ca-4738-81d6-d9595b2e5d0f",
          "display": "Baby of Eve Bill"
        },
        "effectiveDateTime": "2018-12-27T16:13:03Z",
        "performer": [
          {
            "reference": "urn:uuid:pp78393f-37ca-4738-81d6-d9595b2e5d0d",
            "display": "Examiner"
          },
          {
            "reference": "Organization/od78393f-37ca-4738-81d6-d9595b2e5d0f",
            "display": "Organisation"
          }
        ],
        "valueQuantity": {
          "value": 10.09414,
          "unit": "kg",
          "system": "http://unitsofmeasure.org",
          "code": "kg"
        }
      }
    },
    {
      "fullUrl": "urn:uuid:841a72a8-df75-4484-ac89-ac4923f03b42",
      "resource": {
        "resourceType": "Observation",
        "id": "841a72a8-df75-4484-ac89-ac4923f03b42",
        "meta": {
          "profile": [
            "http://hl7.org.au/fhir/ch/v1/StructureDefinition/ncdhc-observation-vitalsign-bodyheight"
          ]
        },
        "text": {
          "status": "generated",
          "div": "<div xmlns=\"http://www.w3.org/1999/xhtml\">Body height measured. The result is 25 cm</div>"
        },
        "status": "final",
        "category": [
          {
            "coding": [
              {
                "system": "http://hl7.org/fhir/observation-category",
                "code": "vital-signs",
                "display": "Vital Signs"
              }
            ],
            "text": "Vital Signs"
          }
        ],
        "code": {
          "coding": [
            {
              "system": "http://loinc.org",
              "code": "8302-2",
              "display": "Body height"
            },
            {
              "system": "http://snomed.info/sct",
              "code": "248334005",
              "display": "Length of body"
            },
            {
              "system": "http://snomed.info/sct",
              "code": "169886007",
              "display": "Birth length"
            }
          ],
          "text": "Length of body"
        },
        "subject": {
          "reference": "urn:uuid:dd78393f-37ca-4738-81d6-d9595b2e5d0f"
        },
        "effectiveDateTime": "2019-01-02",
        "performer": [
           {
            "reference": "urn:uuid:pp78393f-37ca-4738-81d6-d9595b2e5d0d",
            "display": "Examiner"
          },
          {
            "reference": "Organization/od78393f-37ca-4738-81d6-d9595b2e5d0f",
            "display": "Organisation"
          }
        ],
        "valueQuantity": {
          "value": 25,
          "unit": "cm",
          "system": "http://unitsofmeasure.org",
          "code": "cm"
        }
      }
    },
    {
      "fullUrl": "urn:uuid:641a72a8-df75-4484-ac89-ac4923f03b41",
      "resource": {
        "resourceType": "Observation",
        "id": "641a72a8-df75-4484-ac89-ac4923f03b41",
        "meta": {
          "profile": [
            "http://hl7.org.au/fhir/ch/v1/StructureDefinition/ncdhc-observation-vitalsign-headcircum"
          ]
        },
        "text": {
          "status": "generated",
          "div": "<div xmlns=\"http://www.w3.org/1999/xhtml\">Head circumference Assessed. The result is 51.2 cm</div>"
        },
        "status": "final",
        "category": [
          {
            "coding": [
              {
                "system": "http://hl7.org/fhir/observation-category",
                "code": "vital-signs",
                "display": "Vital Signs"
              }
            ],
            "text": "Vital Signs"
          }
        ],
        "code": {
          "coding": [
            {
              "system": "http://loinc.org",
              "code": "8287-5",
              "display": "Head Occipital-frontal circumference by Tape measure"
            },
            {
              "system": "http://snomed.info/sct",
              "code": "363812007",
              "display": "Head circumference"
            },
            {
              "system": "http://snomed.info/sct",
              "code": "169876006",
              "display": "Birth head circumference"
            }
          ],
          "text": "Head circumference"
        },
        "subject": {
          "reference": "urn:uuid:dd78393f-37ca-4738-81d6-d9595b2e5d0f"
        },
        "effectiveDateTime": "2019-01-02",
        "performer": [
           {
            "reference": "urn:uuid:pp78393f-37ca-4738-81d6-d9595b2e5d0d",
            "display": "Examiner"
          },
          {
            "reference": "Organization/od78393f-37ca-4738-81d6-d9595b2e5d0f",
            "display": "Organisation"
          }
        ],
        "valueQuantity": {
          "value": 51.2,
          "unit": "cm",
          "system": "http://unitsofmeasure.org",
          "code": "cm"
        }
      }
    },
    {
      "fullUrl": "urn:uuid:011a72a8-df75-4484-ac89-ac4923f03b81",
      "resource": {
        "resourceType": "Observation",
        "text": {
          "status": "additional",
          "div": "<div xmlns=\"http://www.w3.org/1999/xhtml\">Head Shape Assessed. The result is NORMAL</div>"
        },
        "id": "011a72a8-df75-4484-ac89-ac4923f03b81",
        "meta": {
          "versionId": "1",
          "lastUpdated": "2018-12-27T16:13:03Z",
          "profile": "http://hl7.org.au/fhir/ch/v1/StructureDefinition/ncdhc-observation-head-shape"
        },
        "status": "final",
        "category": [
          {
            "coding": [
              {
                "system": "http://hl7.org.au/fhir/ch/v1/CodeSystem/ncdhc-hi-type-1",
                "code": "HEALTHCKASSMT04W",
                "display": "Health Check Assessment 0-4 weeks"
              }
            ],
            "text": "Health Check Assessment 0-4 weeks"
          }
        ],
        "code": {
          "coding": [
            {
              "system": "http://snomed.info/sct",
              "code": "364407007",
              "display": "Appearance of head"
            }
          ]
        },
        "subject": {
          "reference": "urn:uuid:dd78393f-37ca-4738-81d6-d9595b2e5d0f",
          "display": "Baby of Eve Bill"
        },
        "effectiveDateTime": "2018-12-27T16:13:03Z",
        "performer": [
          {
            "reference": "urn:uuid:pp78393f-37ca-4738-81d6-d9595b2e5d0d",
            "display": "Examiner"
          },
          {
            "reference": "Organization/od78393f-37ca-4738-81d6-d9595b2e5d0f",
            "display": "Organisation"
          }
        ],
        "valueCodeableConcept": {
          "coding": [
            {
              "system": "http://snomed.info/sct",
              "code": "443938003",
              "display": "Procedure carried out on subject"
            }
          ]
        },
        "interpretation": {
          "coding": [
            {
              "system": "http://snomed.info/sct",
              "code": "17621005",
              "display": "Normal"
            }
          ]
        },
        "comment": "Completed"
      }
    },
    {
      "fullUrl": "urn:uuid:021a72a8-df75-4484-ac89-ac4923f03b81",
      "resource": {
        "resourceType": "Observation",
        "text": {
          "status": "additional",
          "div": "<div xmlns=\"http://www.w3.org/1999/xhtml\">Fontanelles and Sutures Assessed.</div>"
        },
        "id": "021a72a8-df75-4484-ac89-ac4923f03b81",
        "meta": {
          "versionId": "1",
          "lastUpdated": "2018-12-27T16:13:03Z",
          "profile": "http://hl7.org.au/fhir/ch/v1/StructureDefinition/ncdhc-observation-sutures-fontanelles"
        },
        "status": "final",
        "code": {
          "coding": [
            {
              "system": "http://snomed.info/sct",
              "code": "7352004",
              "display": "Fontanel closure, function (observable entity)"
            }
          ]
        },
        "subject": {
          "reference": "urn:uuid:dd78393f-37ca-4738-81d6-d9595b2e5d0f",
          "display": "Baby of Eve Bill"
        },
        "effectiveDateTime": "2018-12-27T16:13:03Z",
        "performer": [
          {
            "reference": "urn:uuid:pp78393f-37ca-4738-81d6-d9595b2e5d0d",
            "display": "Examiner"
          },
          {
            "reference": "Organization/od78393f-37ca-4738-81d6-d9595b2e5d0f",
            "display": "Organisation"
          }
        ],
        "valueCodeableConcept": {
          "coding": [
            {
              "system": "http://snomed.info/sct",
              "code": "443938003",
              "display": "Procedure carried out on subject"
            }
          ]
        },
        "interpretation": {
          "coding": [
            {
              "system": "http://snomed.info/sct",
              "code": "17621005",
              "display": "Normal"
            }
          ]
        },
        "comment": "Completed"
      }
    },
    {
      "fullUrl": "urn:uuid:031a72a8-df75-4484-ac89-ac4923f03b81",
      "resource": {
        "resourceType": "Observation",
        "text": {
          "status": "additional",
          "div": "<div xmlns=\"http://www.w3.org/1999/xhtml\">Ears Assessed.</div>"
        },
        "id": "031a72a8-df75-4484-ac89-ac4923f03b81",
        "meta": {
          "versionId": "1",
          "lastUpdated": "2018-12-27T16:13:03Z",
          "profile": "http://hl7.org.au/fhir/ch/v1/StructureDefinition/ncdhc-observation-ears"
        },
        "status": "final",
        "code": {
          "coding": [
            {
              "system": "http://snomed.info/sct",
              "code": "363991003",
              "display": "Ear observable"
            }
          ]
        },
        "subject": {
          "reference": "urn:uuid:dd78393f-37ca-4738-81d6-d9595b2e5d0f",
          "display": "Baby of Eve Bill"
        },
        "effectiveDateTime": "2018-12-27T16:13:03Z",
        "performer": [
          {
            "reference": "urn:uuid:pp78393f-37ca-4738-81d6-d9595b2e5d0d",
            "display": "Examiner"
          },
          {
            "reference": "Organization/od78393f-37ca-4738-81d6-d9595b2e5d0f",
            "display": "Organisation"
          }
        ],
        "valueCodeableConcept": {
          "coding": [
            {
              "system": "http://snomed.info/sct",
              "code": "443938003",
              "display": "Procedure carried out on subject"
            }
          ]
        },
        "component": [
          {
            "code": {
              "coding": [
                {
                  "system": "http://snomed.info/sct",
                  "code": "89644007",
                  "display": "Left ear"
                }
              ]
            },
            "interpretation": {
              "coding": [
                {
                  "system": "http://snomed.info/sct",
                  "code": "17621005",
                  "display": "Normal"
                }
              ]
            }
          },
          {
            "code": {
              "coding": [
                {
                  "system": "http://snomed.info/sct",
                  "code": "25577004",
                  "display": "Right ear"
                }
              ]
            },
            "interpretation": {
              "coding": [
                {
                  "system": "http://snomed.info/sct",
                  "code": "17621005",
                  "display": "Normal"
                }
              ]
            }
          }
        ],
        "comment": "Completed"
      }
    },
    {
      "fullUrl": "urn:uuid:041a72a8-df75-4484-ac89-ac4923f03b81",
      "resource": {
        "resourceType": "Observation",
        "text": {
          "status": "additional",
          "div": "<div xmlns=\"http://www.w3.org/1999/xhtml\">Eyes Assessed.</div>"
        },
        "id": "041a72a8-df75-4484-ac89-ac4923f03b81",
        "meta": {
          "versionId": "1",
          "lastUpdated": "2018-12-27T16:13:03Z",
          "profile": "http://hl7.org.au/fhir/ch/v1/StructureDefinition/ncdhc-observation-eyes"
        },
        "status": "final",
        "code": {
          "coding": [
            {
              "system": "http://snomed.info/sct",
              "code": "363926002",
              "display": "Eye/vision observable (observable entity)"
            }
          ]
        },
        "subject": {
          "reference": "urn:uuid:dd78393f-37ca-4738-81d6-d9595b2e5d0f",
          "display": "Baby of Eve Bill"
        },
        "effectiveDateTime": "2018-12-27T16:13:03Z",
        "performer": [
          {
            "reference": "urn:uuid:pp78393f-37ca-4738-81d6-d9595b2e5d0d",
            "display": "Examiner"
          },
          {
            "reference": "Organization/od78393f-37ca-4738-81d6-d9595b2e5d0f",
            "display": "Organisation"
          }
        ],
        "valueCodeableConcept": {
          "coding": [
            {
              "system": "http://snomed.info/sct",
              "code": "443938003",
              "display": "Procedure carried out on subject"
            }
          ]
        },
        "component": [
          {
            "code": {
              "coding": [
                {
                  "system": "http://snomed.info/sct",
                  "code": "8966001",
                  "display": "Left eye"
                }
              ]
            },
            "interpretation": {
              "coding": [
                {
                  "system": "http://snomed.info/sct",
                  "code": "17621005",
                  "display": "Normal"
                }
              ]
            }
          },
          {
            "code": {
              "coding": [
                {
                  "system": "http://snomed.info/sct",
                  "code": "18944008",
                  "display": "OD - right eye"
                }
              ]
            },
            "interpretation": {
              "coding": [
                {
                  "system": "http://snomed.info/sct",
                  "code": "17621005",
                  "display": "Normal"
                }
              ]
            }
          }
        ],
        "comment": "Completed"
      }
    },
    {
      "fullUrl": "urn:uuid:051a72a8-df75-4484-ac89-ac4923f03b81",
      "resource": {
        "resourceType": "Observation",
        "text": {
          "status": "additional",
          "div": "<div xmlns=\"http://www.w3.org/1999/xhtml\">Mouth Palate Assessed. The result is NORMAL</div>"
        },
        "id": "051a72a8-df75-4484-ac89-ac4923f03b81",
        "meta": {
          "versionId": "1",
          "lastUpdated": "2018-12-27T16:13:03Z",
          "profile": "http://hl7.org.au/fhir/ch/v1/StructureDefinition/ncdhc-observation-mouth-palate"
        },
        "status": "final",
        "code": {
          "coding": [
            {
              "system": "http://snomed.info/sct",
              "code": "249390006",
              "display": "Palate observations"
            }
          ]
        },
        "subject": {
          "reference": "urn:uuid:dd78393f-37ca-4738-81d6-d9595b2e5d0f",
          "display": "Baby of Eve Bill"
        },
        "effectiveDateTime": "2018-12-27T16:13:03Z",
        "performer": [
          {
            "reference": "urn:uuid:pp78393f-37ca-4738-81d6-d9595b2e5d0d",
            "display": "Examiner"
          },
          {
            "reference": "Organization/od78393f-37ca-4738-81d6-d9595b2e5d0f",
            "display": "Organisation"
          }
        ],
        "valueCodeableConcept": {
          "coding": [
            {
              "system": "http://snomed.info/sct",
              "code": "443938003",
              "display": "Procedure carried out on subject"
            }
          ]
        },
        "interpretation": {
          "coding": [
            {
              "system": "http://snomed.info/sct",
              "code": "17621005",
              "display": "Normal"
            }
          ]
        },
        "comment": "Completed"
      }
    },
    {
      "fullUrl": "urn:uuid:061a72a8-df75-4484-ac89-ac4923f03b81",
      "resource": {
        "resourceType": "Observation",
        "text": {
          "status": "additional",
          "div": "<div xmlns=\"http://www.w3.org/1999/xhtml\">Cardiovascular Assessed. The result is NORMAL</div>"
        },
        "id": "061a72a8-df75-4484-ac89-ac4923f03b81",
        "meta": {
          "versionId": "1",
          "lastUpdated": "2018-12-27T16:13:03Z",
          "profile": "http://hl7.org.au/fhir/ch/v1/StructureDefinition/ncdhc-observation-cardiovascular-dr"
        },
        "status": "final",
        "code": {
          "coding": [
            {
              "system": "http://snomed.info/sct",
              "code": "70337006",
              "display": "Cardiovascular function"
            }
          ]
        },
        "subject": {
          "reference": "urn:uuid:dd78393f-37ca-4738-81d6-d9595b2e5d0f",
          "display": "Baby of Eve Bill"
        },
        "effectiveDateTime": "2018-12-27T16:13:03Z",
        "performer": [
          {
            "reference": "urn:uuid:pp78393f-37ca-4738-81d6-d9595b2e5d0d",
            "display": "Examiner"
          },
          {
            "reference": "Organization/od78393f-37ca-4738-81d6-d9595b2e5d0f",
            "display": "Organisation"
          }
        ],
        "valueCodeableConcept": {
          "coding": [
            {
              "system": "http://snomed.info/sct",
              "code": "443938003",
              "display": "Procedure carried out on subject"
            }
          ]
        },
        "interpretation": {
          "coding": [
            {
              "system": "http://snomed.info/sct",
              "code": "17621005",
              "display": "Normal"
            }
          ]
        },
        "comment": "Completed"
      }
    },
    {
      "fullUrl": "urn:uuid:071a72a8-df75-4484-ac89-ac4923f03b81",
      "resource": {
        "resourceType": "Observation",
        "text": {
          "status": "additional",
          "div": "<div xmlns=\"http://www.w3.org/1999/xhtml\">Reflex Assessed. The result is NORMAL</div>"
        },
        "id": "071a72a8-df75-4484-ac89-ac4923f03b81",
        "meta": {
          "versionId": "1",
          "lastUpdated": "2018-12-27T16:13:03Z",
          "profile": "http://hl7.org.au/fhir/ch/v1/StructureDefinition/ncdhc-observation-reflexes"
        },
        "status": "final",
		"category": [
          {
            "coding": [
              {
                "system": "http://hl7.org.au/fhir/ch/v1/CodeSystem/ncdhc-hi-type-1",
                "code": "HEALTHCKASSMT04W",
                "display": "Health Check Assessment 0-4 weeks"
              }
            ],
            "text": "Health Check Assessment 0-4 weeks"
          }
        ],
        "code": {
          "coding": [
            {
              "system": "http://snomed.info/sct",
              "code": "87572000",
              "display": "Reflex"
            }
          ]
        },
        "subject": {
          "reference": "urn:uuid:dd78393f-37ca-4738-81d6-d9595b2e5d0f",
          "display": "Baby of Eve Bill"
        },
        "effectiveDateTime": "2018-12-27T16:13:03Z",
        "performer": [
          {
            "reference": "urn:uuid:pp78393f-37ca-4738-81d6-d9595b2e5d0d",
            "display": "Examiner"
          },
          {
            "reference": "urn:uuid:od78393f-37ca-4738-81d6-d9595b2e5d0f",
            "display": "Organisation"
          }
        ],
        "valueCodeableConcept": {
          "coding": [
            {
              "system": "http://snomed.info/sct",
              "code": "443938003",
              "display": "Procedure carried out on subject"
            }
          ]
        },
        "interpretation": {
          "coding": [
            {
              "system": "http://snomed.info/sct",
              "code": "17621005",
              "display": "Normal"
            }
          ]
        },
        "comment": "Completed"
      }
    }
  ]
}