{
    "resourceType": "Bundle",
    "id": "878393f-37ca-4738-81d6-e9595b2e5d0l",
    "meta": {
      "lastUpdated": "2019-01-07T01:43:30Z"
    },
    "type": "searchset",
    "total": 1,
    "entry": [
      {
        "fullUrl": "https://ncdhc.gov.au/fhir/v1.0.0/Consent/3db74777-fd3d-4d3b-92ec-d405977a11a5",
        "resource": {
          "resourceType": "Consent",
          "text": {
            "status": "generated",
            "div": "<div xmlns=\"http://www.w3.org/1999/xhtml\">\n\t\t\t\t\t\t\n<h1>Active Consent found</h1>\n\t\t\t\t\t\n</div>"
          },
          "id": "3db74777-fd3d-4d3b-92ec-d405977a11a5",
          "meta": {
            "versionId": "1",
            "lastUpdated": "2018-12-27T16:13:03Z",
            "profile": "http://hl7.org.au/fhir/StructureDefinition/au-consent"
          },
          "status": "active",
          "patient": {
            "reference": "Patient/dd78393f-37ca-4738-81d6-e9595b2e5d0k",
            "display": "Eve Bill"
          }
        },
        "search": {
          "mode": "match"
        }
      }
    ]
  }