{
        "resourceType" : "Observation",
        "id" : "observation-hips-normal-example",
        "meta" : {
          "versionId" : "1",
          "lastUpdated" : "2018-12-27T16:13:03Z",
          "profile" : [
            "http://hl7.org.au/fhir/ch/v1/StructureDefinition/ncdhc-observation-hips"
          ]
        },
        "text" : {
          "status" : "additional",
          "div" : "<div xmlns=\"http://www.w3.org/1999/xhtml\">Hip stability is assessed. The result is NORMAL</div>"
        },
        "status" : "final",
        "code" : {
          "coding" : [
            {
              "system" : "http://snomed.info/sct",
              "code" : "250100005",
              "display" : "Hip joint stability"
            }
          ]
        },
        "subject" : {
          "reference" : "Patient/patient-baby-example",
          "display" : "Baby of Eve Bill"
        },
        "effectiveDateTime" : "2018-12-27T16:13:03Z",
        "performer" : [
          {
            "reference" : "Practitioner/examiner-practitioner",
            "display" : "Examiner"
          },
          {
            "reference" : "Organization/examiner-organization",
            "display" : "Organisation"
          }
        ],
        "valueCodeableConcept" : {
          "coding" : [
            {
              "system" : "http://snomed.info/sct",
              "code" : "443938003",
              "display" : "Procedure carried out on subject"
            }
          ]
        },
        "interpretation" : {
          "coding" : [
            {
              "system" : "http://snomed.info/sct",
              "code" : "17621005",
              "display" : "Normal"
            }
          ]
        },
        "comment" : "Completed"
      }