{
  "resourceType": "QuestionnaireResponse",
  "id": "hca-6-8wk-qa-en-s1",
  "questionnaire": {
    "reference": "Questionnaire/hca-6-8wk-q-en-s1",
    "display": "6-8 Week"
  },
  "status": "completed",
  "subject": {
    "reference": "Patient/patient-baby-example"
  },
  "item": [
    {
      "id": "1.0.0.0",
      "linkId": "1",
      "text": "Venue",
      "subject": {
        "reference": "Encounter/ncdhc-encounter-example"
      },
      "answer": [
        {
          "valueString": "Blacktown CHC"
        }
      ]
    },
    {
      "id": "2.0.0.0",
      "linkId": "2",
      "text": "Date / Time",
      "subject": {
        "reference": "Encounter/ncdhc-encounter-example"
      },
      "answer": [
        {
          "valueDateTime": "2018-02-14T17:42:00-05:00"
        }
      ]
    },
    {
      "id": "3.0.0.0",
      "linkId": "3",
      "text": "Child's Age",
      "subject": {
        "reference": "Patient/patient-baby-example"
      },
      "answer": [
        {
          "valueString": "6 weeks 2 days"
        }
      ]
    },
    {
      "id": "4.0.0.0",
      "linkId": "18",
      "text": "Skin",
      "answer": [
        {
          "valueString": "Normal",
          "item": [
            {
              "id": "4.1.0.1",
              "linkId": "18.1",
              "subject": {
                "reference": "Observation/observation-skin-normal-example"
              },
              "item": [
                {
                  "id": "4.1.1.1",
                  "linkId": "18.1.1",
                  "text": "Outcome",
                  "answer": [
                    {
                      "valueCoding": {
                        "system": "http://snomed.info/sct",
                        "code": "17621005",
                        "display": "Normal"
                      }
                    }
                  ]
                },
                {
                  "id": "4.1.2.1",
                  "linkId": "18.1.2",
                  "text": "Comments",
                  "answer": [
                    {
                      "valueString": "Comment goes here"
                    }
                  ]
                }
              ]
            }
          ]
        }
      ]
    },
    {
      "id": "5.0.0.0",
      "linkId": "4",
      "text": "Weight",
      "answer": [
        {
          "valueString": "Normal",
          "item": [
            {
              "id": "5.1.0.1",
              "linkId": "4.1",
              "subject": {
                "reference": "Observation/observation-vitalsign-bodyweight-example"
              },
              "item": [
                {
                  "id": "5.1.1.1",
                  "linkId": "4.1.1",
                  "text": "Value",
                  "answer": [
                    {
                      "valueString": "5.7kg"
                    }
                  ]
                },
                {
                  "id": "5.1.2.1",
                  "linkId": "4.1.2",
                  "text": "Outcome",
                  "answer": [
                    {
                      "valueCoding": {
                        "system": "http://snomed.info/sct",
                        "code": "17621005",
                        "display": "Normal"
                      }
                    }
                  ]
                },
                {
                  "id": "5.1.3.1",
                  "linkId": "4.1.3",
                  "text": "Comments",
                  "answer": [
                    {
                      "valueString": "Comment goes here"
                    }
                  ]
                }
              ]
            }
          ]
        }
      ]
    },
    {
      "id": "6.0.0.0",
      "linkId": "5",
      "text": "Length",
      "answer": [
        {
          "valueString": "Normal",
          "item": [
            {
              "id": "6.1.0.1",
              "linkId": "5.1",
              "subject": {
                "reference": "Observation/observation-vitalsign-bodyheight-example"
              },
              "item": [
                {
                  "id": "6.1.1.1",
                  "linkId": "5.1.1",
                  "text": "Value",
                  "answer": [
                    {
                      "valueString": "58.2cm"
                    }
                  ]
                },
                {
                  "id": "6.1.2.1",
                  "linkId": "5.1.2",
                  "text": "Outcome",
                  "answer": [
                    {
                      "valueCoding": {
                        "system": "http://snomed.info/sct",
                        "code": "17621005",
                        "display": "Normal"
                      }
                    }
                  ]
                },
                {
                  "id": "6.1.3.1",
                  "linkId": "5.1.3",
                  "text": "Comments",
                  "answer": [
                    {
                      "valueString": "NA"
                    }
                  ]
                }
              ]
            }
          ]
        }
      ]
    },
    {
      "id": "7.0.0.0",
      "linkId": "6",
      "text": "Head Circumference",
      "answer": [
        {
          "valueString": "Normal",
          "item": [
            {
              "id": "7.1.0.1",
              "linkId": "6.1",
              "subject": {
                "reference": "Observation/observation-vitalsign-headcircum-example"
              },
              "item": [
                {
                  "id": "7.1.1.1",
                  "linkId": "6.1.1",
                  "text": "Value",
                  "answer": [
                    {
                      "valueString": "39.6cm"
                    }
                  ]
                },
                {
                  "id": "7.1.2.1",
                  "linkId": "6.1.2",
                  "text": "Outcome",
                  "answer": [
                    {
                      "valueCoding": {
                        "system": "http://snomed.info/sct",
                        "code": "17621005",
                        "display": "Normal"
                      }
                    }
                  ]
                },
                {
                  "id": "7.1.3.1",
                  "linkId": "6.1.3",
                  "text": "Comments",
                  "answer": [
                    {
                      "valueString": "Comment goes here"
                    }
                  ]
                }
              ]
            }
          ]
        }
      ]
    },
    {
      "id": "8.0.0.0",
      "linkId": "7",
      "text": "Head Shape",
      "answer": [
          {
            "valueString": "Not available",
            "item": [
              {
                "id": "8.1.0.1",
                "linkId": "7.1",
                "subject": {
                  "reference": "Observation/observation-head-shape-normal-example"
                },
                "item": [
                  {
                    "id": "8.1.1.1",
                    "linkId": "7.1.1",
                    "text": "Outcome",
                    "answer": [
                      {
                        "valueCoding": {
                          "system": "http://hl7.org/fhir/data-absent-reason",
                          "code": "not-performed",
                          "display": "Not Performed"
                        }
                      }
                    ]
                  },
                  {
                    "id": "8.1.2.1",
                    "linkId": "7.1.2",
                    "text": "Comments",
                    "answer": [
                      {
                        "valueString": "Comment goes here"
                      }
                    ]
                  }
                ]
              }
            ]
          }
      ]
    },
    {
      "id": "9.0.0.0",
      "linkId": "8",
      "text": "Fontanelles",
      "answer": [
        {
          "valueString": "Normal",
          "item": [
            {
              "id": "9.1.0.1",
              "linkId": "8.1",
              "subject": {
                "reference": "Observation/observation-fontanelles-normal-example"
              },
              "item": [
                {
                  "id": "9.1.1.1",
                  "linkId": "8.1.1",
                  "text": "Outcome",
                  "answer": [
                    {
                      "valueCoding": {
                        "system": "http://snomed.info/sct",
                        "code": "17621005",
                        "display": "Normal"
                      }
                    }
                  ]
                },
                {
                  "id": "9.1.2.1",
                  "linkId": "8.1.2",
                  "text": "Comments",
                  "answer": [
                    {
                      "valueString": "Comment goes here"
                    }
                  ]
                }
              ]
            }
          ]
        }
      ]
    },
    {
      "id": "10.0.0.0",
      "linkId": "9",
      "text": "Ears",
      "answer": [
        {
          "valueString": "Show Details",
          "item": [
            {
              "id": "10.1.0.1",
              "linkId": "9.1",
              "subject": {
                "reference": "Observation/observation-ears-normal-example"
              },
              "item": [
                {
                  "id": "10.1.1.1",
                  "linkId": "9.1.1",
                  "text": "Left",
                  "answer": [
                    {
                      "valueCoding": {
                        "system": "http://snomed.info/sct",
                        "code": "17621005",
                        "display": "Normal"
                      }
                    }
                  ]
                },
                {
                  "id": "10.1.2.1",
                  "linkId": "9.1.2",
                  "text": "Right",
                  "answer": [
                    {
                      "valueCoding": {
                        "system": "http://snomed.info/sct",
                        "code": "17621005",
                        "display": "Normal"
                      }
                    }
                  ]
                },
                {
                  "id": "10.1.3.1",
                  "linkId": "9.1.3",
                  "text": "Comments",
                  "answer": [
                    {
                      "valueString": "Comment goes here"
                    }
                  ]
                }
              ]
            }
          ]
        }
      ]
    },
    {
      "id": "11.0.0.0",
      "linkId": "10",
      "text": "Eyes",
      "answer": [
        {
          "valueString": "Show Details",
          "item": [
            {
              "id": "11.1.0.1",
              "linkId": "10.1",
              "subject": {
                "reference": "Observation/observation-eyes-normal-example"
              },
              "item": [
                {
                  "id": "11.1.1.1",
                  "linkId": "10.1.1",
                  "text": "Left",
                  "answer": [
                    {
                      "valueCoding": {
                        "system": "http://snomed.info/sct",
                        "code": "17621005",
                        "display": "Normal"
                      }
                    }
                  ]
                },
                {
                  "id": "11.1.2.1",
                  "linkId": "10.1.2",
                  "text": "Right",
                  "answer": [
                    {
                      "valueCoding": {
                        "system": "http://snomed.info/sct",
                        "code": "17621005",
                        "display": "Normal"
                      }
                    }
                  ]
                },
                {
                  "id": "11.1.3.1",
                  "linkId": "10.1.3",
                  "text": "Comments",
                  "answer": [
                    {
                      "valueString": "Both eyes assessed as normal"
                    }
                  ]
                }
              ]
            }
          ]
        }
      ]
    },
    {
      "id": "12.0.0.0",
      "linkId": "11",
      "text": "Mouth Palate",
      "answer": [
        {
          "valueString": "Normal",
          "item": [
            {
              "id": "12.1.0.1",
              "linkId": "11.1",
              "subject": {
                "reference": "Observation/observation-mouthpalate-normal-example"
              },
              "item": [
                {
                  "id": "12.1.1.1",
                  "linkId": "11.1.1",
                  "text": "Outcome",
                  "answer": [
                    {
                      "valueCoding": {
                        "system": "http://snomed.info/sct",
                        "code": "17621005",
                        "display": "Normal"
                      }
                    }
                  ]
                },
                {
                  "id": "12.1.2.1",
                  "linkId": "11.1.2",
                  "text": "Comments",
                  "answer": [
                    {
                      "valueString": "Comment goes here"
                    }
                  ]
                }
              ]
            }
          ]
        }
      ]
    },
    {
      "id": "13.0.0.0",
      "linkId": "12",
      "text": "Cardiovascular",
      "answer": [
        {
          "valueString": "Not available",
          "item": [
            {
              "id": "13.1.0.1",
              "linkId": "12.1",
              "subject": {
                "reference": "Observation/observation-cardiovascular-normal-example"
              },
              "item": [
                {
                  "id": "13.1.1.1",
                  "linkId": "12.1.1",
                  "text": "Outcome",
                  "answer": [
                    {
                      "valueCoding": {
                        "system": "http://hl7.org/fhir/data-absent-reason",
                        "code": "not-performed",
                        "display": "Not Performed"
                      }
                    }
                  ]
                },
                {
                  "id": "13.1.2.1",
                  "linkId": "12.1.2",
                  "text": "Comments",
                  "answer": [
                    {
                      "valueString": "Comment goes here"
                    }
                  ]
                }
              ]
            }
          ]
        }
      ]
    },
    {
      "id": "14.0.0.0",
      "linkId": "13",
      "text": "Femoral Pulse",
      "answer": [
        {
          "valueString": "Show Details",
          "item": [
            {
              "id": "14.1.0.1",
              "linkId": "13.1",
              "subject": {
                "reference": "Observation/observation-femoralpulse-normal-example"
              },
              "item": [
                {
                  "id": "14.1.1.1",
                  "linkId": "13.1.1",
                  "text": "Left",
                  "answer": [
                    {
                      "valueCoding": {
                        "system": "http://snomed.info/sct",
                        "code": "17621005",
                        "display": "Normal"
                      }
                    }
                  ]
                },
                {
                  "id": "14.1.2.1",
                  "linkId": "13.1.2",
                  "text": "Right",
                  "answer": [
                    {
                      "valueCoding": {
                        "system": "http://snomed.info/sct",
                        "code": "17621005",
                        "display": "Normal"
                      }
                    }
                  ]
                },
                {
                  "id": "14.1.3.1",
                  "linkId": "13.1.3",
                  "text": "Comments",
                  "answer": [
                    {
                      "valueString": "Both femoral pulses assessed as normal"
                    }
                  ]
                }
              ]
            }
          ]
        }
      ]
    },
    {
      "id": "15.0.0.0",
      "linkId": "14",
      "text": "Development",
      "answer": [
        {
          "valueString": "Normal",
          "item": [
            {
              "id": "15.1.0.1",
              "linkId": "14.1",
              "subject": {
                "reference": "Observation/observation-development-normal-example"
              },
              "item": [
                {
                  "id": "15.1.1.1",
                  "linkId": "14.1.1",
                  "text": "Outcome",
                  "answer": [
                    {
                      "valueCoding": {
                        "system": "http://snomed.info/sct",
                        "code": "17621005",
                        "display": "Normal"
                      }
                    }
                  ]
                },
                {
                  "id": "15.1.2.1",
                  "linkId": "14.1.2",
                  "text": "Comments",
                  "answer": [
                    {
                      "valueString": "Comment goes here"
                    }
                  ]
                }
              ]
            }
          ]
        }
      ]
    },
    {
      "id": "16.0.0.0",
      "linkId": "15",
      "text": "Umbilicus",
      "answer": [
        {
          "valueString": "Normal",
          "item": [
            {
              "id": "16.1.0.1",
              "linkId": "15.1",
              "subject": {
                "reference": "Observation/observation-umbilicus-normal-example"
              },
              "item": [
                {
                  "id": "16.1.1.1",
                  "linkId": "15.1.1",
                  "text": "Outcome",
                  "answer": [
                    {
                      "valueCoding": {
                        "system": "http://snomed.info/sct",
                        "code": "17621005",
                        "display": "Normal"
                      }
                    }
                  ]
                },
                {
                  "id": "16.1.2.1",
                  "linkId": "15.1.2",
                  "text": "Comments",
                  "answer": [
                    {
                      "valueString": "Comment goes here"
                    }
                  ]
                }
              ]
            }
          ]
        }
      ]
    },
    {
      "id": "17.0.0.0",
      "linkId": "16",
      "text": "Testes fully descended",
      "answer": [
        {
          "valueString": "Not applicable",
          "item": [
            {
              "id": "17.1.0.1",
              "linkId": "16.1",
              "subject": {
                "reference": "Observation/observation-testes-normal-example"
              },
              "item": [
                {
                  "id": "17.1.1.1",
                  "linkId": "16.1.1",
                  "text": "Left",
                  "answer": [
                    {
                      "valueCoding": {
                        "system": "http://hl7.org/fhir/data-absent-reason",
                        "code": "not-performed",
                        "display": "Not Performed"
                      }
                    }
                  ]
                },
                {
                  "id": "17.1.2.1",
                  "linkId": "16.1.2",
                  "text": "Right",
                  "answer": [
                    {
                      "valueCoding": {
                        "system": "http://hl7.org/fhir/data-absent-reason",
                        "code": "not-performed",
                        "display": "Not Performed"
                      }
                    }
                  ]
                },
                {
                  "id": "17.1.3.1",
                  "linkId": "16.1.3",
                  "text": "Comments",
                  "answer": [
                    {
                      "valueString": "Comments go here"
                    }
                  ]
                }
              ]
            }
          ]
        }
      ]
    },
    {
      "id": "18.0.0.0",
      "linkId": "17",
      "text": "Genitalia",
      "answer": [
        {
          "valueString": "Normal",
          "item": [
            {
              "id": "18.1.0.1",
              "linkId": "17.1",
              "subject": {
                "reference": "Observation/observation-genitalia-normal-example"
              },
              "item": [
                {
                  "id": "18.1.1.1",
                  "linkId": "17.1.1",
                  "text": "Outcome",
                  "answer": [
                    {
                      "valueCoding": {
                        "system": "http://snomed.info/sct",
                        "code": "17621005",
                        "display": "Normal"
                      }
                    }
                  ]
                },
                {
                  "id": "18.1.2.1",
                  "linkId": "17.1.2",
                  "text": "Comments",
                  "answer": [
                    {
                      "valueString": "Comment goes here"
                    }
                  ]
                }
              ]
            }
          ]
        }
      ]
    },
    {
      "id": "19.0.0.0",
      "linkId": "19",
      "text": "Hips",
      "answer": [
        {
          "valueString": "Normal",
          "item": [
            {
              "id": "19.1.0.1",
              "linkId": "19.1",
              "subject": {
                "reference": "Observation/observation-hips-normal-example"
              },
              "item": [
                {
                  "id": "19.1.1.1",
                  "linkId": "19.1.1",
                  "text": "Outcome",
                  "answer": [
                    {
                      "valueCoding": {
                        "system": "http://snomed.info/sct",
                        "code": "17621005",
                        "display": "Normal"
                      }
                    }
                  ]
                },
                {
                  "id": "19.1.2.1",
                  "linkId": "19.1.2",
                  "text": "Comments",
                  "answer": [
                    {
                      "valueString": "Comment goes here"
                    }
                  ]
                }
              ]
            }
          ]
        }
      ]
    },  
    {
      "id": "20.0.0.0",
      "linkId": "20",
      "text": "Abdomen",
      "answer": [
        {
          "valueString": "Normal",
          "item": [
            {
              "id": "20.1.0.1",
              "linkId": "20.1",
              "subject": {
                "reference": "Observation/observation-abdomen-normal-example"
              },
              "item": [
                {
                  "id": "20.1.1.1",
                  "linkId": "20.1.1",
                  "text": "Outcome",
                  "answer": [
                    {
                      "valueCoding": {
                        "system": "http://snomed.info/sct",
                        "code": "17621005",
                        "display": "Normal"
                      }
                    }
                  ]
                },
                {
                  "id": "20.1.2.1",
                  "linkId": "20.1.2",
                  "text": "Comments",
                  "answer": [
                    {
                      "valueString": "Comment goes here"
                    }
                  ]
                }
              ]
            }
          ]
        }
      ]
    },
    {
      "id": "21.0.0.0",
      "linkId": "21",
      "text": "Immunisation completed",
      "answer": [
        {
          "valueString": "Yes",
          "item": [
            {
              "id": "21.1.0.1",
              "linkId": "21.1",
              "subject": {
                "reference": "Observation/observation-immunisation-normal-example"
              },
              "item": [
                {
                  "id": "21.1.1.1",
                  "linkId": "21.1.1",
                  "text": "Outcome",
                  "answer": [
                    {
                      "valueCoding": {
                        "system": "http://snomed.info/sct",
                        "code": "17621005",
                        "display": "Normal"
                      }
                    }
                  ]
                },
                {
                  "id": "21.1.2.1",
                  "linkId": "21.1.2",
                  "text": "Comments",
                  "answer": [
                    {
                      "valueString": "Comment goes here"
                    }
                  ]
                }
              ]
            }
          ]
        }
      ]
    },
    {
      "id": "22.0.0.0",
      "linkId": "22",
      "text": "Examiner",
      "answer": [
        {
          "valueString": "Judith NORMAN",
          "item": [
            {
              "id": "22.1.0.1",
              "linkId": "22.1",
              "text": "Designation",
              "subject": {
                "reference": "Practitioner/examiner-practitioner"
              },
              "answer": [
                {
                  "valueString": "Child and Family Health Nurse"
                }
              ]
            },
            {
              "id": "22.1.0.1",
              "linkId": "22.2",
              "text": "Venue",
              "subject": {
                "reference": "Encounter/ncdhc-encounter-example"
              },
              "answer": [
                {
                  "valueString": "Blacktown CHC"
                }
              ]
            },
            {
              "id": "22.1.0.1",
              "linkId": "22.3",
              "text": "Date & Time",
              "subject": {
                "reference": "Encounter/ncdhc-encounter-example"
              },
              "answer": [
                {
                  "valueDateTime": "2018-01-07T14:15:00-05:00"
                }
              ]
            }
          ]
        }
      ]
    }
  ]
}