{
    "resourceType": "OperationOutcome",
    "id": "operationoutcome-403-example",
    "text": {
      "status": "additional",
      "div": "<div xmlns=\"http://www.w3.org/1999/xhtml\">\n      <p>Sorry, you are not authorised to view these details at this time. Please try again later.</p>\n    </div>"
    },
    "issue": [
      {
        "severity": "warning",
        "code": "forbidden",
        "details": {
          "text": "Sorry, you are not authorised to view these details at this time. Please try again later."
        },
        "diagnostics": "NCDHC-403-12345: Forbidden"
      }
    ]
 }