{
    "resourceType": "OperationOutcome",
    "id": "operationoutcome-401-example",
    "text": {
      "status": "additional",
      "div": "<div xmlns=\"http://www.w3.org/1999/xhtml\">\n      <p>Sorry, you're not authorised to access this page.</p>\n    </div>"
    },
    "issue": [
      {
        "severity": "error",
        "code": "security",
        "details": {
          "text": "Sorry, you're not authorised to access this page."
        },
        "diagnostics": "NCDHC-401-12345: The requested action can not be performed by the Data Hub due to authentication error"
      }
    ]
  }