{
    "resourceType": "Bundle",
    "id": "62333608-eb01-40b5-b6c3-daded7910406",
    "meta": {
      "lastUpdated": "2019-01-07T01:43:30Z"
    },
    "type": "searchset",
    "total": 0,
    "entry": [
      {
        "fullUrl": "urn:uuid:62333608-eb01-40b5-b6c3-daded7910406",
        "resource": {
          "resourceType": "OperationOutcome",
          "id": "62333608-eb01-40b5-b6c3-daded7910406",
          "text": {
            "status": "additional",
            "div": "<div xmlns=\"http://www.w3.org/1999/xhtml\">\n      <p>The requested Consent no longer exists in the Data Hub</p>\n    </div>"
          },
          "issue": [
            {
              "severity": "information",
              "code": "not-found",
              "details": {
                "text": "The requested Consent no longer exists in the Data Hub"
              },
              "diagnostics": "NCDHC-410-12345: No matching Consent exists for the Patient with id 62333608-eb01-40b5-b6c3-daded7910406"
            }
          ]
        },
        "search": {
          "mode": "outcome"
        }
      }
    ]
  }