{
  "resourceType" : "Observation",
  "id" : "observation-vitalsign-bodyweight-example",
  "meta" : {
    "versionId" : "1",
    "lastUpdated" : "2019-10-27T16:13:03Z",
    "profile" : [
      "http://hl7.org.au/fhir/ch/v1/StructureDefinition/ncdhc-observation-vitalsign-bodyweight"
    ]
  },
  "text" : {
    "status" : "additional",
    "div" : "<div xmlns=\"http://www.w3.org/1999/xhtml\">Body Weight recorded : 20.09414 kg</div>"
  },
  "status" : "final",
  "category" : [
    {
      "coding" : [
        {
          "system" : "http://terminology.hl7.org/CodeSystem/observation-category",
          "code" : "vital-signs",
          "display" : "Vital Signs"
        }
      ],
      "text" : "Vital Signs"
    }
  ],
  "code" : {
    "coding" : [
      {
        "system" : "http://loinc.org",
        "code" : "29463-7",
        "display" : "Body Weight"
      },
      {
        "system" : "http://snomed.info/sct",
        "code" : "27113001",
        "display" : "Body weight"
      }
    ],
    "text" : "Body Weight"
  },
  "subject" : {
    "reference" : "Patient/patient-baby-example",
    "display" : "Baby of Eve Bill"
  },
  "effectiveDateTime" : "2018-12-27T16:13:03Z",
  "performer" : [
    {
      "reference" : "Practitioner/examiner-practitioner",
      "display" : "Examiner"
    },
    {
      "reference" : "Organization/examiner-organization",
      "display" : "Organisation"
    }
  ],
  "valueQuantity" : {
    "value" : 3200,
    "unit" : "g",
    "system" : "http://unitsofmeasure.org",
    "code" : "g"
  }
}