{
  "resourceType": "Observation",
  "text": {
    "status": "additional",
    "div": "<div xmlns=\"http://www.w3.org/1999/xhtml\">Visual acuity - right eye</div>"
  },
  "id": "ncdhc-observation-right-eye-visiual-acuity-example",
  "meta": {
    "versionId": "1",
    "lastUpdated": "2019-11-21T16:13:03Z",
    "profile": "http://hl7.org.au/fhir/ch/v1/StructureDefinition/ncdhc-observation-right-eye-visiual-acuity"
  },
  "status": "final",
  "code": {
    "coding": [
      {
        "system": "http://snomed.info/sct",
        "code": "386709002",
        "display": "Visual acuity - right eye"
      }
    ]
  },
  "subject": {
    "reference": "urn:uuid:dd78393f-37ca-4738-81d6-d9595b2e5d0f",
    "display": "Baby of Eve Bill"
  },
  "effectiveDateTime": "2019-11-21T16:13:03Z",
  "performer": [
    {
      "reference": "urn:uuid:pp78393f-37ca-4738-81d6-d9595b2e5d0d",
      "display": "Examiner"
    },
    {
      "reference": "Organization/od78393f-37ca-4738-81d6-d9595b2e5d0f",
      "display": "Organisation"
    }
  ],
  "valueCodeableConcept": {
    "coding": [
      {
        "system": "http://snomed.info/sct",
        "code": "443938003",
        "display": "Procedure carried out on subject"
      }
    ]
  },
  "interpretation": {
    "coding": [
      {
        "system": "http://snomed.info/sct",
        "code": "17621005",
        "display": "Normal"
      }
    ]
  },
  "component": [
    {
      "code": {
        "coding": [
          {
            "system": "http://snomed.info/sct",
            "code": "1368901000168106",
            "display": "Visual acuity tested at 3 meters"
          }
        ]
      },
      "valueQuantity": {
        "value": 6
      }
    },
    {
      "code": {
        "coding": [
          {
            "system": "http://snomed.info/sct",
            "code": "1368911000168109",
            "display": "Visual acuity tested at 6 meters"
          }
        ]
      },
      "valueQuantity": {
        "value": 12
      }
    }
  ]
}