{
  "resourceType" : "Observation",
  "id" : "observation-pregnancy-complication-example",
  "meta" : {
    "versionId" : "1",
    "lastUpdated" : "2018-12-27T16:13:03Z",
    "profile" : [
      "http://hl7.org.au/fhir/ch/v1/StructureDefinition/ncdhc-observation-pregnancy-complication"
    ]
  },
  "text" : {
    "status" : "additional",
    "div" : "<div xmlns=\"http://www.w3.org/1999/xhtml\">Pregnancy Complication</div>"
  },
  "status" : "final",
  "code" : {
    "coding" : [
      {
        "system" : "http://snomed.info/sct",
        "code" : "609496007",
		"display": "Complication occurring during pregnancy"
      }
    ],
    "text" : "Complication of pregnancy, childbirth and/or the puerperium"
  },
  "subject" : {
    "reference" : "Patient/patient-baby-example",
    "display" : "Baby of Eve Bill"
  },
  "effectiveDateTime" : "2018-12-27T16:13:03Z",
  "performer" : [
    {
      "reference" : "Practitioner/examiner-practitioner",
      "display" : "Examiner"
    },
    {
      "reference" : "Organization/examiner-organization",
      "display" : "Organisation"
    }
  ],
  "valueString" : "Chronic Hypertension"
}