{
  "resourceType": "Bundle",
  "id": "operationoutcome-412-bundle-example",
  "meta": {
    "lastUpdated": "2019-01-07T01:43:30Z"
  },
  "type": "searchset",
  "total": 0,
  "entry": [
    {
      "fullUrl": "urn:uuid:62333608-eb01-40b5-b6c3-daded7910406",
      "resource": {
        "resourceType": "OperationOutcome",
        "id": "22333608-eb01-40b5-b6c3-daded7910406",
        "text": {
          "status": "additional",
          "div": "<div xmlns=\"http://www.w3.org/1999/xhtml\">\n      <p>Sorry, the details that you are requesting cannot be displayed at this time. Please try again later.</p>\n    </div>"
        },
        "issue": [
          {
            "severity":"error",
            "code":"required",
            "details": {
              "text":"Sorry, the details that you are requesting cannot be displayed at this time. Please try again later."
            },
            "diagnostics": "NCDHC-412-12345: Pre-condition failed - tno If-Match header is found in the request"
          }
        ]
      },
      "search": {
        "mode": "outcome"
      }
    }
  ]
}