{
  "resourceType": "QuestionnaireResponse",
  "id": "hca-sch-nsw-qa-en-s1",
  "questionnaire": {
    "reference": "Questionnaire/hca-sch-nsw-q-en-s1",
    "display": "Health Check Schedule"
  },
  "status": "completed",
  "subject": {
    "reference": "Questionnaire/hca-sch-nsw-qa-en-s1"
  },
  "item": [
    {
      "id": "1.0.0.0",
      "linkId": "1",
      "text": "4 year",
      "answer": [
        {
          "valueString": "Due on 7 Jan 2022"
        }
      ]
    },
    {
      "id": "2.0.0.0",
      "linkId": "2",
      "text": "3 year",
      "answer": [
        {
          "valueString": "Due on 7 Jan 2021"
        }
      ]
    },
    {
      "id": "3.0.0.0",
      "linkId": "3",
      "text": "2 year",
      "answer": [
        {
          "valueString": "Due on 7 Jan 2020"
        }
      ]
    },
    {
      "id": "4.0.0.0",
      "linkId": "4",
      "text": "18 month",
      "answer": [
        {
          "valueString": "Due on 7 Jul 2019"
        }
      ]
    },
    {
      "id": "5.0.0.0",
      "linkId": "5",
      "text": "12 month",
      "answer": [
        {
          "valueString": "Due on 7 Jan 2019"
        }
      ]
    },
    {
      "id": "6.0.0.0",
      "linkId": "6",
      "text": "6 month",
      "answer": [
        {
          "valueString": "Due on 7 Jul 2018"
        }
      ]
    },
    {
      "id": "7.0.0.0",
      "linkId": "7",
      "text": "6-8 week",
      "answer": [
        {
          "valueString": "Due on 7 Mar 2018"
        }
      ]
    },
    {
      "id": "8.0.0.0",
      "linkId": "8",
      "text": "1-4 week",
      "answer": [
        {
          "valueString": "Due on 14 Jan 2018"
        }
      ]
    }
  ]
}