{
  "resourceType" : "Observation",
  "id" : "observation-method-of-delivery-example",
  "meta" : {
    "profile" : [
      "http://hl7.org.au/fhir/ch/v1/StructureDefinition/ncdhc-observation-method-of-delivery"
    ]
  },
  "text" : {
    "status" : "additional",
    "div" : "<div xmlns=\"http://www.w3.org/1999/xhtml\">Method of Delivery used during the birthing process</div>"
  },
  "status" : "final",
  "code" : {
    "coding" : [
      {
        "system" : "http://snomed.info/sct",
        "code" : "236973005",
		 "display" : "Delivery procedure"
      }
    ],
    "text" : "Method of Delivery"
  },
  "subject" : {
    "reference" : "Patient/patient-baby-example"
  },
  "effectiveDateTime" : "2019-01-02",
  "performer" : [
    {
      "reference" : "Practitioner/examiner-practitioner",
      "display" : "Examiner"
    },
    {
      "reference" : "Organization/examiner-organization",
      "display" : "Organisation"
    }
  ],
  "valueCodeableConcept" : {
    "coding" : [
      {
        "system" : "http://snomed.info/sct",
        "code" : "271370008",
		"display" : "Breech Extraction"
      }
    ]
  }
}