{
  "resourceType": "Person",
  "id": "ea287411-5ab7-4ff8-9023-42933b73bc17",
  "text": {
    "status": "generated",
    "div": "<div xmlns=\"http://www.w3.org/1999/xhtml\">Person Expected Mother Registered as Authorised Representative and has a self record</div>"
  },
  "identifier": [
    {
      "type": {
        "coding": [
          {
            "system": "http://hl7.org/fhir/v2/0203",
            "code": "MR",
            "display": "Medical Record Number"
          }
        ],
        "text": "Medical Record Number"
      },
      "system": "http://ns.electronichealth.net.au/id/hpio-scoped/medicalrecord/1.0",
      "value": "8003620000000000",
      "assigner": {
        "display": "Blacktown Hospital"
      }
    }
  ],
  "name": [
    {
      "text": "Eve Bill",
      "family": "Bill",
      "given": [
        "Eve"
      ]
    }
  ],
  "gender": "female",
  "address": [
    {
      "use": "home",
      "line": [
        "534 Erewhon St"
      ],
      "city": "PleasantVille",
      "state": "NSW",
      "postalCode": "2134"
    }
  ],
  "active": true,
  "link": [
    {
      "target": {
        "reference": "RelatedPerson/ea287411-5ab7-4ff8-9023-42933b73bc17"
      }
    },
    {
      "target": {
        "reference": "Patient/ea287411-5ab7-4ff8-9023-42933b73bc17",
        "display": "Eve Bill"
      }
    }
  ]
}