{
  "resourceType" : "Observation",
  "id" : "observation-apgar-score-normal-example",
  "meta" : {
    "versionId" : "1",
    "lastUpdated" : "2019-05-18T16:13:03Z",
    "profile" : [
      "http://hl7.org.au/fhir/ch/v1/StructureDefinition/ncdhc-observation-apgar-score"
    ]
  },
  "text" : {
    "status" : "generated",
    "div" : "<div xmlns=\"http://www.w3.org/1999/xhtml\">1 minute Apgar Score</div>"
  },
  "status" : "final",
  "code" : {
    "coding" : [
      
      {
        "system" : "http://snomed.info/sct",
        "code" : "169895004",
        "display" : "Apgar at 1 minute"
      }
    ],
    "text" : "1 minute Apgar Score"
  },
  "subject" : {
    "reference" : "Patient/patient-baby-example",
    "display" : "Baby of Eve Bill"
  },
  "effectiveDateTime" : "2019-05-18T22:33:22Z",
  "performer": [
    {
      "reference": "Practitioner/examiner-practitioner",
      "display": "Examiner"
    },
    {
      "reference": "Organization/examiner-organization",
      "display": "Organisation"
    }
  ],
  "valueQuantity" : {
    "value" : 6,
    "system" : "http://unitsofmeasure.org",
    "code" : "{score}"
  }  
}