{
  "resourceType": "Questionnaire",
  "id": "hca-18mnth-q-en-s1",
  "meta": {
    "profile": [
      "http://hl7.org.au/fhir/ch/v1/StructureDefinition/ncdhc-questionnaire-base"
    ]
  },
  "language": "en-AU",
  "url": "http://hl7.org.au/fhir/ch/v1/Questionnaire/hca-18mnth-q-en-s1",
  "version": "hca-18mnth-q-en-s1",
  "title": "Health Check Assessment 3 Year Questionnaire",
  "experimental": false,
  "status": "active",
  "date": "2019-10-29",
  "publisher": "National Children's Digital Health Collaborative (NCDHC)",
  "description": "Question model to represent Health Check Assessment Section of the longitudinal summary",
  "code": [
    {
      "system": "http://hl7.org.au/fhir/ch/v1/CodeSystem/ncdhc-hi-type-1",
      "code": "HEALTHCKASSMT18M",
      "display": "Health Check Assessment 18 months"
    }
  ],
  "subjectType": [
    "Encounter",
    "Observation",
    "Patient"
  ],
  "item": [
    {
      "linkId": "1",
      "definition": "http://build.fhir.org/ig/hl7au/au-fhir-childhealth/StructureDefinition-ncdhc-encounter-definitions.html#Encounter.location.location",
      "code": [
        {
          "system": "http://snomed.info/sct",
          "code": "43741000"
        }
      ],
      "text": "Venue",
      "type": "string"
    },
    {
      "linkId": "2",
      "definition": "http://build.fhir.org/ig/hl7au/au-fhir-childhealth/StructureDefinition-ncdhc-encounter-definitions.html#Encounter.period",
      "code": [
        {
          "system": "http://snomed.info/sct",
          "code": "406543005"
        }
      ],
      "text": "Date / Time",
      "type": "dateTime"
    },
    {
      "linkId": "3",
      "definition": "http://build.fhir.org/ig/hl7au/au-fhir-childhealth/StructureDefinition-ncdhc-patient-baby-definitions.html#Patient.birthDate.extension:birthTime",
      "code": [
        {
          "system": "http://snomed.info/sct",
          "code": "424144002"
        }
      ],
      "text": "Child's Age",
      "type": "text"
    },
    {
      "linkId": "4",
      "code": [
        {
          "system": "http://snomed.info/sct",
          "code": "27113001"
        }
      ],
      "text": "Weight",
      "type": "group",
      "item": [
        {
          "linkId": "4.1",
          "definition": "http://build.fhir.org/ig/hl7au/au-fhir-childhealth/StructureDefinition-ncdhc-observation-vitalsign-bodyweight-definitions.html#Observation.interpretation",
          "type": "choice",
          "options": {
            "reference": "http://hl7.org.au/fhir/ch/v1/ValueSet/ncdhc-observation-interpretation-display-1",
            "display": "Normal|Review|Refer"
          },
          "item": [
            {
              "linkId": "4.1.1",
              "definition": "http://build.fhir.org/ig/hl7au/au-fhir-childhealth/StructureDefinition-ncdhc-observation-vitalsign-bodyweight-definitions.html#Observation.component.valueQuantity",
              "text": "Value",
              "type": "text"
            },
            {
              "linkId": "4.1.2",
              "definition": "http://build.fhir.org/ig/hl7au/au-fhir-childhealth/StructureDefinition-ncdhc-observation-vitalsign-bodyweight-definitions.html#Observation.interpretation",
              "text": "Outcome",
              "type": "open-choice"
            },
            {
              "linkId": "4.1.3",
              "definition": "http://build.fhir.org/ig/hl7au/au-fhir-childhealth/StructureDefinition-ncdhc-observation-vitalsign-bodyweight-definitions.html#Observation.comment",
              "text": "Comments",
              "type": "text"
            }
          ]
        }
      ]
    },
    {
      "linkId": "5",
      "code": [
        {
          "system": "http://snomed.info/sct",
          "code": "50373000"
        }
      ],
      "text": "Height",
      "type": "group",
      "item": [
        {
          "linkId": "5.1",
          "definition": "http://build.fhir.org/ig/hl7au/au-fhir-childhealth/StructureDefinition-ncdhc-observation-vitalsign-bodyheight-definitions.html#Observation.interpretation",
          "type": "choice",
          "options": {
            "reference": "http://hl7.org.au/fhir/ch/v1/ValueSet/ncdhc-observation-interpretation-display-1",
            "display": "Normal|Review|Refer"
          },
          "item": [
            {
              "linkId": "5.1.1",
              "definition": "http://build.fhir.org/ig/hl7au/au-fhir-childhealth/StructureDefinition-ncdhc-observation-vitalsign-bodyheight-definitions.html#Observation.component.valueQuantity",
              "text": "Value",
              "type": "text"
            },
            {
              "linkId": "5.1.2",
              "definition": "http://build.fhir.org/ig/hl7au/au-fhir-childhealth/StructureDefinition-ncdhc-observation-vitalsign-bodyheight-definitions.html#Observation.interpretation",
              "text": "Outcome",
              "type": "open-choice"
            },
            {
              "linkId": "5.1.3",
              "definition": "http://build.fhir.org/ig/hl7au/au-fhir-childhealth/StructureDefinition-ncdhc-observation-vitalsign-bodyheight-definitions.html#Observation.comment",
              "text": "Comments",
              "type": "text"
            }
          ]
        }
      ]
    },
    {
      "linkId": "6",
      "code": [
        {
          "system": "http://snomed.info/sct",
          "code": "169876006"
        },
        {
          "system": "http://snomed.info/sct",
          "code": "363812007"
        },
        {
          "system": "http://snomed.info/sct",
          "code": "50373000"
        },
        {
          "system": "http://loinc.org",
          "code": "8287-5"
        }
      ],
      "text": "Head Circumference",
      "type": "group",
      "item": [
        {
          "linkId": "6.1",
          "definition": "http://build.fhir.org/ig/hl7au/au-fhir-childhealth/StructureDefinition-ncdhc-observation-vitalsign-headcircum-definitions.html#Observation.interpretation",
          "type": "choice",
          "options": {
            "reference": "http://hl7.org.au/fhir/ch/v1/ValueSet/ncdhc-observation-interpretation-display-1",
            "display": "Normal|Review|Refer"
          },
          "item": [
            {
              "linkId": "6.1.1",
              "definition": "http://build.fhir.org/ig/hl7au/au-fhir-childhealth/StructureDefinition-ncdhc-observation-vitalsign-headcircum-definitions.html#Observation.component.valueQuantity",
              "text": "Value",
              "type": "open-choice"
            },
            {
              "linkId": "6.1.2",
              "definition": "http://build.fhir.org/ig/hl7au/au-fhir-childhealth/StructureDefinition-ncdhc-observation-vitalsign-headcircum-definitions.html#Observation.interpretation",
              "text": "Outcome",
              "type": "open-choice"
            },
            {
              "linkId": "6.1.3",
              "definition": "http://build.fhir.org/ig/hl7au/au-fhir-childhealth/StructureDefinition-ncdhc-observation-vitalsign-headcircum-definitions.html#Observation.comment",
              "text": "Comments",
              "type": "text"
            }
          ]
        }
      ]
    },
    {
      "linkId": "7",
      "code": [
        {
          "system": "http://snomed.info/sct",
          "code": "363991003"
        }
      ],
      "text": "Ears",
      "type": "group",
      "item": [
        {
          "linkId": "7.1",
          "type": "question",
          "text": "Show Details",
          "item": [
            {
              "linkId": "7.1.1",
              "definition": "http://build.fhir.org/ig/hl7au/au-fhir-childhealth/StructureDefinition-ncdhc-observation-ears-definitions.html#Observation.component:leftEar.interpretation",
              "text": "Left",
              "type": "open-choice"
            },
            {
              "linkId": "7.1.2",
              "definition": "http://build.fhir.org/ig/hl7au/au-fhir-childhealth/StructureDefinition-ncdhc-observation-ears-definitions.html#Observation.component:rightEar.interpretation",
              "text": "Right",
              "type": "open-choice"
            },
            {
              "linkId": "7.1.3",
              "definition": "http://build.fhir.org/ig/hl7au/au-fhir-childhealth/StructureDefinition-ncdhc-observation-ears-definitions.html#Observation.comment",
              "text": "Comments",
              "type": "text"
            }
          ]
        }
      ]
    },
    {
      "linkId": "8",
      "code": [
        {
          "system": "http://snomed.info/sct",
          "code": "281004000"
        }
      ],
      "text": "Eyes",
      "type": "group",
      "item": [
        {
          "linkId": "8.1",
          "type": "question",
          "text": "Show Details",
          "item": [
            {
              "linkId": "8.1.1",
              "definition": "http://build.fhir.org/ig/hl7au/au-fhir-childhealth/StructureDefinition-ncdhc-observation-eyes-definitions.html#Observation.component:leftEyeAssessment.interpretation",
              "text": "Left",
              "type": "open-choice"
            },
            {
              "linkId": "8.1.2",
              "definition": "http://build.fhir.org/ig/hl7au/au-fhir-childhealth/StructureDefinition-ncdhc-observation-eyes-definitions.html#Observation.component:rightEyeAssessment.interpretation",
              "text": "Right",
              "type": "open-choice"
            },
            {
              "linkId": "8.1.3",
              "definition": "http://build.fhir.org/ig/hl7au/au-fhir-childhealth/StructureDefinition-ncdhc-observation-eyes-definitions.html#Observation.comment",
              "text": "Comments",
              "type": "text"
            }
          ]
        }
      ]
    },
    {
      "linkId": "9",
      "code": [
        {
          "system": "http://snomed.info/sct",
          "code": "364674008"
        }
      ],
      "text": "Development",
      "type": "group",
      "item": [
        {
          "linkId": "9.1",
          "definition": "http://build.fhir.org/ig/hl7au/au-fhir-childhealth/StructureDefinition-ncdhc-observation-development-definitions.html#Observation.interpretation",
          "type": "choice",
          "options": {
            "reference": "http://hl7.org.au/fhir/ch/v1/ValueSet/ncdhc-observation-interpretation-display-1",
            "display": "Normal|Review|Refer"
          },
          "item": [
            {
              "linkId": "9.1.1",
              "definition": "http://build.fhir.org/ig/hl7au/au-fhir-childhealth/StructureDefinition-ncdhc-observation-development-definitions.html#Observation.interpretation",
              "text": "Outcome",
              "type": "open-choice"
            },
            {
              "linkId": "9.1.2",
              "definition": "http://build.fhir.org/ig/hl7au/au-fhir-childhealth/StructureDefinition-ncdhc-observation-development-definitions.html#Observation.comment",
              "text": "Comments",
              "type": "text"
            }
          ]
        }
      ]
    },
    {
      "linkId": "10",
      "code": [
        {
          "system": "http://snomed.info/sct",
          "code": "363836006"
        }
      ],
      "text": "Gait",
      "type": "group",
      "item": [
        {
          "linkId": "10.1",
          "definition": "http://build.fhir.org/ig/hl7au/au-fhir-childhealth/StructureDefinition-ncdhc-observation-gait-definitions.html#Observation.interpretation",
          "type": "choice",
          "options": {
            "reference": "http://hl7.org.au/fhir/ch/v1/ValueSet/ncdhc-observation-interpretation-display-1",
            "display": "Normal|Review|Refer"
          },
          "item": [
            {
              "linkId": "10.1.1",
              "definition": "http://build.fhir.org/ig/hl7au/au-fhir-childhealth/StructureDefinition-ncdhc-observation-gait-definitions.html#Observation.interpretation",
              "text": "Outcome",
              "type": "open-choice"
            },
            {
              "linkId": "10.1.2",
              "definition": "http://build.fhir.org/ig/hl7au/au-fhir-childhealth/StructureDefinition-ncdhc-observation-gait-definitions.html#Observation.comment",
              "text": "Comments",
              "type": "text"
            }
          ]
        }
      ]
    },
    {
      "linkId": "11",
      "code": [
        {
          "system": "http://snomed.info/sct",
          "code": "364528001"
        }
      ],
      "text": "Skin",
      "type": "group",
      "item": [
        {
          "linkId": "11.1",
          "definition": "http://build.fhir.org/ig/hl7au/au-fhir-childhealth/StructureDefinition-ncdhc-observation-skin-definitions.html#Observation.interpretation",
          "type": "choice",
          "options": {
            "reference": "http://hl7.org.au/fhir/ch/v1/ValueSet/ncdhc-observation-interpretation-display-1",
            "display": "Normal|Review|Refer"
          },
          "item": [
            {
              "linkId": "11.1.1",
              "definition": "http://build.fhir.org/ig/hl7au/au-fhir-childhealth/StructureDefinition-ncdhc-observation-skin-definitions.html#Observation.interpretation",
              "text": "Outcome",
              "type": "open-choice"
            },
            {
              "linkId": "11.1.2",
              "text": "Comments",
              "definition": "http://build.fhir.org/ig/hl7au/au-fhir-childhealth/StructureDefinition-ncdhc-observation-skin-definitions.html#Observation.comment",
              "type": "text"
            }
          ]
        }
      ]
    },
    {
      "linkId": "12",
      "code": [
        {
          "system": "http://snomed.info/sct",
          "code": "364111005"
        }
      ],
      "text": "Oral Health",
      "type": "group",
      "item": [
        {
          "linkId": "12.1",
          "definition": "http://build.fhir.org/ig/hl7au/au-fhir-childhealth/StructureDefinition-ncdhc-observation-oral-health-definitions.html#Observation.interpretation",
          "type": "choice",
          "options": {
            "reference": "http://hl7.org.au/fhir/ch/v1/ValueSet/ncdhc-observation-interpretation-display-1",
            "display": "Normal|Review|Refer"
          },
          "item": [
            {
              "linkId": "12.1.1",
              "definition": "http://build.fhir.org/ig/hl7au/au-fhir-childhealth/StructureDefinition-ncdhc-observation-oral-health-definitions.html#Observation.interpretation",
              "text": "Outcome",
              "type": "open-choice"
            },
            {
              "linkId": "12.1.2",
              "text": "Comments",
              "definition": "http://build.fhir.org/ig/hl7au/au-fhir-childhealth/StructureDefinition-ncdhc-observation-oral-health-definitions.html#Observation.comment",
              "type": "text"
            }
          ]
        }
      ]
    },
    {
      "linkId": "13",
      "definition": "http://build.fhir.org/ig/hl7au/au-fhir-childhealth/StructureDefinition-ncdhc-observation-ageaprImmcomp-definitions.html#Observation.valueCodeableConcept:valueCodeableConcept",
      "code": [
        {
          "system": "http://snomed.info/sct",
          "code": "408864009"
        }
      ],
      "text": "Immunisation completed",
      "type": "open-choice",
      "options": {
        "reference": "http://hl7.org.au/fhir/ch/v1/ValueSet/ncdhc-observation-completion-status-display-1",
        "display": "Yes|No"
      }
    },
    {
      "linkId": "14",
      "text": "Examiner",
      "type": "group",
      "item": [
        {
          "linkId": "14.1",
          "definition": "http://build.fhir.org/ig/hl7au/au-fhir-childhealth/StructureDefinition-ncdhc-encounter-definitions.html#Encounter.participant.type",
          "text": "Designation",
          "type": "open-choice"
        },
        {
          "linkId": "14.2",
          "definition": "http://build.fhir.org/ig/hl7au/au-fhir-childhealth/StructureDefinition-ncdhc-encounter-definitions.html#Encounter.location.location",
          "text": "Venue",
          "type": "string"
        },
        {
          "linkId": "14.3",
          "text": "Date & Time",
          "definition": "http://build.fhir.org/ig/hl7au/au-fhir-childhealth/StructureDefinition-ncdhc-encounter-definitions.html#Encounter.period",
          "type": "dateTime"
        }
      ]
    }
  ]
}