{
    "resourceType": "DocumentReference",
    "id": "ncdhc-doc-ref-superseded-example",
    "meta": {
      "lastUpdated": "2019-11-28T13:11:33Z"
    },
    "text": {
      "status": "generated",
      "div": "<div xmlns=\"http://www.w3.org/1999/xhtml\">DocumentReference corresponding to HCA 1-4 Weeks</div>"
    },
    "masterIdentifier": {
      "system": "urn:ietf:rfc:3986",
      "value": "urn:uuid:0h4151bd-1cbf-4d64-b04d-cd9187a4c6e1"
    },
    "status": "superseded",
    "type": {
      "coding": [
        {
          "system": "http://hl7.org.au/fhir/ch/v1/CodeSystem/ncdhc-hi-type-1",
          "code": "HEALTHCKASSMT04W",
          "display": "Health Check Assessment 0-4 weeks"
        }
      ],
      "text": "Health Check Assessment 0-4 weeks"
    },
    "class": {
      "coding": [
        {
          "system": "http://hl7.org.au/fhir/ch/v1/CodeSystem/ncdhc-document-class-1",
          "code": "HEALTHCKASSMT",
          "display": "Health Check Assessment"
        }
      ],
      "text": "Health Check Assessment Health Interaction"
    },
    "subject": {
      "reference": "urn:uuid:dd78393f-37ca-4738-81d6-d9595b2e5d0f",
      "display": "Baby of Eve Bill"
    },
    "created": "2018-12-24",
    "indexed": "2018-12-24T12:30:02Z",
    "author": [
      {
        "reference": "urn:uuid:3db74777-fd3d-4d3b-92ec-d405977a11a5",
        "display": "Dr. Adam Dev"
      }
    ],
    "description": "DocumentReference corresponding to HCA 1-4 Weeks",
    "securityLabel": [
      {
        "coding": [
          {
            "system": "http://hl7.org/fhir/v3/Confidentiality",
            "code": "N",
            "display": "normal"
          }
        ]
      }
    ],
    "content": [
      {
        "attachment": {
          "contentType": "text/plain",
          "language": "en-AU",
          "url": "https://ncdhc.health.gov.au/fhir/v1.0.0/Binary/ncdhc-hca-14wks-source-document"
        }
      }
    ],
    "custodian": {
      "reference": "Organization/od78393f-37ca-4738-81d6-d9595b2e5d0f"
    },
    "context": {
      "related": [
        {
          "ref": {
            "reference": "Composition/ncdhc-hca-14wks-composition-sup-example"
          }
        },
        {
          "ref": {
            "reference": "Encounter/ncdhc-encounter-sup-example"
          }
        },
        {
          "ref": {
            "reference": "Observation/observation-skin-review-sup-example"
          }
        },
        {
          "ref": {
            "reference": "Observation/observation-vitalsign-bodyweight-sup-example"
          }
        },
        {
          "ref": {
            "reference": "Observation/observation-vitalsign-bodyheight-sup-example"
          }
        },
        {
          "ref": {
            "reference": "Observation/observation-vitalsign-headcircum-sup-example"
          }
        },
        {
          "ref": {
            "reference": "Observation/observation-head-shape-normal-sup-example"
          }
        },
        {
          "ref": {
            "reference": "Observation/observation-fontanelles-normal-sup-example"
          }
        },
        {
          "ref": {
            "reference": "Observation/observation-ears-normal-sup-example"
          }
        },
        {
          "ref": {
            "reference": "Observation/observation-eyes-normal-sup-example"
          }
        },
        {
          "ref": {
            "reference": "Observation/observation-mouthpalate-normal-sup-example"
          }
        },
        {
          "ref": {
            "reference": "Observation/observation-cardiovascular-normal-sup-example"
          }
        }
      ]
    }
  }