{
  "resourceType" : "Observation",
  "id" : "observation-estimated-gestation-example",
  "meta" : {
    "versionId" : "1",
    "lastUpdated" : "2019-10-27T16:13:03Z",
    "profile" : [
      "http://hl7.org.au/fhir/ch/v1/StructureDefinition/ncdhc-observation-estimated-gestation"
    ]
  },
  "text" : {
    "status" : "additional",
    "div" : "<div xmlns=\"http://www.w3.org/1999/xhtml\">Estimated length of gestation noted as : 36 wks</div>"
  },
  "status" : "final",
  "code" : {
    "coding" : [
      {
        "system" : "http://loinc.org",
        "code" : "72147-2",
		"display" : "Gestational age--at birth [RHEA]"
      },
      {
        "system" : "http://snomed.info/sct",
        "code" : "412726003",
		"display" : "Length of gestation at birth (observable entity)"
      }
    ],
    "text" : "Estimated length of Gestation"
  },
  "subject" : {
    "reference" : "Patient/patient-baby-example",
    "display" : "Baby of Eve Bill"
  },
  "effectiveDateTime" : "2018-12-27T16:13:03Z",
    "performer": [
    {
      "reference": "Practitioner/examiner-practitioner",
      "display": "Examiner"
    },
    {
      "reference": "Organization/examiner-organization",
      "display": "Organisation"
    }
  ],
  "valueQuantity" : {
    "value" : 257,
    "unit" : "days",
    "system" : "http://unitsofmeasure.org",
    "code" : "d"
  },
  "comment" : "36 weeks 5 days"
}