{
  "resourceType": "Questionnaire",
  "id": "hca-4yr-q-en-s1",
  "meta": {
    "profile": [
      "http://hl7.org.au/fhir/ch/v1/StructureDefinition/ncdhc-questionnaire-base"
    ]
  },
  "language": "en-AU",
  "url": "http://hl7.org.au/fhir/ch/v1/Questionnaire/hca-4yr-q-en-s1",
  "version": "hca-4yr-q-en-s1",
  "title": "Health Check Assessment 4 Year Questionnaire",
  "experimental": false,
  "status": "active",
  "date": "2019-10-29",
  "publisher": "National Children's Digital Health Collaborative (NCDHC)",
  "description": "Question model to represent Health Check Assessment Section of the longitudinal summary",
  "code": [
    {
      "system": "http://hl7.org.au/fhir/ch/v1/CodeSystem/ncdhc-hi-type-1",
      "code": "HEALTHCKASSMT45Y",
      "display": "Health Check Assessment 4-5 yrs"
    }
  ],
  "subjectType": [
    "Encounter",
    "Observation",
    "Patient"
  ],
  "item": [
    {
      "linkId": "1",
      "definition": "http://build.fhir.org/ig/hl7au/au-fhir-childhealth/StructureDefinition-ncdhc-encounter-definitions.html#Encounter.location.location",
      "code": [
        {
          "system": "http://snomed.info/sct",
          "code": "43741000"
        }
      ],
      "text": "Venue",
      "type": "string"
    },
    {
      "linkId": "2",
      "definition": "http://build.fhir.org/ig/hl7au/au-fhir-childhealth/StructureDefinition-ncdhc-encounter-definitions.html#Encounter.period",
      "code": [
        {
          "system": "http://snomed.info/sct",
          "code": "406543005"
        }
      ],
      "text": "Date / Time",
      "type": "dateTime"
    },
    {
      "linkId": "3",
      "definition": "http://build.fhir.org/ig/hl7au/au-fhir-childhealth/StructureDefinition-ncdhc-patient-baby-definitions.html#Patient.birthDate.extension:birthTime",
      "code": [
        {
          "system": "http://snomed.info/sct",
          "code": "424144002"
        }
      ],
      "text": "Child's Age",
      "type": "text"
    },
    {
      "linkId": "4",
      "code": [
        {
          "system": "http://snomed.info/sct",
          "code": "27113001"
        }
      ],
      "text": "Weight",
      "type": "group",
      "item": [
        {
          "linkId": "4.1",
          "definition": "http://build.fhir.org/ig/hl7au/au-fhir-childhealth/StructureDefinition-ncdhc-observation-vitalsign-bodyweight-definitions.html#Observation.interpretation",
          "type": "choice",
          "options": {
            "reference": "http://hl7.org.au/fhir/ch/v1/ValueSet/ncdhc-observation-interpretation-display-1",
            "display": "Normal|Review|Refer"
          },
          "item": [
            {
              "linkId": "4.1.1",
              "definition": "http://build.fhir.org/ig/hl7au/au-fhir-childhealth/StructureDefinition-ncdhc-observation-vitalsign-bodyweight-definitions.html#Observation.component.valueQuantity",
              "text": "Value",
              "type": "text"
            },
            {
              "linkId": "4.1.2",
              "definition": "http://build.fhir.org/ig/hl7au/au-fhir-childhealth/StructureDefinition-ncdhc-observation-vitalsign-bodyweight-definitions.html#Observation.interpretation",
              "text": "Outcome",
              "type": "open-choice"
            },
            {
              "linkId": "4.1.3",
              "definition": "http://build.fhir.org/ig/hl7au/au-fhir-childhealth/StructureDefinition-ncdhc-observation-vitalsign-bodyweight-definitions.html#Observation.comment",
              "text": "Comments",
              "type": "text"
            }
          ]
        }
      ]
    },
    {
      "linkId": "5",
      "code": [
        {
          "system": "http://snomed.info/sct",
          "code": "50373000"
        }
      ],
      "text": "Height",
      "type": "group",
      "item": [
        {
          "linkId": "5.1",
          "definition": "http://build.fhir.org/ig/hl7au/au-fhir-childhealth/StructureDefinition-ncdhc-observation-vitalsign-bodyheight-definitions.html#Observation.interpretation",
          "type": "choice",
          "options": {
            "reference": "http://hl7.org.au/fhir/ch/v1/ValueSet/ncdhc-observation-interpretation-display-1",
            "display": "Normal|Review|Refer"
          },
          "item": [
            {
              "linkId": "5.1.1",
              "definition": "http://build.fhir.org/ig/hl7au/au-fhir-childhealth/StructureDefinition-ncdhc-observation-vitalsign-bodyheight-definitions.html#Observation.component.valueQuantity",
              "text": "Value",
              "type": "text"
            },
            {
              "linkId": "5.1.2",
              "definition": "http://build.fhir.org/ig/hl7au/au-fhir-childhealth/StructureDefinition-ncdhc-observation-vitalsign-bodyheight-definitions.html#Observation.interpretation",
              "text": "Outcome",
              "type": "open-choice"
            },
            {
              "linkId": "5.1.3",
              "definition": "http://build.fhir.org/ig/hl7au/au-fhir-childhealth/StructureDefinition-ncdhc-observation-vitalsign-bodyheight-definitions.html#Observation.comment",
              "text": "Comments",
              "type": "text"
            }
          ]
        }
      ]
    },
    {
      "linkId": "6",
      "code": [
        {
          "system": "http://snomed.info/sct",
          "code": "252963001"
        }
      ],
      "text": "Monocularly (eyes)",
      "type": "group",
      "item": [
        {
          "linkId": "6.1",
          "text": "Show Details",
          "type": "question",
          "item": [
            {
              "linkId": "6.1.1",
              "definition": "http://build.fhir.org/ig/hl7au/au-fhir-childhealth/StructureDefinition-ncdhc-observation-vision-tested-monocularly-definitions.html#Observation.value[x]",
              "text": "Completed",
              "type": "open-choice"
            },
            {
              "linkId": "6.1.2",
              "definition": "http://build.fhir.org/ig/hl7au/au-fhir-childhealth/branches/master/StructureDefinition-ncdhc-observation-left-eye-visiual-acuity-definitions.html#Observation.component:VisualAcuity6M.valueQuantity:valueQuantity",
              "text": "Result left 6m",
              "type": "text"
            },
            {
              "linkId": "6.1.3",
              "definition": "http://build.fhir.org/ig/hl7au/au-fhir-childhealth/branches/master/StructureDefinition-ncdhc-observation-right-eye-visiual-acuity-definitions.html#Observation.component:VisualAcuity6M.valueQuantity:valueQuantity",
              "text": "Result right 6m",
              "type": "open-choice"
            },
            {
              "linkId": "6.1.4",
              "definition": "http://build.fhir.org/ig/hl7au/au-fhir-childhealth/branches/master/StructureDefinition-ncdhc-observation-left-eye-visiual-acuity-definitions.html#Observation.component:VisualAcuity3M.valueQuantity:valueQuantity",
              "text": "Result left 3m",
              "type": "open-choice"
            },
            {
              "linkId": "6.1.5",
              "definition": "http://build.fhir.org/ig/hl7au/au-fhir-childhealth/branches/master/StructureDefinition-ncdhc-observation-right-eye-visiual-acuity-definitions.html#Observation.component:VisualAcuity3M.valueQuantity:valueQuantity",
              "text": "Result right 3m",
              "type": "open-choice"
            },
            {
              "linkId": "6.1.6",
              "definition": "http://build.fhir.org/ig/hl7au/au-fhir-childhealth/StructureDefinition-ncdhc-observation-vision-tested-monocularly-definitions.html#Observation.interpretation",
              "text": "Outcome",
              "type": "open-choice"
            },
            {
              "linkId": "6.1.7",
              "definition": "http://build.fhir.org/ig/hl7au/au-fhir-childhealth/StructureDefinition-ncdhc-observation-vision-tested-monocularly-definitions.html#Observation.comment",
              "text": "Comments",
              "type": "text"
            }
          ]
        }
      ]
    },
    {
      "linkId": "7",
      "code": [
        {
          "system": "http://snomed.info/sct",
          "code": "363991003"
        }
      ],
      "text": "Ears",
      "type": "group",
      "item": [
        {
          "linkId": "7.1",
          "text": "Show Details",
          "type": "question",         
          "item": [
            {
              "linkId": "7.1.1",
              "definition": "http://build.fhir.org/ig/hl7au/au-fhir-childhealth/StructureDefinition-ncdhc-observation-ears-definitions.html#Observation.component:leftEar.interpretation",
              "text": "Left",
              "type": "open-choice"
            },
            {
              "linkId": "7.1.2",
              "definition": "http://build.fhir.org/ig/hl7au/au-fhir-childhealth/StructureDefinition-ncdhc-observation-ears-definitions.html#Observation.component:rightEar.interpretation",
              "text": "Right",
              "type": "open-choice"
            },
            {
              "linkId": "7.1.3",
              "definition": "http://build.fhir.org/ig/hl7au/au-fhir-childhealth/StructureDefinition-ncdhc-observation-ears-definitions.html#Observation.comment",
              "text": "Comments",
              "type": "text"
            }
          ]
        }
      ]
    },
    {
      "linkId": "8",
      "code": [
        {
          "system": "http://snomed.info/sct",
          "code": "281004000"
        }
      ],
      "text": "Eyes",
      "type": "group",
      "item": [
        {
          "linkId": "8.1",          
          "text": "Show Details",
          "type": "question",
          "item": [
            {
              "linkId": "8.1.1",
              "definition": "http://build.fhir.org/ig/hl7au/au-fhir-childhealth/StructureDefinition-ncdhc-observation-eyes-definitions.html#Observation.component:leftEyeAssessment.interpretation",
              "text": "Left",
              "type": "open-choice"
            },
            {
              "linkId": "8.1.2",
              "definition": "http://build.fhir.org/ig/hl7au/au-fhir-childhealth/StructureDefinition-ncdhc-observation-eyes-definitions.html#Observation.component:rightEyeAssessment.interpretation",
              "text": "Right",
              "type": "open-choice"
            },
            {
              "linkId": "8.1.3",
              "definition": "http://build.fhir.org/ig/hl7au/au-fhir-childhealth/StructureDefinition-ncdhc-observation-eyes-definitions.html#Observation.comment",
              "text": "Comments",
              "type": "text"
            }
          ]
        }
      ]
    },
    {
      "linkId": "9",
      "code": [
        {
          "system": "http://snomed.info/sct",
          "code": "252957005"
        }
      ],
      "text": "Hearing Check",
      "type": "group",
      "item": [
        {
          "linkId": "9.1",          
          "text": "Show Details",
          "type": "question",
          "initialCoding": {
            "system": "http://terminology.hl7.org/CodeSystem/v3-NullFlavor",
            "code": "NA",
            "display": "not applicable"
          },
          "item": [
            {
              "linkId": "9.1.1",
              "definition": "http://build.fhir.org/ig/hl7au/au-fhir-childhealth/StructureDefinition-ncdhc-observation-hearing-check-definitions.html#Observation.component:PureToneAudiometry.interpretation",
              "text": "Audiometry",
              "type": "open-choice"
            },
            {
              "linkId": "9.1.2",
              "definition": "http://build.fhir.org/ig/hl7au/au-fhir-childhealth/StructureDefinition-ncdhc-observation-hearing-check-definitions.html#Observation.component:TympanometryScreen.valueCodeableConcept",
              "text": "Tympanometry",
              "type": "open-choice"
            },
            {
              "linkId": "9.1.3",
              "definition": "http://build.fhir.org/ig/hl7au/au-fhir-childhealth/StructureDefinition-ncdhc-observation-hearing-check-definitions.html#Observation.comment",
              "text": "Comments",
              "type": "text"
            }
          ]
        }
      ]
    },
    {
      "linkId": "10",
      "code": [
        {
          "system": "http://snomed.info/sct",
          "code": "364674008"
        }
      ],
      "text": "Development",
      "type": "group",
      "item": [
        {
          "linkId": "10.1",
          "definition": "http://build.fhir.org/ig/hl7au/au-fhir-childhealth/StructureDefinition-ncdhc-observation-development-definitions.html#Observation.interpretation",
          "type": "choice",
          "options": {
            "reference": "http://hl7.org.au/fhir/ch/v1/ValueSet/ncdhc-observation-interpretation-display-1",
            "display": "Normal|Review|Refer"
          },
          "item": [
            {
              "linkId": "10.1.1",
              "definition": "http://build.fhir.org/ig/hl7au/au-fhir-childhealth/StructureDefinition-ncdhc-observation-development-definitions.html#Observation.interpretation",
              "text": "Outcome",
              "type": "open-choice"
            },
            {
              "linkId": "10.1.2",
              "definition": "http://build.fhir.org/ig/hl7au/au-fhir-childhealth/StructureDefinition-ncdhc-observation-development-definitions.html#Observation.comment",
              "text": "Comments",
              "type": "text"
            }
          ]
        }
      ]
    },
    {
      "linkId": "11",
      "code": [
        {
          "system": "http://snomed.info/sct",
          "code": "363836006"
        }
      ],
      "text": "Gait",
      "type": "group",
      "item": [
        {
          "linkId": "11.1",
          "definition": "http://build.fhir.org/ig/hl7au/au-fhir-childhealth/StructureDefinition-ncdhc-observation-gait-definitions.html#Observation.interpretation",
          "type": "choice",
          "options": {
            "reference": "http://hl7.org.au/fhir/ch/v1/ValueSet/ncdhc-observation-interpretation-display-1",
            "display": "Normal|Review|Refer"
          },
          "item": [
            {
              "linkId": "11.1.1",
              "definition": "http://build.fhir.org/ig/hl7au/au-fhir-childhealth/StructureDefinition-ncdhc-observation-gait-definitions.html#Observation.interpretation",
              "text": "Outcome",
              "type": "open-choice"
            },
            {
              "linkId": "11.1.2",
              "definition": "http://build.fhir.org/ig/hl7au/au-fhir-childhealth/StructureDefinition-ncdhc-observation-gait-definitions.html#Observation.comment",
              "text": "Comments",
              "type": "text"
            }
          ]
        }
      ]
    },
    {
      "linkId": "12",
      "code": [
        {
          "system": "http://snomed.info/sct",
          "code": "364528001"
        }
      ],
      "text": "Skin",
      "type": "group",
      "item": [
        {
          "linkId": "12.1",
          "definition": "http://build.fhir.org/ig/hl7au/au-fhir-childhealth/StructureDefinition-ncdhc-observation-skin-definitions.html#Observation.interpretation",
          "type": "choice",
          "options": {
            "reference": "http://hl7.org.au/fhir/ch/v1/ValueSet/ncdhc-observation-interpretation-display-1",
            "display": "Normal|Review|Refer"
          },
          "item": [
            {
              "linkId": "12.1.1",
              "definition": "http://build.fhir.org/ig/hl7au/au-fhir-childhealth/StructureDefinition-ncdhc-observation-skin-definitions.html#Observation.interpretation",
              "text": "Outcome",
              "type": "open-choice"
            },
            {
              "linkId": "12.1.2",
              "text": "Comments",
              "definition": "http://build.fhir.org/ig/hl7au/au-fhir-childhealth/StructureDefinition-ncdhc-observation-skin-definitions.html#Observation.comment",
              "type": "text"
            }
          ]
        }
      ]
    },
    {
      "linkId": "13",
      "code": [
        {
          "system": "http://snomed.info/sct",
          "code": "364111005"
        }
      ],
      "text": "Oral Health",
      "type": "group",
      "item": [
        {
          "linkId": "13.1",
          "definition": "http://build.fhir.org/ig/hl7au/au-fhir-childhealth/StructureDefinition-ncdhc-observation-oral-health-definitions.html#Observation.interpretation",
          "type": "choice",
          "options": {
            "reference": "http://hl7.org.au/fhir/ch/v1/ValueSet/ncdhc-observation-interpretation-display-1",
            "display": "Normal|Review|Refer"
          },
          "item": [
            {
              "linkId": "13.1.1",
              "definition": "http://build.fhir.org/ig/hl7au/au-fhir-childhealth/StructureDefinition-ncdhc-observation-oral-health-definitions.html#Observation.interpretation",
              "text": "Outcome",
              "type": "open-choice"
            },
            {
              "linkId": "13.1.2",
              "text": "Comments",
              "definition": "http://build.fhir.org/ig/hl7au/au-fhir-childhealth/StructureDefinition-ncdhc-observation-oral-health-definitions.html#Observation.comment",
              "type": "text"
            }
          ]
        }
      ]
    },
    {
      "linkId": "14",
      "definition": "http://build.fhir.org/ig/hl7au/au-fhir-childhealth/StructureDefinition-ncdhc-observation-ageaprImmcomp-definitions.html#Observation.valueCodeableConcept",
      "code": [
        {
          "system": "http://snomed.info/sct",
          "code": "408864009"
        }
      ],
      "text": "Immunisation completed",
      "type": "open-choice",
      "options": {
        "reference": "http://hl7.org.au/fhir/ch/v1/ValueSet/ncdhc-observation-completion-status-display-1",
        "display": "Yes|No"
      }
    },
    {
      "linkId": "15",
      "code": [
        {
          "system": "http://snomed.info/sct",
          "code": "60621009"
        }
      ],
      "text": "Body Mass Index (BMI)",
      "type": "group",
      "item": [
        {
          "linkId": "16.1",
          "definition": "http://build.fhir.org/ig/hl7au/au-fhir-childhealth/StructureDefinition-ncdhc-observation-vitalsign-bmi-definitions.html#Observation.interpretation",
          "type": "question",
          "options": {
            "reference": "http://hl7.org.au/fhir/ch/v1/ValueSet/ncdhc-observation-interpretation-display-1",
            "display": "Normal|Review|Refer"
          },
          "item": [
            {
              "linkId": "16.1.1",
              "definition": "http://build.fhir.org/ig/hl7au/au-fhir-childhealth/StructureDefinition-ncdhc-observation-vitalsign-bmi-definitions.html#Observation.valueQuantity:valueQuantity",
              "text": "Value",
              "type": "text"
            },
            {
              "linkId": "16.1.2",
              "definition": "http://build.fhir.org/ig/hl7au/au-fhir-childhealth/StructureDefinition-ncdhc-observation-vitalsign-bmi-definitions.html#Observation.interpretation",
              "text": "Outcome",
              "type": "open-choice"
            },
            {
              "linkId": "16.1.3",
              "definition": "http://build.fhir.org/ig/hl7au/au-fhir-childhealth/StructureDefinition-ncdhc-observation-vitalsign-bmi-definitions.html#Observation.comment",
              "text": "Comments",
              "type": "text"
            }
          ]
        }
      ]
    },
    {
      "linkId": "17",
      "code": [
        {
          "system": "http://snomed.info/sct",
          "code": "42950004"
        }
      ],
      "text": "Iron Testing",
      "type": "group",
      "item": [
        {
          "linkId": "17.1",          
          "text": "Show Details",
          "type": "question",
          "initialCoding": {
            "system": "http://terminology.hl7.org/CodeSystem/v3-NullFlavor",
            "code": "NA",
            "display": "not applicable"
          },
          "item": [
            {
              "linkId": "17.1.1",
              "definition": "http://build.fhir.org/ig/hl7au/au-fhir-childhealth/StructureDefinition-ncdhc-observation-iron-definitions.html#Observation.valueCodeableConcept:valueCodeableConcept",
              "text": "Completed",
              "type": "open-choice"
            },
            {
              "linkId": "17.1.2",
              "definition": "http://build.fhir.org/ig/hl7au/au-fhir-childhealth/StructureDefinition-ncdhc-observation-iron-serum-ferritin-definitions.html#Observation.code.coding:SerumFerritinSNOMEDCT-AU.display",
              "text": "Type",
              "type": "text",
              "enableWhen": [
                {
                  "question": "17.1.2",
                  "hasAnswer": true
                }
              ]
            },
            {
              "linkId": "17.1.3",
              "definition": "http://build.fhir.org/ig/hl7au/au-fhir-childhealth/StructureDefinition-ncdhc-observation-iron-haemoglobin-level-definitions.html#Observation.valueQuantity:valueQuantity",
              "text": "Type",
              "type": "text",
              "enableWhen": [
                {
                  "question": "17.1.3",
                  "hasAnswer": true
                }
              ]
            },
            {
              "linkId": "17.1.4",
              "definition": "http://build.fhir.org/ig/hl7au/au-fhir-childhealth/StructureDefinition-ncdhc-observation-iron-serum-ferritin-definitions.html#Observation.valueQuantity:valueQuantity",
              "text": "Result",
              "type": "text",
              "enableWhen": [
                {
                  "question": "17.1.4",
                  "hasAnswer": true
                }
              ]
            },
            {
              "linkId": "17.1.5",
              "definition": "http://build.fhir.org/ig/hl7au/au-fhir-childhealth/StructureDefinition-ncdhc-observation-iron-haemoglobin-level-definitions.html#Observation.code.coding:HaemoglobinLevelSNOMEDCT-AU.display",
              "text": "Result",
              "type": "text",
              "enableWhen": [
                {
                  "question": "17.1.5",
                  "hasAnswer": true
                }
              ]
            },
            {
              "linkId": "17.1.6",
              "definition": "http://build.fhir.org/ig/hl7au/au-fhir-childhealth/StructureDefinition-ncdhc-observation-iron-haemoglobin-level-definitions.html#Observation.comment",
              "text": "Comments",
              "type": "text"
            }
          ]
        }
      ]
    },
    {
      "linkId": "19",
      "code": [
        {
          "system": "http://snomed.info/sct",
          "code": "14369007"
        }
      ],
      "text": "Deworming",
      "type": "group",
      "item": [
        {
          "linkId": "19.1",         
          "text": "Show Details",
          "type": "question",
          "initialCoding": {
            "system": "http://terminology.hl7.org/CodeSystem/v3-NullFlavor",
            "code": "NA",
            "display": "not applicable"
          },
          "item": [
            {
              "linkId": "19.1.1",
              "definition": "http://build.fhir.org/ig/hl7au/au-fhir-childhealth/branches/master/StructureDefinition-ncdhc-observation-deworming-definitions.html#Observation.valueCodeableConcept:valueCodeableConcept",
              "text": "Medication Given",
              "type": "open-choice"
            },
            {
              "linkId": "19.1.2",
              "definition": "http://build.fhir.org/ig/hl7au/au-fhir-childhealth/branches/master/StructureDefinition-ncdhc-observation-deworming-definitions.html#Observation.comment",
              "text": "Comments",
              "type": "text"
            }
          ]
        }
      ]
    },
    {
      "linkId": "20",
      "code": [
        {
          "system": "http://snomed.info/sct",
          "code": "313042009"
        }
      ],
      "text": "Flouride Varnish",
      "type": "group",
      "item": [
        {
          "linkId": "20.1",          
          "text": "Show Details",
          "type": "question",
          "initialCoding": {
            "system": "http://terminology.hl7.org/CodeSystem/v3-NullFlavor",
            "code": "NA",
            "display": "not applicable"
          },
          "item": [
            {
              "linkId": "20.1.1",
              "definition": "http://build.fhir.org/ig/hl7au/au-fhir-childhealth/branches/master/StructureDefinition-ncdhc-observation-fluoride-varnish-definitions.html#Observation.value[x]:valueCodeableConcept",
              "text": "Fluoride applied",
              "type": "open-choice"
            },
            {
              "linkId": "20.1.2",
              "definition": "http://build.fhir.org/ig/hl7au/au-fhir-childhealth/branches/master/StructureDefinition-ncdhc-observation-fluoride-varnish-definitions.html#Observation.comment",
              "text": "Comments",
              "type": "text"
            }
          ]
        }
      ]
    },
    {
      "linkId": "21",
      "definition": "http://build.fhir.org/ig/hl7au/au-fhir-childhealth/StructureDefinition-ncdhc-observation-ageaprImmcomp-definitions.html#Observation.valueCodeableConcept",
      "code": [
        {
          "system": "http://snomed.info/sct",
          "code": "252957005"
        }
      ],
      "text": "Hearing Screen Completed",
      "type": "open-choice",
      "options": {
        "reference": "http://hl7.org.au/fhir/ch/v1/ValueSet/ncdhc-observation-completion-status-display-1",
        "display": "Yes|No"
      }
    },
    {
      "linkId": "22",
      "definition": "http://build.fhir.org/ig/hl7au/au-fhir-childhealth/StructureDefinition-ncdhc-observation-ageaprImmcomp-definitions.html#Observation.valueCodeableConcept",
      "code": [
        {
          "system": "http://snomed.info/sct",
          "code": "252963001"
        }
      ],
      "text": "Vision Screen Completed",
      "type": "open-choice",
      "options": {
        "reference": "http://hl7.org.au/fhir/ch/v1/ValueSet/ncdhc-observation-completion-status-display-1",
        "display": "Yes|No"
      }
    },
    {
      "linkId": "23",
      "text": "Examiner",
      "type": "group",
      "item": [
        {
          "linkId": "23.1",
          "definition": "http://build.fhir.org/ig/hl7au/au-fhir-childhealth/StructureDefinition-ncdhc-encounter-definitions.html#Encounter.participant.type",
          "text": "Designation",
          "type": "open-choice"
        },
        {
          "linkId": "23.2",
          "definition": "http://build.fhir.org/ig/hl7au/au-fhir-childhealth/StructureDefinition-ncdhc-encounter-definitions.html#Encounter.location.location",
          "text": "Venue",
          "type": "string"
        },
        {
          "linkId": "23.3",
          "text": "Date & Time",
          "definition": "http://build.fhir.org/ig/hl7au/au-fhir-childhealth/StructureDefinition-ncdhc-encounter-definitions.html#Encounter.period",
          "type": "dateTime"
        }
      ]
    }
  ]
}