     {
        "resourceType" : "Observation",
        "id" : "observation-femoralpulse-normal-example",
        "meta" : {
          "versionId" : "1",
          "lastUpdated" : "2018-12-27T16:13:03Z",
          "profile" : [
            "http://hl7.org.au/fhir/ch/v1/StructureDefinition/ncdhc-observation-femoral-pulses"
          ]
        },
        "text" : {
          "status" : "additional",
          "div" : "<div xmlns=\"http://www.w3.org/1999/xhtml\">Femoral pulses assessed normal.</div>"
        },
        "status" : "final",
        "code" : {
          "coding" : [
            {
              "system" : "http://snomed.info/sct",
              "code" : "67316000",
              "display" : "Femoral pulse"
            }
          ]
        },
        "subject" : {
          "reference" : "Patient/patient-baby-example",
          "display" : "Baby of Eve Bill"
        },
        "effectiveDateTime" : "2018-12-27T16:13:03Z",
        "performer" : [
          {
            "reference" : "Practitioner/examiner-practitioner",
            "display" : "Examiner"
          },
          {
            "reference" : "Organization/examiner-organization",
            "display" : "Organisation"
          }
        ],
        "valueCodeableConcept" : {
          "coding" : [
            {
              "system" : "http://snomed.info/sct",
              "code" : "443938003",
              "display" : "Procedure carried out on subject"
            }
          ]
        },
        "comment" : "Completed",
        "component" : [
          {
            "code" : {
              "coding" : [
                {
                  "system" : "http://snomed.info/sct",
                  "code" : "113270003",
                  "display" : "Left femoral artery"
                }
              ]
            },
            "interpretation" : {
              "coding" : [
                {
                  "system" : "http://snomed.info/sct",
                  "code" : "17621005",
                  "display" : "Normal"
                }
              ]
            }
          },
          {
            "code" : {
              "coding" : [
                {
                  "system" : "http://snomed.info/sct",
                  "code" : "69833005",
                  "display" : "Right femoral artery"
                }
              ]
            },
            "interpretation" : {
              "coding" : [
                {
                  "system" : "http://snomed.info/sct",
                  "code" : "17621005",
                  "display" : "Normal"
                }
              ]
            }
          }
        ]
      }