{
  "resourceType": "Questionnaire",
  "id": "hca-sum-nsw-q-en-s1",
  "meta": {
    "profile": [
      "http://hl7.org.au/fhir/ch/v1/StructureDefinition/ncdhc-questionnaire-base"
    ]
  },
  "language": "en-AU",
  "url": "http://hl7.org.au/fhir/ch/v1/Questionnaire/hca-sum-nsw-q-en-s1",
  "version": "hca-sum-nsw-q-en-s1",
  "title": "Health Check Summary",
  "experimental": false,
  "status": "active",
  "date": "2019-11-01",
  "publisher": "National Children's Digital Health Collaborative (NCDHC)",
  "description": "Question model to represent Health Check Summary",
  "code": [
    {
      "system": "http://hl7.org.au/fhir/ch/v1/CodeSystem/ncdhc-hi-type",
      "code": "HCSSUMVW",
      "display": "Health Check Summary"
    }
  ],
  "subjectType": [
    "Patient"    
  ],
  "item": [
    {
      "linkId": "8",
      "code": [
        {
          "system": "http://hl7.org.au/fhir/ch/v1/CodeSystem/ncdhc-hi-type-1",
          "code": "HEALTHCKASSMT04W"
        }
      ],
      "text": "1-4 week",
      "type": "string",
      "item": [
        {
          "linkId": "8.1",
          "type": "string",
          "item": [
            {
              "linkId": "8.1.1",
              "definition": "http://build.fhir.org/ig/hl7au/au-fhir-childhealth/StructureDefinition-ncdhc-patient-baby-definitions.html#Patient.birthDate.extension:birthTime",
              "type": "string"
            },
            {
              "linkId": "8.1.2",
              "definition": "http://build.fhir.org/ig/hl7au/au-fhir-childhealth/StructureDefinition-ncdhc-encounter-definitions.html#Encounter.location.location",
              "prefix": "-",
              "type": "string"
            }
          ]
        }
      ]
    },
    {
      "linkId": "7",
      "code": [
        {
          "system": "http://hl7.org.au/fhir/ch/v1/CodeSystem/ncdhc-hi-type-1",
          "code": "HEALTHCKASSMT68W"
        }
      ],
      "text": "6-8 week",
      "type": "string",
      "item": [
        {
          "linkId": "7.1",
          "type": "string",
          "item": [
            {
              "linkId": "7.1.1",
              "definition": "http://build.fhir.org/ig/hl7au/au-fhir-childhealth/StructureDefinition-ncdhc-patient-baby-definitions.html#Patient.birthDate.extension:birthTime",
              "type": "string"
            },
            {
              "linkId": "7.1.2",
              "definition": "http://build.fhir.org/ig/hl7au/au-fhir-childhealth/StructureDefinition-ncdhc-encounter-definitions.html#Encounter.location.location",
              "prefix": "-",
              "type": "string"
            }
          ]
        }
      ]
    },
    {
      "linkId": "6",
      "code": [
        {
          "system": "http://hl7.org.au/fhir/ch/v1/CodeSystem/ncdhc-hi-type-1",
          "code": "HEALTHCKASSMT49M"
        }
      ],
      "text": "6 months",
      "type": "string",
      "item": [
        {
          "linkId": "6.1",
          "type": "string",
          "item": [
            {
              "linkId": "6.1.1",
              "definition": "http://build.fhir.org/ig/hl7au/au-fhir-childhealth/StructureDefinition-ncdhc-patient-baby-definitions.html#Patient.birthDate.extension:birthTime",
              "type": "string"
            },
            {
              "linkId": "6.1.2",
              "definition": "http://build.fhir.org/ig/hl7au/au-fhir-childhealth/StructureDefinition-ncdhc-encounter-definitions.html#Encounter.location.location",
              "prefix": "-",
              "type": "string"
            }
          ]
        }
      ]
    },
    {
      "linkId": "5",
      "code": [
        {
          "system": "http://hl7.org.au/fhir/ch/v1/CodeSystem/ncdhc-hi-type-1",
          "code": "HEALTHCKASSMT12M"
        }
      ],
      "text": "12 months",
      "type": "string",
      "item": [
        {
          "linkId": "5.1",
          "type": "string",
          "item": [
            {
              "linkId": "5.1.1",
              "definition": "http://build.fhir.org/ig/hl7au/au-fhir-childhealth/StructureDefinition-ncdhc-patient-baby-definitions.html#Patient.birthDate.extension:birthTime",
              "type": "string"
            },
            {
              "linkId": "5.1.2",
              "definition": "http://build.fhir.org/ig/hl7au/au-fhir-childhealth/StructureDefinition-ncdhc-encounter-definitions.html#Encounter.location.location",
              "prefix": "-",
              "type": "string"
            }
          ]
        }
      ]
    },
    {
      "linkId": "4",
      "code": [
        {
          "system": "http://hl7.org.au/fhir/ch/v1/CodeSystem/ncdhc-hi-type-1",
          "code": "HEALTHCKASSMT18M"
        }
      ],
      "text": "18 months",
      "type": "string",
      "item": [
        {
          "linkId": "4.1",
          "type": "string",
          "item": [
            {
              "linkId": "4.1.1",
              "definition": "http://build.fhir.org/ig/hl7au/au-fhir-childhealth/StructureDefinition-ncdhc-patient-baby-definitions.html#Patient.birthDate.extension:birthTime",
              "type": "string"
            },
            {
              "linkId": "4.1.2",
              "definition": "http://build.fhir.org/ig/hl7au/au-fhir-childhealth/StructureDefinition-ncdhc-encounter-definitions.html#Encounter.location.location",
              "prefix": "-",
              "type": "string"
            }
          ]
        }
      ]
    },
    {
      "linkId": "3",
      "code": [
        {
          "system": "http://hl7.org.au/fhir/ch/v1/CodeSystem/ncdhc-hi-type-1",
          "code": "HEALTHCKASSMT23Y"
        }
      ],
      "text": "2 years",
      "type": "string",
      "item": [
        {
          "linkId": "3.1",
          "type": "string",
          "item": [
            {
              "linkId": "3.1.1",
              "definition": "http://build.fhir.org/ig/hl7au/au-fhir-childhealth/StructureDefinition-ncdhc-patient-baby-definitions.html#Patient.birthDate.extension:birthTime",
              "type": "string"
            },
            {
              "linkId": "3.1.2",
              "definition": "http://build.fhir.org/ig/hl7au/au-fhir-childhealth/StructureDefinition-ncdhc-encounter-definitions.html#Encounter.location.location",
              "prefix": "-",
              "type": "string"
            }
          ]
        }
      ]
    },
    {
      "linkId": "2",
      "code": [
        {
          "system": "http://hl7.org.au/fhir/ch/v1/CodeSystem/ncdhc-hi-type-1",
          "code": "HEALTHCKASSMT34Y"
        }
      ],
      "text": "3 years",
      "type": "string",
      "item": [
        {
          "linkId": "2.1",
          "type": "string",
          "item": [
            {
              "linkId": "2.1.1",
              "definition": "http://build.fhir.org/ig/hl7au/au-fhir-childhealth/StructureDefinition-ncdhc-patient-baby-definitions.html#Patient.birthDate.extension:birthTime",
              "type": "string"
            },
            {
              "linkId": "2.1.2",
              "definition": "http://build.fhir.org/ig/hl7au/au-fhir-childhealth/StructureDefinition-ncdhc-encounter-definitions.html#Encounter.location.location",
              "prefix": "-",
              "type": "string"
            }
          ]
        }
      ]
    },
    {
      "linkId": "1",
      "code": [
        {
          "system": "http://hl7.org.au/fhir/ch/v1/CodeSystem/ncdhc-hi-type-1",
          "code": "HEALTHCKASSMT45Y"
        }
      ],
      "text": "4 years",
      "type": "string",
      "item": [
        {
          "linkId": "1.1",
          "type": "string",
          "item": [
            {
              "linkId": "1.1.1",
              "definition": "http://build.fhir.org/ig/hl7au/au-fhir-childhealth/StructureDefinition-ncdhc-patient-baby-definitions.html#Patient.birthDate.extension:birthTime",
              "type": "string"
            },
            {
              "linkId": "1.1.2",
              "definition": "http://build.fhir.org/ig/hl7au/au-fhir-childhealth/StructureDefinition-ncdhc-encounter-definitions.html#Encounter.location.location",
              "prefix": "-",
              "type": "string"
            }
          ]
        }
      ]
    }
  ]
}