{
  "resourceType": "OperationOutcome",
  "id": "operationoutcome-500-example",
  "text": {
    "status": "additional",
    "div": "<div xmlns=\"http://www.w3.org/1999/xhtml\">\n      <p>Sorry, We are experiencing technical difficulties at this time. Please try again later.</p>\n    </div>"
  },
  "issue": [
    {
      "severity": "error",
      "code": "exception",
      "details": {
        "text": "Sorry, We are experiencing technical difficulties at this time. Please try again later."
      },
      "diagnostics": "NCDHC-500-12345: The requested action can not be performed by the Data Hub due to internal server error"
    }
  ]
}