{
    "resourceType": "OperationOutcome",
    "id": "operationoutcome-404-example",
    "text": {
      "status": "additional",
      "div": "<div xmlns=\"http://www.w3.org/1999/xhtml\">\n      <p>Sorry, the details that you are requesting are not available at this time. Please try again later.</p>\n    </div>"
    },
    "issue": [
      {
        "severity": "information",
        "code": "not-found",
        "details": {
          "text": "Sorry, the details that you are requesting are not available at this time. Please try again later."
        },
        "diagnostics": "NCDHC-404-12345: No matching Patient resource found with id 62333608-eb01-40b5-b6c3-daded7910406"
      }
    ]
  }