{
  "resourceType": "Observation",
  "meta": {
    "versionId": "1",
    "lastUpdated": "2018-12-27T16:13:03Z",
    "profile": "http://hl7.org.au/fhir/ch/v1/StructureDefinition/ncdhc-observation-fetus-liquor"
  },
  "text": {
    "status": "additional",
    "div": "<div xmlns=\"http://www.w3.org/1999/xhtml\">Measure of amniotic fluid (liquor)</div>"
  },
  "id": "110a72a8-df75-4484-ac89-ac4923f03b53",
  "status": "final",
  "code": {
    "coding": [      
      {
        "system": "http://snomed.info/sct",
        "code": "289568008"
      }
    ],
    "text": "Measure of amniotic fluid (liquor)"
  },
  "subject": {
    "reference": "Patient/patient-baby-example",
    "display": "Eve Bill"
  },
  "effectiveDateTime": "2018-12-27T16:13:03Z",
  "performer": [
    {
      "reference": "Practitioner/Practitioner/examiner-practitioner",
      "display": "Examiner"
    },
    {
      "reference": "Organization/examiner-organization",
      "display": "Organisation"
    }
  ],
  "valueCodeableConcept": {
    "coding": [
      {
        "system": "http://snomed.info/sct",
        "code": "84457005",
        "display": "Spontaneous onset of labour"
      }
    ]
  }
}