{
    "resourceType": "OperationOutcome",
    "id": "operationoutcome-412-example",
    "text": {
      "status": "additional",
      "div": "<div xmlns=\"http://www.w3.org/1999/xhtml\">\n      <p>Sorry, the details that you are requesting cannot be displayed at this time. Please try again later.</p>\n    </div>"
    },
    "issue": [
      {
        "severity": "error",
        "code": "required",
        "details":{
          "text": "Sorry, the details that you are requesting cannot be displayed at this time. Please try again later. "
        },
        "diagnostics": "NCDHC-412-12345: Pre-condition failed - tno If-Match header is found in the request"
      }
    ]
 }