{
  "resourceType": "Bundle",
  "id": "ncdhc-bundle-transaction-create-child",
  "type": "transaction",
  "entry": [
    {
      "fullUrl": "urn:uuid:dd78393f-37ca-4738-81d6-d9595b2e5d0f",
      "resource": {
        "resourceType": "Patient",
        "id": "dd78393f-37ca-4738-81d6-d9595b2e5d0f",
        "meta": {
          "versionId": "1",
          "lastUpdated": "2019-06-25T14:36:03Z",
          "profile": [
            "http://hl7.org.au/fhir/ch/v1/StructureDefinition/ncdhc-patient-baby"
          ]
        },
        "text": {
          "status": "generated",
          "div": "<div xmlns=\"http://www.w3.org/1999/xhtml\">\n\t\t\t\t\t\t\n<h1>Baby of Eve Bill</h1>\n\t\t\t\t\t\n</div>"
        },
        "extension": [
          {
            "url": "http://hl7.org/fhir/StructureDefinition/birthPlace",
            "valueAddress": {
              "text": "Blacktown Hospital"
            }
          }
        ],
        "identifier": [
          {
            "type": {
              "coding": [
                {
                  "system": "http://hl7.org/fhir/v2/0203",
                  "code": "NI",
                  "display": "National unique individual identifier"
                }
              ],
              "text": "IHI"
            },
            "system": "http://ns.electronichealth.net.au/id/hi/ihi/1.0",
            "value": "8003608000024083"
          }
        ],
        "active": true,
        "name": [
          {
            "text": "Baby of Eve Bill",
            "family": "Bill",
            "given": [
              "Baby of Eve"
            ]
          }
        ],
        "gender": "female",
        "birthDate": "2018-12-24",
        "_birthDate": {
          "extension": [
            {
              "url": "http://hl7.org/fhir/StructureDefinition/patient-birthTime",
              "valueDateTime": "2018-12-24T14:35:45-05:00"
            }
          ]
        },
        "address": [
          {
            "text": "home",
            "line": [
              "31 Pacquola Street"
            ],
            "city": "Blacktown",
            "state": "NSW",
            "postalCode": "2148",
            "country": "Australia"
          }
        ],
        "contact": [
          {
            "relationship": [
              {
                "coding": [
                  {
                    "system": "http://hl7.org/fhir/v3/RoleCode",
                    "code": "MTH",
                    "display": "mother"
                  }
                ],
                "text": "Mother"
              }
            ],
            "name": {
              "text": "Eve Bill",
              "family": "Bill",
              "given": [
                "Eve"
              ]
            }
          },
          {
            "relationship": [
              {
                "coding": [
                  {
                    "system": "http://hl7.org/fhir/v3/RoleCode",
                    "code": "FTH",
                    "display": "father"
                  }
                ],
                "text": "Father"
              }
            ],
            "name": {
              "text": "Simmons Bill",
              "family": "Bill",
              "given": [
                "Simmons"
              ]
            }
          }
        ]
      },
      "request": {
        "method": "PUT",
        "url": "Person"
      }
    },   
    {
      "request": {
        "method": "GET",
        "url": "Person/61ebe359-bfdc-4613-8bf2-c5e300945f0a"
      }
    }
  ]
}