  {
        "resourceType": "Practitioner",
        "id": "examiner-practitioner",
        "meta": {
          "versionId": "1",
          "lastUpdated": "2018-12-27T16:13:03Z"
        },
        "text": {
          "status": "generated",
          "div": "<div xmlns=\"http://www.w3.org/1999/xhtml\">\n\t\t\t\t\t\t\n<p>Dr Adam Dev</p>\n\t\t\t\t\t\n</div>"
        },
        "identifier": [
          {
            "type": {
              "coding": [
                {
                  "system": "http://hl7.org/fhir/v2/0203",
                  "code": "NPI",
                  "display": "National provider identifier"
                }
              ],
              "text": "HPI-I"
            },
            "system": "http://ns.electronichealth.net.au/id/hi/hpii/1.0",
            "value": "8003610833334085"
          }
        ],
        "active": true,
        "name": [
          {
            "family": "Dev",
            "given": [
              "Adam"
            ],
            "prefix": [
              "Dr"
            ]
          }
        ],
        "qualification": [
          {
            "identifier": [
              {
                "type": {
                  "coding": [
                    {
                      "system": "http://hl7.org.au/fhir/v2/0203",
                      "code": "AHPRA",
                      "display": "Australian Health Practitioner Regulation Agency Registration Number"
                    }
                  ],
                  "text": "AHPRA Registration Number"
                },
                "system": "http://hl7.org.au/id/ahpra-registration-number",
                "value": "MED0000932850"
              }
            ],
            "code": {
              "coding": [
                {
                  "system": "http://www.abs.gov.au/ausstats/abs@.nsf/mf/1220.0",
                  "code": "254111",
                  "display": "Midwife"
                }
              ],
              "text": "AHPRA qualification for Midwife"
            },
            "issuer": {
              "display": "AHPRA"
            }
          }
        ]
      }