{
  "resourceType": "QuestionnaireResponse",
  "id": "hca-3year-qa-en-s1",
  "questionnaire": {
    "reference": "Questionnaire/hca-3year-q-en-s1",
    "display": "3 Year"
  },
  "status": "completed",
  "subject": {
    "reference": "Patient/patient-baby-example"
  },
  "item": [
    {
      "id": "1.0.0.0",
      "linkId": "1",
      "text": "Venue",
      "subject": {
        "reference": "Encounter/ncdhc-encounter-example"
      },
      "answer": [
        {
          "valueString": "Dubbo Doctors"
        }
      ]
    },
    {
      "id": "2.0.0.0",
      "linkId": "2",
      "text": "Date / Time",
      "subject": {
        "reference": "Encounter/ncdhc-encounter-example"
      },
      "answer": [
        {
          "valueDateTime": "2021-02-07T17:42:00-05:00"
        }
      ]
    },
    {
      "id": "3.0.0.0",
      "linkId": "3",
      "text": "Child's Age",
      "subject": {
        "reference": "Patient/patient-baby-example"
      },
      "answer": [
        {
          "valueString": "3 years & 2 months"
        }
      ]
    },
    {
      "id": "4.0.0.0",
      "linkId": "4",
      "text": "Weight",
      "answer": [
        {
          "valueString": "Normal",
          "item": [
            {
              "id": "4.1.0.1",
              "linkId": "4.1",
              "subject": {
                "reference": "Observation/observation-vitalsign-bodyweight-example"
              },
              "item": [
                {
                  "id": "4.1.1.1",
                  "linkId": "4.1.1",
                  "text": "Value",
                  "answer": [
                    {
                      "valueString": "17.7kg"
                    }
                  ]
                },
                {
                  "id": "4.1.2.1",
                  "linkId": "4.1.2",
                  "text": "Outcome",
                  "answer": [
                    {
                      "valueCoding": {
                        "system": "http://snomed.info/sct",
                        "code": "17621005",
                        "display": "Normal"
                      }
                    }
                  ]
                },
                {
                  "id": "4.1.3.1",
                  "linkId": "4.1.3",
                  "text": "Comments",
                  "answer": [
                    {
                      "valueString": "Comment goes here"
                    }
                  ]
                }
              ]
            }
          ]
        }
      ]
    },
    {
      "id": "5.0.0.0",
      "linkId": "5",
      "text": "Length",
      "answer": [
        {
          "valueString": "Normal",
          "item": [
            {
              "id": "5.1.0.1",
              "linkId": "5.1",
              "subject": {
                "reference": "Observation/observation-vitalsign-bodyheight-example"
              },
              "item": [
                {
                  "id": "5.1.1.1",
                  "linkId": "5.1.1",
                  "text": "Value",
                  "answer": [
                    {
                      "valueString": "101.6cm"
                    }
                  ]
                },
                {
                  "id": "5.1.2.1",
                  "linkId": "5.1.2",
                  "text": "Outcome",
                  "answer": [
                    {
                      "valueCoding": {
                        "system": "http://snomed.info/sct",
                        "code": "17621005",
                        "display": "Normal"
                      }
                    }
                  ]
                },
                {
                  "id": "5.1.3.1",
                  "linkId": "5.1.3",
                  "text": "Comments",
                  "answer": [
                    {
                      "valueString": "NA"
                    }
                  ]
                }
              ]
            }
          ]
        }
      ]
    },
    {
      "id": "6.0.0.0",
      "linkId": "6",
      "text": "Head Circumference",
      "answer": [
        {
          "valueString": "Normal",
          "item": [
            {
              "id": "6.1.0.1",
              "linkId": "6.1",
              "subject": {
                "reference": "Observation/observation-vitalsign-headcircum-example"
              },
              "item": [
                {
                  "id": "6.1.1.1",
                  "linkId": "6.1.1",
                  "text": "Value",
                  "answer": [
                    {
                      "valueString": "51.1cm"
                    }
                  ]
                },
                {
                  "id": "6.1.2.1",
                  "linkId": "6.1.2",
                  "text": "Outcome",
                  "answer": [
                    {
                      "valueCoding": {
                        "system": "http://snomed.info/sct",
                        "code": "17621005",
                        "display": "Normal"
                      }
                    }
                  ]
                },
                {
                  "id": "6.1.3.1",
                  "linkId": "6.1.3",
                  "text": "Comments",
                  "answer": [
                    {
                      "valueString": "Comment goes here"
                    }
                  ]
                }
              ]
            }
          ]
        }
      ]
    },
    {
      "id": "7.0.0.0",
      "linkId": "7",
      "text": "Ears",
      "answer": [
        {
          "valueString": "Show Details",
          "item": [
            {
              "id": "7.1.0.1",
              "linkId": "7.1",
              "subject": {
                "reference": "Observation/observation-ears-normal-example"
              },
              "item": [
                {
                  "id": "7.1.1.1",
                  "linkId": "7.1.1",
                  "text": "Left",
                  "answer": [
                    {
                      "valueCoding": {
                        "system": "http://snomed.info/sct",
                        "code": "17621005",
                        "display": "Normal"
                      }
                    }
                  ]
                },
                {
                  "id": "7.1.2.1",
                  "linkId": "7.1.2",
                  "text": "Right",
                  "answer": [
                    {
                      "valueCoding": {
                        "system": "http://snomed.info/sct",
                        "code": "17621005",
                        "display": "Normal"
                      }
                    }
                  ]
                },
                {
                  "id": "7.1.3.1",
                  "linkId": "7.1.3",
                  "text": "Comments",
                  "answer": [
                    {
                      "valueString": "Comment goes here"
                    }
                  ]
                }
              ]
            }
          ]
        }
      ]
    },
    {
      "id": "8.0.0.0",
      "linkId": "8",
      "text": "Eyes",
      "answer": [
        {
          "valueString": "Show Details",
          "item": [
            {
              "id": "8.1.0.1",
              "linkId": "8.1",
              "subject": {
                "reference": "Observation/observation-eyes-normal-example"
              },
              "item": [
                {
                  "id": "8.1.1.1",
                  "linkId": "8.1.1",
                  "text": "Left",
                  "answer": [
                    {
                      "valueCoding": {
                        "system": "http://snomed.info/sct",
                        "code": "17621005",
                        "display": "Normal"
                      }
                    }
                  ]
                },
                {
                  "id": "8.1.2.1",
                  "linkId": "8.1.2",
                  "text": "Right",
                  "answer": [
                    {
                      "valueCoding": {
                        "system": "http://snomed.info/sct",
                        "code": "17621005",
                        "display": "Normal"
                      }
                    }
                  ]
                },
                {
                  "id": "8.1.3.1",
                  "linkId": "8.1.3",
                  "text": "Comments",
                  "answer": [
                    {
                      "valueString": "Both eyes assessed as normal"
                    }
                  ]
                }
              ]
            }
          ]
        }
      ]
    },
    {
      "id": "9.0.0.0",
      "linkId": "9",
      "text": "Development",
      "answer": [
        {
          "valueString": "Normal",
          "item": [
            {
              "id": "9.1.0.1",
              "linkId": "9.1",
              "subject": {
                "reference": "Observation/observation-development-normal-example"
              },
              "item": [
                {
                  "id": "9.1.1.1",
                  "linkId": "9.1.1",
                  "text": "Outcome",
                  "answer": [
                    {
                      "valueCoding": {
                        "system": "http://snomed.info/sct",
                        "code": "17621005",
                        "display": "Normal"
                      }
                    }
                  ]
                },
                {
                  "id": "9.1.2.1",
                  "linkId": "9.1.2",
                  "text": "Comments",
                  "answer": [
                    {
                      "valueString": "Comment goes here"
                    }
                  ]
                }
              ]
            }
          ]
        }
      ]
    },
    {
      "id": "10.0.0.0",
      "linkId": "10",
      "text": "Gait",
      "answer": [
        {
          "valueString": "Normal",
          "item": [
            {
              "id": "10.1.0.1",
              "linkId": "10.1",
              "subject": {
                "reference": "Observation/observation-gait-normal-example"
              },
              "item": [
                {
                  "id": "10.1.1.1",
                  "linkId": "10.1.1",
                  "text": "Outcome",
                  "answer": [
                    {
                      "valueCoding": {
                        "system": "http://snomed.info/sct",
                        "code": "17621005",
                        "display": "Normal"
                      }
                    }
                  ]
                },
                {
                  "id": "10.1.2.1",
                  "linkId": "10.1.2",
                  "text": "Comments",
                  "answer": [
                    {
                      "valueString": "Comment goes here"
                    }
                  ]
                }
              ]
            }
          ]
        }
      ]
    },
    {
      "id": "11.0.0.0",
      "linkId": "11",
      "text": "Skin",
      "answer": [
        {
          "valueString": "Normal",
          "item": [
            {
              "id": "11.1.0.1",
              "linkId": "11.1",
              "subject": {
                "reference": "Observation/observation-skin-normal-example"
              },
              "item": [
                {
                  "id": "11.1.1.1",
                  "linkId": "11.1.1",
                  "text": "Outcome",
                  "answer": [
                    {
                      "valueCoding": {
                        "system": "http://snomed.info/sct",
                        "code": "17621005",
                        "display": "Normal"
                      }
                    }
                  ]
                },
                {
                  "id": "11.1.2.1",
                  "linkId": "11.1.2",
                  "text": "Comments",
                  "answer": [
                    {
                      "valueString": "Comment goes here"
                    }
                  ]
                }
              ]
            }
          ]
        }
      ]
    },
    {
      "id": "12.0.0.0",
      "linkId": "12",
      "text": "Oral Health",
      "answer": [
        {
          "valueString": "Normal",
          "item": [
            {
              "id": "12.1.0.1",
              "linkId": "12.1",
              "subject": {
                "reference": "Observation/observation-oralhealth-normal-example"
              },
              "item": [
                {
                  "id": "12.1.1.1",
                  "linkId": "12.1.1",
                  "text": "Outcome",
                  "answer": [
                    {
                      "valueCoding": {
                        "system": "http://snomed.info/sct",
                        "code": "17621005",
                        "display": "Normal"
                      }
                    }
                  ]
                },
                {
                  "id": "12.1.2.1",
                  "linkId": "12.1.2",
                  "text": "Comments",
                  "answer": [
                    {
                      "valueString": "Comment goes here"
                    }
                  ]
                }
              ]
            }
          ]
        }
      ]
    },
    {
      "id": "13.0.0.0",
      "linkId": "13",
      "text": "Immunisation completed",
      "answer": [
        {
          "valueString": "Yes",
          "item": [
            {
              "id": "13.1.0.1",
              "linkId": "13.1",
              "subject": {
                "reference": "Observation/observation-immunisation-normal-example"
              },
              "item": [
                {
                  "id": "13.1.1.1",
                  "linkId": "13.1.1",
                  "text": "Outcome",
                  "answer": [
                    {
                      "valueCoding": {
                        "system": "http://snomed.info/sct",
                        "code": "17621005",
                        "display": "Normal"
                      }
                    }
                  ]
                },
                {
                  "id": "13.1.2.1",
                  "linkId": "13.1.2",
                  "text": "Comments",
                  "answer": [
                    {
                      "valueString": "Comment goes here"
                    }
                  ]
                }
              ]
            }
          ]
        }
      ]
    },
    {
      "id": "14.0.0.0",
      "linkId": "14",
      "text": "Body Mass Index (BMI)",
      "answer": [
        {
          "valueString": "Show Details",
          "item": [
            {
              "id": "14.1.0.1",
              "linkId": "14.1",
              "subject": {
                "reference": "Observation/observation-bmi-normal-example"
              },
              "item": [
                {
                  "id": "14.1.1.1",
                  "linkId": "14.1.1",
                  "text": "Outcome",
                  "answer": [
                    {
                      "valueCoding": {
                        "system": "http://snomed.info/sct",
                        "code": "17621005",
                        "display": "Normal"
                      }
                    }
                  ]
                },
                {
                  "id": "14.1.2.1",
                  "linkId": "14.1.2",
                  "text": "Comments",
                  "answer": [
                    {
                      "valueString": "Comment goes here"
                    }
                  ]
                }
              ]
            }
          ]
        }
      ]
    },
    {
      "id": "15.0.0.0",
      "linkId": "15",
      "text": "Examiner",
      "answer": [
        {
          "valueString": "Angelo ROWE",
          "item": [
            {
              "id": "15.1.0.1",
              "linkId": "15.1",
              "text": "Designation",
              "subject": {
                "reference": "Practitioner/examiner-practitioner"
              },
              "answer": [
                {
                  "valueString": "General Practitioner"
                }
              ]
            },
            {
              "id": "15.1.0.1",
              "linkId": "15.2",
              "text": "Venue",
              "subject": {
                "reference": "Encounter/ncdhc-encounter-example"
              },
              "answer": [
                {
                  "valueString": "Dubbo Doctors"
                }
              ]
            },
            {
              "id": "15.1.0.1",
              "linkId": "15.3",
              "text": "Date & Time",
              "subject": {
                "reference": "Encounter/ncdhc-encounter-example"
              },
              "answer": [
                {
                  "valueDateTime": "2021-02-07T11:34:00-05:00"
                }
              ]
            }
          ]
        }
      ]
    }
  ]
}