<?xml version="1.0" encoding="UTF-8"?>

<Bundle xmlns="http://hl7.org/fhir">
  <id value="28900024-070c-4141-8109-9d9fa34dd24b"/>
  <meta>
    <versionId value="1"/>
    <lastUpdated value="2019-01-01T00:00:00Z"/>
  </meta>
  <identifier>
    <system value="urn:ietf:rfc:3986"/>
    <value value="urn:uuid:0c4151bd-1cbf-4d64-b04d-cd9187a4c6e0"/>
  </identifier>
  <type value="document"/>
  <entry>
    <fullUrl value="https://ncdhc.health.gov.au/fhir/v1.0.0/Composition/280f219f-97a8-486d-99d9-ed631fe4fc57"/>
    <resource>
      <Composition>
        <id value="280f219f-97a8-486d-99d9-ed631fe4fc57"/>
        <meta>
          <versionId value="1"/>
          <lastUpdated value="2019-01-01T00:00:00Z"/>
          <profile value="http://hl7.org.au/fhir/ch/v1/StructureDefinition/ncdhc-composition-health-check-assessment"/>
        </meta>
        <text>
          <status value="generated"/><div xmlns="http://www.w3.org/1999/xhtml"><p><b>Generated Narrative with Details</b></p><p><b>id</b>: 180f219f-97a8-486d-99d9-ed631fe4fc57</p><p><b>meta</b>: </p><p><b>status</b>: final</p><p><b>type</b>: Newborn Healthcheck Assessment<span>(Details : {LOINC code '11503-0' = 'Medical records')</span></p><p><b>title</b>: Newborn Healthcheck Assessment</p><p><b>confidentiality</b>: N</p></div>
        </text>
        <status value="final"/>
        <type>
          <coding>
            <system value="http://loinc.org"/>
            <code value="11503-0"/>
          </coding>
          <text value="Newborn Health Check Assessment Health Interaction"/>
        </type>
        <subject>
          <reference value="https://ncdhc.health.gov.au/fhir/v1.0.0/Patient/dd78393f-37ca-4738-81d6-d9595b2e5d0f"/>
          <display value="Baby of Eve Bill"/>
        </subject>
        <date value="2018-12-24T12:30:02Z"/>
        <author>
          <reference value="https://ncdhc.health.gov.au/fhir/v1.0.0/Practitioner/3db74777-fd3d-4d3b-92ec-d405977a11a5"/>
          <display value="Dr. Adam Dev"/>
        </author>
        <title value="Newborn Health Check Assessment Health Interaction"/>
        <confidentiality value="N"/>
        <attester>
          <mode value="professional"/>
          <time value="2018-12-24T12:30:02Z"/>
          <party>
            <reference value="https://ncdhc.health.gov.au/fhir/v1.0.0/Organization/od78393f-37ca-4738-81d6-d9595b2e5d0f"/>
          </party>
        </attester>
        <section>
          <title value="Vital Signs and Measurements"/>
          <code>
            <coding>
              <system value="http://loinc.org"/>
              <code value="67795-5"/>
            </coding>
          </code>
          <text>
            <status value="additional"/><div xmlns="http://www.w3.org/1999/xhtml">Vital Signs</div>
          </text>
          <entry>
            <reference value="https://ncdhc.health.gov.au/fhir/v1.0.0/Observation/741a72a8-df75-4484-ac89-ac4923f03b42"/>
          </entry>
          <entry>
            <reference value="https://ncdhc.health.gov.au/fhir/v1.0.0/Observation/841a72a8-df75-4484-ac89-ac4923f03b42"/>
          </entry>
        </section>
        <section>
          <title value="Other health conditions"/>
          <code>
            <coding>
              <system value="http://loinc.org"/>
              <code value="86674-9"/>
            </coding>
          </code>
          <text>
            <status value="additional"/><div xmlns="http://www.w3.org/1999/xhtml">Other health conditions</div>
          </text>
          <entry>
            <reference value="https://ncdhc.health.gov.au/fhir/v1.0.0/Observation/541a72a8-df75-4484-ac89-ac4923f03b81"/>
          </entry>
          <entry>
            <reference value="https://ncdhc.health.gov.au/fhir/v1.0.0/Observation/641a72a8-df75-4484-ac89-ac4923f03b81"/>
          </entry>
        </section>
      </Composition>
    </resource>
  </entry>
  <entry>
    <fullUrl value="https://ncdhc.health.gov.au/fhir/v1.0.0/Patient/dd78393f-37ca-4738-81d6-d9595b2e5d0f"/>
    <resource>
      <Patient>
        <id value="dd78393f-37ca-4738-81d6-d9595b2e5d0f"/>
        <meta>
          <versionId value="1"/>
          <lastUpdated value="2018-12-27T16:13:03Z"/>
          <profile value="http://hl7.org.au/fhir/ch/v1/StructureDefinition/ncdhc-patient"/>
        </meta>
        <text>
          <status value="generated"/><div xmlns="http://www.w3.org/1999/xhtml">
						
<h1>Baby of Eve Bill</h1>
					
</div>
        </text>
        <extension url="http://hl7.org/fhir/StructureDefinition/birthPlace">
          <valueAddress>
            <text value="Blacktown Hospital"/>
          </valueAddress>
        </extension>
        <identifier>
          <type>
            <coding>
              <system value="http://hl7.org/fhir/v2/0203"/>
              <code value="NI"/>
              <display value="National unique individual identifier"/>
            </coding>
            <text value="IHI"/>
          </type>
          <system value="http://ns.electronichealth.net.au/id/hi/ihi/1.0"/>
          <value value="8003608000024083"/>
        </identifier>
        <identifier>
          <type>
            <coding>
              <system value="http://hl7.org/fhir/v2/0203"/>
              <code value="MR"/>
              <display value="Medical Record Number"/>
            </coding>
            <text value="Medical Record Number"/>
          </type>
          <system value="http://ns.electronichealth.net.au/id/hpio-scoped/medicalrecord/1.0"/>
          <value value="8003620000000000"/>
          <assigner>
            <display value="Blacktown Hospital"/>
          </assigner>
        </identifier>
        <active value="true"/>
        <name>
          <text value="Baby of Eve Bill"/>
          <family value="Bill"/>
          <given value="Baby of Eve"/>
        </name>
        <gender value="female"/>
        <birthDate value="2018-12-24">
          <extension url="http://hl7.org/fhir/StructureDefinition/patient-birthTime">
            <valueDateTime value="2018-12-24T14:35:45-05:00"/>
          </extension>
        </birthDate>
        <address>
          <text value="home"/>
          <line value="31 Pacquola Street"/>
          <city value="Blacktown"/>
          <state value="NSW"/>
          <postalCode value="2148"/>
          <country value="Australia"/>
        </address>
        <contact>
          <relationship>
            <coding>
              <system value="http://hl7.org/fhir/v3/RoleCode"/>
              <code value="MTH"/>
              <display value="mother"/>
            </coding>
            <text value="Mother"/>
          </relationship>
          <name>
            <text value="Eve Bill"/>
            <family value="Bill"/>
            <given value="Eve"/>
          </name>
        </contact>
        <contact>
          <relationship>
            <coding>
              <system value="http://hl7.org/fhir/v3/RoleCode"/>
              <code value="FTH"/>
              <display value="father"/>
            </coding>
            <text value="Father"/>
          </relationship>
          <name>
            <text value="Simmons Bill"/>
            <family value="Bill"/>
            <given value="Simmons"/>
          </name>
        </contact>
      </Patient>
    </resource>
  </entry>
  <entry>
    <fullUrl value="https://ncdhc.health.gov.au/fhir/v1.0.0/Organization/od78393f-37ca-4738-81d6-d9595b2e5d0f"/>
    <resource>
      <Organization>
        <id value="od78393f-37ca-4738-81d6-d9595b2e5d0f"/>
        <text>
          <status value="generated"/><div xmlns="http://www.w3.org/1999/xhtml"><p><b>Generated Narrative with Details</b></p><p><b>id</b>: od78393f-37ca-4738-81d6-d9595b2e5d0f</p><p><b>identifier</b>: ABN = 51824753556</p><p><b>type</b>: Healthcare Provider <span style="background: LightGoldenRodYellow">(Details : {http://hl7.org/fhir/organization-type code 'prov' = 'Healthcare Provider', given as 'Healthcare Provider'})</span></p><p><b>name</b>: Blacktown Hospital</p><p><b>telecom</b>: enquiries@blacktownhospital.com.au(WORK)</p></div>
        </text>
        <identifier>
          <type>
            <text value="ABN"/>
          </type>
          <system value="http://hl7.org.au/id/abn"/>
          <value value="51824753556"/>
        </identifier>
        <type>
          <coding>
            <system value="http://hl7.org/fhir/organization-type"/>
            <code value="prov"/>
            <display value="Healthcare Provider"/>
          </coding>
        </type>
        <name value="Blacktown Hospital"/>
        <telecom>
          <system value="email"/>
          <value value="enquiries@blacktownhospital.com.au"/>
          <use value="work"/>
        </telecom>
      </Organization>
    </resource>
  </entry>
  <entry>
    <fullUrl value="https://ncdhc.health.gov.au/fhir/v1.0.0/Practitioner/3db74777-fd3d-4d3b-92ec-d405977a11a5"/>
    <resource>
      <Practitioner>
        <id value="3db74777-fd3d-4d3b-92ec-d405977a11a5"/>
        <meta>
          <versionId value="1"/>
          <lastUpdated value="2018-12-27T16:13:03Z"/>
        </meta>
        <text>
          <status value="generated"/><div xmlns="http://www.w3.org/1999/xhtml">
						
<p>Dr Adam Dev</p>
					
</div>
        </text>
        <identifier>
          <type>
            <coding>
              <system value="http://hl7.org/fhir/v2/0203"/>
              <code value="NPI"/>
              <display value="National provider identifier"/>
            </coding>
            <text value="HPI-I"/>
          </type>
          <system value="http://ns.electronichealth.net.au/id/hi/hpii/1.0"/>
          <value value="8003610833334085"/>
        </identifier>
        <active value="true"/>
        <name>
          <family value="Dev"/>
          <given value="Adam"/>
          <prefix value="Dr"/>
        </name>
        <qualification>
          <identifier>
            <type>
              <coding>
                <system value="http://hl7.org.au/fhir/v2/0203"/>
                <code value="AHPRA"/>
                <display value="Australian Health Practitioner Regulation Agency Registration Number"/>
              </coding>
              <text value="AHPRA registration number"/>
            </type>
            <system value="http://hl7.org.au/id/ahpra-registration-number"/>
            <value value="MED0000932850"/>
          </identifier>
          <code>
            <coding>
              <system value="http://www.abs.gov.au/ausstats/abs@.nsf/mf/1220.0"/>
              <code value="254111"/>
              <display value="Midwife"/>
            </coding>
            <text value="AHPRA qualification for Midwife"/>
          </code>
          <issuer>
            <display value="AHPRA"/>
          </issuer>
        </qualification>
      </Practitioner>
    </resource>
  </entry>
  <entry>
    <fullUrl value="https://ncdhc.health.gov.au/fhir/v1.0.0/Practitioner/dd78393f-37ca-4738-81d6-d9595b2e5d0d"/>
    <resource>
      <Practitioner>
        <id value="dd78393f-37ca-4738-81d6-d9595b2e5d0d"/>
        <text>
          <status value="generated"/><div xmlns="http://www.w3.org/1999/xhtml"><p><b>Generated Narrative with Details</b></p><p><b>id</b>: dd78393f-37ca-4738-81d6-d9595b2e5d0d</p><p><b>identifier</b>: HPI-I = 8003611234567893</p><p><b>name</b>: Dr. Carla Smith </p><h3>Qualifications</h3><table class="grid"><tr><td>-</td><td><b>Identifier</b></td><td><b>Code</b></td><td><b>Issuer</b></td></tr><tr><td>*</td><td>AHPRA registration number = MED0000932850</td><td>AHPRA qualification for General Practitioner <span style="background: LightGoldenRodYellow">(Details : {http://www.abs.gov.au/ausstats/abs@.nsf/mf/1220.0 code '253111' = '253111', given as 'General Medical Practitioner'})</span></td><td>AHPRA</td></tr></table></div>
        </text>
        <identifier>
          <type>
            <coding>
              <system value="http://hl7.org/fhir/v2/0203"/>
              <code value="NPI"/>
              <display value="National provider identifier"/>
            </coding>
            <text value="HPI-I"/>
          </type>
          <system value="http://ns.electronichealth.net.au/id/hi/hpii/1.0"/>
          <value value="8003611234567893"/>
        </identifier>
        <name>
          <family value="Carla"/>
          <given value="Smith"/>
          <prefix value="Dr"/>
        </name>
        <qualification>
          <identifier>
            <type>
              <coding>
                <system value="http://hl7.org.au/fhir/v2/0203"/>
                <code value="AHPRA"/>
                <display value="Australian Health Practitioner Regulation Agency Registration Number"/>
              </coding>
              <text value="AHPRA registration number"/>
            </type>
            <system value="http://hl7.org.au/id/ahpra-registration-number"/>
            <value value="MED0000932850"/>
          </identifier>
          <code>
            <coding>
              <system value="http://www.abs.gov.au/ausstats/abs@.nsf/mf/1220.0"/>
              <code value="253111"/>
              <display value="General Medical Practitioner"/>
            </coding>
            <text value="AHPRA qualification for General Practitioner"/>
          </code>
          <issuer>
            <display value="AHPRA"/>
          </issuer>
        </qualification>
      </Practitioner>
    </resource>
  </entry>
  <entry>
    <fullUrl value="https://ncdhc.health.gov.au/fhir/v1.0.0/Observation/741a72a8-df75-4484-ac89-ac4923f03b42"/>
    <resource>
      <Observation>
        <id value="741a72a8-df75-4484-ac89-ac4923f03b42"/>
        <meta>
          <versionId value="1"/>
          <lastUpdated value="2019-10-27T16:13:03Z"/>
          <profile value="http://hl7.org.au/fhir/ch/v1/StructureDefinition/ncdhc-observation-vitalsign-bodyweight"/>
        </meta>
        <text>
          <status value="additional"/><div xmlns="http://www.w3.org/1999/xhtml">Body Weight recorded : 20.09414 kg</div>
        </text>
        <status value="final"/>
        <category>
          <coding>
            <system value="http://terminology.hl7.org/CodeSystem/observation-category"/>
            <code value="vital-signs"/>
            <display value="Vital Signs"/>
          </coding>
          <text value="Vital Signs"/>
        </category>
        <code>
          <coding>
            <system value="http://loinc.org"/>
            <code value="56056-5"/>
          </coding>
          <coding>
            <system value="http://snomed.info/sct"/>
            <code value="27113001"/>
          </coding>
          <text value="Body Weight"/>
        </code>
        <subject>
          <reference value="https://ncdhc.health.gov.au/fhir/v1.0.0/Patient/dd78393f-37ca-4738-81d6-d9595b2e5d0f"/>
          <display value="Baby of Eve Bill"/>
        </subject>
        <effectiveDateTime value="2018-12-27T16:13:03Z"/>
        <performer>
          <reference value="https://ncdhc.health.gov.au/fhir/v1.0.0/Practitioner/dd78393f-37ca-4738-81d6-d9595b2e5d0d"/>
          <display value="Dr. Carla Smith"/>
        </performer>
        <valueQuantity>
          <value value="20.09414"/>
          <unit value="kg"/>
          <system value="http://unitsofmeasure.org"/>
          <code value="kg"/>
        </valueQuantity>
      </Observation>
    </resource>
  </entry>
  <entry>
    <fullUrl value="https://ncdhc.health.gov.au/fhir/v1.0.0/Observation/841a72a8-df75-4484-ac89-ac4923f03b42"/>
    <resource>
      <Observation>
        <id value="841a72a8-df75-4484-ac89-ac4923f03b42"/>
        <meta>
          <profile value="http://hl7.org.au/fhir/ch/v1/StructureDefinition/ncdhc-observation-vitalsign-bmi"/>
        </meta>
        <text>
          <status value="generated"/><div xmlns="http://www.w3.org/1999/xhtml"><p><b>Generated Narrative with Details</b></p><p><b>id</b>: bmi</p><p><b>meta</b>: </p><p><b>status</b>: final</p><p><b>category</b>: Vital Signs <span>(Details : {http://terminology.hl7.org/CodeSystem/observation-category code 'vital-signs' = 'Vital Signs', given as 'Vital Signs'})</span></p><p><b>code</b>: BMI <span>(Details : {LOINC code '39156-5' = 'Body mass index (BMI) [Ratio]', given as 'Body mass index (BMI) [Ratio]'})</span></p><p><b>subject</b>: <a>Patient/dd78393f-37ca-4738-81d6-d9595b2e5d0f</a></p><p><b>effective</b>: 02/07/1999</p><p><b>value</b>: 16.2 kg/m2<span> (Details: UCUM code kg/m2 = 'kg/m2')</span></p></div>
        </text>
        <status value="final"/>
        <category>
          <coding>
            <system value="http://terminology.hl7.org/CodeSystem/observation-category"/>
            <code value="vital-signs"/>
            <display value="Vital Signs"/>
          </coding>
          <text value="Vital Signs"/>
        </category>
        <code>
          <coding>
            <system value="http://loinc.org"/>
            <code value="39156-5"/>
            <display value="Body mass index (BMI) [Ratio]"/>
          </coding>
          <coding>
            <system value="http://snomed.info/sct"/>
            <code value="60621009"/>
          </coding>
          <text value="BMI"/>
        </code>
        <subject>
          <reference value="https://ncdhc.health.gov.au/fhir/v1.0.0/Patient/dd78393f-37ca-4738-81d6-d9595b2e5d0f"/>
        </subject>
        <effectiveDateTime value="2019-01-02"/>
        <performer>
          <reference value="https://ncdhc.health.gov.au/fhir/v1.0.0/Practitioner/dd78393f-37ca-4738-81d6-d9595b2e5d0d"/>
          <display value="Dr. Carla Smith"/>
        </performer>
        <valueQuantity>
          <value value="16.2"/>
          <unit value="kg/m2"/>
          <system value="http://unitsofmeasure.org"/>
          <code value="kg/m2"/>
        </valueQuantity>
      </Observation>
    </resource>
  </entry>
  <entry>
    <fullUrl value="https://ncdhc.health.gov.au/fhir/v1.0.0/Observation/641a72a8-df75-4484-ac89-ac4923f03b81"/>
    <resource>
      <Observation>
        <id value="641a72a8-df75-4484-ac89-ac4923f03b81"/>
        <meta>
          <versionId value="1"/>
          <lastUpdated value="2018-12-27T16:13:03Z"/>
          <profile value="http://hl7.org.au/fhir/ch/v1/StructureDefinition/ncdhc-observation-abdomen"/>
        </meta>
        <text>
          <status value="additional"/><div xmlns="http://www.w3.org/1999/xhtml">Abdomen Test Completed. The result is NORMAL</div>
        </text>
        <status value="final"/>
        <code>
          <coding>
            <system value="http://snomed.info/sct"/>
            <code value="249537008"/>
          </coding>
        </code>
        <subject>
          <reference value="https://ncdhc.health.gov.au/fhir/v1.0.0/Patient/dd78393f-37ca-4738-81d6-d9595b2e5d0f"/>
          <display value="Baby of Eve Bill"/>
        </subject>
        <effectiveDateTime value="2018-12-27T16:13:03Z"/>
        <performer>
          <reference value="https://ncdhc.health.gov.au/fhir/v1.0.0/Practitioner/dd78393f-37ca-4738-81d6-d9595b2e5d0d"/>
          <display value="Dr. Carla Smith"/>
        </performer>
        <dataAbsentReason>
          <coding>
            <system value="http://hl7.org/fhir/data-absent-reason"/>
            <code value="unsupported"/>
          </coding>
        </dataAbsentReason>
        <interpretation>
          <coding>
            <system value="http://hl7.org.au/fhir/ch/v1/CodeSystem/ncdhc-observation-interpretation"/>
            <code value="NRML"/>
          </coding>
        </interpretation>
        <comment value="Completed"/>
      </Observation>
    </resource>
  </entry>
  <entry>
    <fullUrl value="https://ncdhc.health.gov.au/fhir/v1.0.0/Observation/541a72a8-df75-4484-ac89-ac4923f03b81"/>
    <resource>
      <Observation>
        <id value="541a72a8-df75-4484-ac89-ac4923f03b81"/>
        <meta>
          <versionId value="1"/>
          <lastUpdated value="2018-12-27T16:13:03Z"/>
          <profile value="http://hl7.org.au/fhir/ch/v1/StructureDefinition/ncdhc-observation-head-shape"/>
        </meta>
        <text>
          <status value="additional"/><div xmlns="http://www.w3.org/1999/xhtml">Head Shape Completed.</div>
        </text>
        <status value="final"/>
        <code>
          <coding>
            <system value="http://snomed.info/sct"/>
            <code value="301312002"/>
          </coding>
        </code>
        <subject>
          <reference value="https://ncdhc.health.gov.au/fhir/v1.0.0/Patient/dd78393f-37ca-4738-81d6-d9595b2e5d0f"/>
          <display value="Baby of Eve Bill"/>
        </subject>
        <effectiveDateTime value="2018-12-27T16:13:03Z"/>
        <performer>
          <reference value="https://ncdhc.health.gov.au/fhir/v1.0.0/Practitioner/dd78393f-37ca-4738-81d6-d9595b2e5d0d"/>
          <display value="Dr. Carla Smith"/>
        </performer>
        <valueCodeableConcept>
          <coding>
            <system value="http://snomed.info/sct"/>
            <code value="255594003"/>
          </coding>
        </valueCodeableConcept>
        <comment value="Completed"/>
      </Observation>
    </resource>
  </entry>
</Bundle>