<?xml version="1.0" encoding="UTF-8"?>

<CapabilityStatement xmlns="http://hl7.org/fhir">
  <id value="ncdhc-metadata"/>
  <text>
    <status value="generated"/><div xmlns="http://www.w3.org/1999/xhtml">
     
  <p>FHIR Version: 3.0.1<br />Supported formats: json<br />Published:2019-01-04<br />Published by: National Children's Digital Health Collaborative</p>
<p>This profile defines the expected capabilities of NCDHC Data Hub server when conforming to the NCDHC Data Hub IG The capabilitystatement resource includes the complete list of actual profiles, RESTful operations, and search parameters supported the Servers. Servers have the option of choosing from this list to access necessary data based on their local use cases and other contextual requirements.</p>
<h4>RESTful Behavior</h4>
<hr />
<div>
<p><strong>The NCDHC Data Hub Server SHALL:</strong></p>
<ol>
<li>Support the HL7 Australia Patient resource profile.</li>
<li>Support at least one additional resource profile from the list of NCDHC Data Hub Profiles</li>
<li>Implement REST behavior according to the FHIR specification</li>
<li>Support json resource formats for all NCDHC Data Hub interactions.</li>
<li>Identify the NCDHC Data Hub profile(s) supported as part of the <a href="http://build.fhir.org/resource-definitions.html#Meta.profile">FHIR Meta profile attribute</a>for each instance.</li>
<li>Declare a CapabilityStatement identifying the list of profiles, operations, search parameter supported.</li>
</ol>
<p><strong>The NCDHC Data Hub Server SHOULD:</strong></p>
<ol>
<li>Support json resource formats for all NCDHC Data Hub interactions.</li>
</ol>
</div>
<div>Security:
<p><strong>NCDHC Data Hub Servers SHALL</strong></p>
<ol>
<li>implement the&nbsp;<a href="https://oauth.net/2/">OAuth 2.0&nbsp;</a>documented in this guide</li>
<li>A server has ensured that every API request includes a valid Authorization token, supplied via:<code>Authorization: Bearer {server-specific-token-here}</code></li>
<li>A server has rejected any unauthorized requests by returning an<code>HTTP 401</code>Unauthorized response code.</li>
</ol>
<h4>Profile Summary:</h4>
<p>The below sumarrises the profiles supported by the NCDHC Data Hub.</p>
<table style="height: 540px; width: 777px;" width="777" border="1"><caption></caption>
<tbody>
<tr style="height: 18px;">
<td style="width: 177px; height: 18px;"><strong>Profile Name</strong></td>
<td style="width: 160px; height: 18px;"><strong>Purpose</strong></td>
<td style="width: 418px; height: 18px;"><strong>URL</strong></td>
</tr>
<tr style="height: 36px;">
<td style="width: 177px; height: 36px;">Birth Health Interaction Composition Profile</td>
<td style="width: 160px; height: 36px;">-</td>
<td style="width: 418px; height: 36px;"><a href="http://hl7.org.au/fhir/StructureDefinition/v1.0.0/ncdhc-composition-birth">http://hl7.org.au/fhir/StructureDefinition/v1.0.0/ncdhc-composition-birth</a></td>
</tr>
<tr style="height: 18px;">
<td style="width: 177px; height: 18px;">Patient</td>
<td style="width: 160px; height: 18px;">-</td>
<td style="width: 418px; height: 18px;"><a href="http://hl7.org.au/fhir/StructureDefinition/au-patient">http://hl7.org.au/fhir/StructureDefinition/au-patient</a></td>
</tr>
<tr style="height: 18px;">
<td style="width: 177px; height: 18px;">Practitioner</td>
<td style="width: 160px; height: 18px;">-</td>
<td style="width: 418px; height: 18px;"><a href="http://hl7.org.au/fhir/StructureDefinition/au-practitioner">http://hl7.org.au/fhir/StructureDefinition/au-practitioner</a></td>
</tr>
<tr style="height: 18px;">
<td style="width: 177px; height: 18px;">Organization</td>
<td style="width: 160px; height: 18px;">-</td>
<td style="width: 418px; height: 18px;"><a href="http://hl7.org.au/fhir/StructureDefinition/au-organisation">http://hl7.org.au/fhir/StructureDefinition/au-organisation</a></td>
</tr>
<tr style="height: 18px;">
<td style="width: 177px; height: 18px;">RelatedPerson</td>
<td style="width: 160px; height: 18px;">-</td>
<td style="width: 418px; height: 18px;"><a href="http://hl7.org.au/fhir/StructureDefinition/au-relatedperson">http://hl7.org.au/fhir/StructureDefinition/au-relatedperson</a></td>
</tr>
<tr style="height: 36px;">
<td style="width: 177px; height: 36px;">Estimated Gestation Observation Profile</td>
<td style="width: 160px; height: 36px;">-</td>
<td style="width: 418px; height: 36px;"><a href="http://hl7.org.au/fhir/StructureDefinition/v1.0.0/ncdhc-observation-estimated-gestation">http://hl7.org.au/fhir/StructureDefinition/v1.0.0/ncdhc-observation-estimated-gestation</a></td>
</tr>
<tr style="height: 36px;">
<td style="width: 177px; height: 36px;">Abnormalities noted at birth Observation Profile</td>
<td style="width: 160px; height: 36px;">-</td>
<td style="width: 418px; height: 36px;"><a href="http://hl7.org.au/fhir/StructureDefinition/v1.0.0/ncdhc-observation-birth-abnormalities">http://hl7.org.au/fhir/StructureDefinition/v1.0.0/ncdhc-observation-birth-abnormalities</a></td>
</tr>
<tr style="height: 36px;">
<td style="width: 177px; height: 36px;">APGAR Scores Observation Profile</td>
<td style="width: 160px; height: 36px;">-</td>
<td style="width: 418px; height: 36px;"><a href="http://hl7.org.au/fhir/ch/StructureDefinition/v1.0.0/ncdhc-observation-apgar-score">http://hl7.org.au/fhir/ch/StructureDefinition/v1.0.0/ncdhc-observation-apgar-score</a></td>
</tr>
<tr style="height: 36px;">
<td style="width: 177px; height: 36px;">Vital Sign -Birth Weigth Observation Profile</td>
<td style="width: 160px; height: 36px;">-</td>
<td style="width: 418px; height: 36px;"><a href="http://hl7.org.au/fhir/StructureDefinition/v1.0.0/ncdhc-observation-birth-weigth">http://hl7.org.au/fhir/StructureDefinition/v1.0.0/ncdhc-observation-birth-weigth</a></td>
</tr>
<tr style="height: 36px;">
<td style="width: 177px; height: 36px;">Vital Sign -Birth length Observation Profile</td>
<td style="width: 160px; height: 36px;">-</td>
<td style="width: 418px; height: 36px;"><a href="http://hl7.org.au/fhir/StructureDefinition/v1.0.0/ncdhc-observation-birth-length">http://hl7.org.au/fhir/StructureDefinition/v1.0.0/ncdhc-observation-birth-length</a></td>
</tr>
<tr style="height: 54px;">
<td style="width: 177px; height: 54px;">Vital Sign -Birth Head Circumference Observation Profile</td>
<td style="width: 160px; height: 54px;">-</td>
<td style="width: 418px; height: 54px;"><a href="http://hl7.org.au/fhir/StructureDefinition/v1.0.0/ncdhc-observation-birth-head-circumference">http://hl7.org.au/fhir/StructureDefinition/v1.0.0/ncdhc-observation-birth-head-circumference</a></td>
</tr>
<tr style="height: 36px;">
<td style="width: 177px; height: 36px;">Labour Induced Observation Profile</td>
<td style="width: 160px; height: 36px;">-</td>
<td style="width: 418px; height: 36px;"><a href="http://hl7.org.au/fhir/StructureDefinition/v1.0.0/ncdhc-observation-labour-induced">http://hl7.org.au/fhir/StructureDefinition/v1.0.0/ncdhc-observation-labour-induced</a>&nbsp;</td>
</tr>
<tr style="height: 36px;">
<td style="width: 177px; height: 36px;">Method Of Delivery Observation Profile</td>
<td style="width: 160px; height: 36px;">-</td>
<td style="width: 418px; height: 36px;"><a href="http://hl7.org.au/fhir/StructureDefinition/v1.0.0/ncdhc-observation-method-of-delivery">http://hl7.org.au/fhir/StructureDefinition/v1.0.0/ncdhc-observation-method-of-delivery</a>&nbsp;</td>
</tr>
<tr style="height: 18px;">
<td style="width: 177px; height: 18px;">Birth Complication Observation Profile</td>
<td style="width: 160px; height: 18px;">-</td>
<td style="width: 418px; height: 18px;"><a href="http://hl7.org.au/fhir/StructureDefinition/v1.0.0/ncdhc-observation-birth-complication">http://hl7.org.au/fhir/StructureDefinition/v1.0.0/ncdhc-observation-birth-complication</a>&nbsp;</td>
</tr>
<tr style="height: 18px;">
<td style="width: 177px; height: 18px;">Pregnancy Complication Observation Profile</td>
<td style="width: 160px; height: 18px;">-</td>
<td style="width: 418px; height: 18px;"><a href="http://hl7.org.au/fhir/StructureDefinition/ncdhc-medicationstatement-vitamink">http://hl7.org.au/fhir/StructureDefinition/v1.0.0/ncdhc-observation-pregnancy-complication&nbsp;</a></td>
</tr>
<tr style="height: 18px;">
<td style="width: 177px; height: 18px;">Medication Administered Profile</td>
<td style="width: 160px; height: 18px;">-</td>
<td style="width: 418px; height: 18px;"><a href="http://hl7.org.au/fhir/StructureDefinition/ncdhc-medicationstatement-vitamink">http://hl7.org.au/fhir/StructureDefinition/ncdhc-medicationstatement-vitamink</a>&nbsp;</td>
</tr>
<tr style="height: 36px;">
<td style="width: 177px; height: 36px;">Immunization Profile</td>
<td style="width: 160px; height: 36px;">-</td>
<td style="width: 418px; height: 36px;"><a href="http://hl7.org.au/fhir/StructureDefinition/ncdhc-immunization">http://hl7.org.au/fhir/StructureDefinition/ncdhc-immunization</a>&nbsp;</td>
</tr>
<tr style="height: 18px;">
<td style="width: 177px; height: 18px;">Bundle</td>
<td style="width: 160px; height: 18px;">-</td>
<td style="width: 418px; height: 18px;"><a href="https://hl7.org/fhir/2018Jan/bundle">https://hl7.org/fhir/2018Jan/bundle</a>&nbsp;</td>
</tr>
<tr>
<td style="width: 177px;">OperationOutcome</td>
<td style="width: 160px;">-</td>
<td style="width: 418px;"><a href="https://hl7.org/fhir/2018Jan/operationoutcome">https://hl7.org/fhir/2018Jan/operationoutcome</a>&nbsp;</td>
</tr>
</tbody>
</table>
<hr />
<div></div>
</div>    
    
    </div>
  </text>
  <name value="National Children&#39;s Digital Health Collaborative CapabilityStatement"/>
  <title value="National Children&#39;s Digital Health Collaborative CapabilityStatement"/>
  <status value="draft"/>
  <date value="2018-12-18"/>
  <publisher value="National Children&#39;s Digital Health Collaborative"/>
  <contact>
    <telecom>
      <system value="url"/>
      <value value="http://hl7.org/fhir"/>
    </telecom>
  </contact>
  <description value="Capability Statement for National Children&#39;s Digital Health Collaborative"/>
  <kind value="instance"/>
  <software>
    <name value="NCDHC FHIR Server"/>
    <version value="v1.0.0"/>
    <releaseDate value="2019-06-30"/>
  </software>
  <implementation>
    <description value="NCDHC FHIR Server"/>
    <url value="https://ncdhc.gov.au"/>
  </implementation>
  <fhirVersion value="3.0.1"/>
  <acceptUnknown value="no"/>
  <format value="json"/>
  <rest>
    <mode value="server"/>
    <documentation value="Capability Statement for National Children&#39;s Digital Health Collaborative"/>
    <security>
      <cors value="true"/>
      <service>
        <text value="OAuth"/>
      </service>
      <description value="NCDHC FHIR servers use standard OAuth 2.0 for Consumer interactions and JWT based OAuth0 for provider interactions"/>
    </security>
    <resource>
      <type value="Patient"/>
      <profile>
        <reference value="http://hl7.org.au/fhir/StructureDefinition/au-patient"/>
      </profile>
      <documentation value="Provide details on what can be done on the Patient resource"/>
      <interaction>
        <code value="read"/>
        <documentation value="Reads a Patient instance based on the input Patient.id"/>
      </interaction>
      <interaction>
        <code value="history-instance"/>
        <documentation value="Retrieves the history of a particular Patient as per the document id (Patient.id) provided."/>
      </interaction>
      <interaction>
        <code value="search-type"/>
        <documentation value="When a client searches patients with no search criteria, they get a list of all patients they have access too. Servers may elect to offer additional search parameters, but this is not required"/>
      </interaction>
      <interaction>
        <code value="create"/>
        <documentation value="Creates a new Patient in the Child Data Hub. Duplicates are not allowed. The server SHOULD return back the newly created resouce to the client. The server enforces use of &#39;Prefer&#39; tag with value as &#39;representation&#39;. This is only allowed for internal use during registration. This interface SHOULD NOT be exposed EXTERNALLY."/>
      </interaction>
      <interaction>
        <code value="update"/>
        <documentation value="System allows updating a Patient instance. This is only allowed for internal use during update to Patient profile. This interface is not exposed to external"/>
      </interaction>
      <versioning value="versioned"/>
      <conditionalCreate value="true"/>
      <conditionalUpdate value="true"/>
      <searchParam>
        <name value="identifier"/>
        <type value="token"/>
        <documentation value="Search Patient based on the identifier"/>
      </searchParam>
    </resource>
    <resource>
      <type value="Observation"/>
      <profile>
        <reference value="https://hl7.org/fhir/2018Jan/observation"/>
      </profile>
      <documentation value="Provide details on what can be done on the Observation instances"/>
      <interaction>
        <code value="read"/>
        <documentation value="Reads an Observation instance based on the input Observation.id. The returned resource SHALL have an id element with a value that is the [id]"/>
      </interaction>
      <interaction>
        <code value="history-instance"/>
        <documentation value="Retrieves the history of a particular Observation as per the document id (Observation.id) provided."/>
      </interaction>
      <interaction>
        <code value="search-type"/>
        <documentation value="Returns a Bundle of Observation resources for the Patient in context."/>
      </interaction>
      <versioning value="versioned"/>
      <searchParam>
        <name value="patient"/>
        <type value="reference"/>
        <documentation value="The subject that the observation is about (if patient). This is requried if the search is not for the looged in user but for a patient that the logged in user has access to."/>
      </searchParam>
      <searchParam>
        <name value="code"/>
        <type value="token"/>
        <documentation value="The code of the observation type"/>
      </searchParam>
      <searchParam>
        <name value="category"/>
        <type value="token"/>
        <documentation value="The classification of the type of observation"/>
      </searchParam>
    </resource>
    <resource>
      <type value="MedicationStatement"/>
      <profile>
        <reference value="https://hl7.org/fhir/2018Jan/medicationstatement"/>
      </profile>
      <documentation value="Provide details on what can be done on the MedicationStatement instances."/>
      <interaction>
        <code value="read"/>
        <documentation value="Reads an MedicationStatement instance based on the input MedicationStatement.id. The returned resource SHALL have an id element with a value that is the [id]"/>
      </interaction>
      <interaction>
        <code value="history-instance"/>
        <documentation value="Retrieves the history of a particular Observation as per the document id (Observation.id) provided."/>
      </interaction>
      <interaction>
        <code value="search-type"/>
        <documentation value="Returns a Bundle of MedicationStatement resources for the Patient in context."/>
      </interaction>
      <versioning value="versioned"/>
      <searchParam>
        <name value="patient"/>
        <type value="reference"/>
        <documentation value="The subject that the MedicationStatement is about (if patient). This is requried if the search is not for the looged-in user but for a patient that the logged-in user has access to."/>
      </searchParam>
      <searchParam>
        <name value="code"/>
        <type value="token"/>
        <documentation value="Return statements of this medication code"/>
      </searchParam>
      <searchParam>
        <name value="category"/>
        <type value="token"/>
        <documentation value="Returns statements of this category of medicationstatement"/>
      </searchParam>
    </resource>
    <resource>
      <type value="Immunization"/>
      <profile>
        <reference value="https://hl7.org/fhir/2018Jan/immunization"/>
      </profile>
      <documentation value="Provide details on what can be done on the Immunization instances"/>
      <interaction>
        <code value="read"/>
        <documentation value="Reads an Immunization instance based on the input Immunization.id. The returned resource SHALL have an id element with a value that is the [id]"/>
      </interaction>
      <interaction>
        <code value="history-instance"/>
        <documentation value="Retrieves the history of a particular Immunization as per the document id (Immunization.id) provided."/>
      </interaction>
      <interaction>
        <code value="search-type"/>
        <documentation value="Returns a Bundle of Immunization resources for the Patient in context."/>
      </interaction>
      <versioning value="versioned"/>
      <searchParam>
        <name value="patient"/>
        <type value="reference"/>
        <documentation value="The subject that the Immunization is about (if patient). This is requried if the search is not for the looged in user but for a patient that the logged in user has access to."/>
      </searchParam>
      <searchParam>
        <name value="vaccine-code"/>
        <type value="token"/>
        <documentation value="Vaccine Product Administered"/>
      </searchParam>
    </resource>
    <resource>
      <type value="Composition"/>
      <profile>
        <reference value="https://hl7.org/fhir/2018Jan/composition"/>
      </profile>
      <documentation value="Provide details on what can be done on the Composition instances"/>
      <interaction>
        <code value="read"/>
        <documentation value="System allows user to read a particular Composition"/>
      </interaction>
      <interaction>
        <code value="history-instance"/>
        <documentation value="System allows reading history of a Composition instance"/>
      </interaction>
      <interaction>
        <code value="search-type"/>
        <documentation value="Returns a Bundle of Bundle containing the Composition resources for the Patient in context."/>
      </interaction>
      <versioning value="versioned"/>
      <searchParam>
        <name value="subject"/>
        <type value="reference"/>
        <documentation value="Reference to the Patient for whom the Composition should be pulled. If the reference is not provided in the request, system should try to pull the Composition instances associated to the logged in user (Patient associated to the access token)"/>
      </searchParam>
      <searchParam>
        <name value="status"/>
        <type value="token"/>
        <documentation value="Status of the Composition instances to fetch. The allowed values are final | amended"/>
      </searchParam>
      <searchParam>
        <name value="type"/>
        <type value="token"/>
        <documentation value="Type code of the Composition instances to fetch"/>
      </searchParam>
      <searchParam>
        <name value="class"/>
        <type value="token"/>
        <documentation value="Class code of the Composition instances to fetch"/>
      </searchParam>
      <searchParam>
        <name value="date"/>
        <type value="date"/>
        <documentation value="Search by Composition instances editing time. The system should support &#39;ge&#39;,&#39;le&#39;,&#39;eq&#39; searches as defined in FHIR"/>
      </searchParam>
    </resource>
    <resource>
      <type value="Bundle"/>
      <profile>
        <reference value="https://hl7.org/fhir/2018Jan/bundle"/>
      </profile>
      <documentation value="Provide details on what can be done on the Bundle instances"/>
      <interaction>
        <code value="read"/>
        <documentation value="System allows user to read a particular Bundle"/>
      </interaction>
      <interaction>
        <code value="history-instance"/>
        <documentation value="System allows reading history of a Bundle instance"/>
      </interaction>
      <interaction>
        <code value="search-type"/>
        <documentation value="When a client searches Bundle with no search criteria, they get a list of all Bundle instances they have access too. Servers may elect to offer additional search parameters, but this is not required"/>
      </interaction>
      <interaction>
        <code value="create"/>
        <documentation value="System allows creating a Bundle document instance."/>
      </interaction>
      <interaction>
        <code value="update"/>
        <documentation value="System allows updating a Bundle document instance."/>
      </interaction>
      <interaction>
        <code value="delete"/>
        <documentation value="System allows deleting a Bundle document instance."/>
      </interaction>
      <versioning value="versioned"/>
      <conditionalCreate value="true"/>
      <conditionalUpdate value="false"/>
      <conditionalDelete value="single"/>
      <searchParam>
        <name value="composition.subject"/>
        <type value="reference"/>
        <documentation value="Reference to the Patient for whom the Bundle should be pulled. If the reference is not provided in the request, system should try to pull the Bundle instances associated to the logged in user (Patient associated to the access token)"/>
      </searchParam>
      <searchParam>
        <name value="composition.status"/>
        <type value="token"/>
        <documentation value="Status of the Bundle instances to fetch. The allowed values are final | amended"/>
      </searchParam>
      <searchParam>
        <name value="composition.type"/>
        <type value="token"/>
        <documentation value="Type code of the Bundle instances to fetch"/>
      </searchParam>
      <searchParam>
        <name value="composition.class"/>
        <type value="token"/>
        <documentation value="Class code of the Bundle instances to fetch"/>
      </searchParam>
      <searchParam>
        <name value="composition.date"/>
        <type value="date"/>
        <documentation value="Search by Bundle instances editing time. The system should support &#39;ge&#39;,&#39;le&#39;,&#39;eq&#39; searches as defined in FHIR"/>
      </searchParam>
    </resource>
  </rest>
  <document>
    <mode value="consumer"/>
    <documentation value="FHIR Document Support for Newboarn Delivery Health Interaction"/>
    <profile>
      <reference value="http://hl7.org.au/fhir/StructureDefinition/v1.0.0/ncdhc-composition-birth"/>
    </profile>
  </document>
</CapabilityStatement>