{
  "resourceType": "CapabilityStatement",
  "id": "ncdhc-metadata",
  "text": {
    "status": "generated",
    "div": "<div xmlns=\"http://www.w3.org/1999/xhtml\">\n     \n  <p>FHIR Version: 3.0.1<br />Supported formats: json<br />Published:2019-01-04<br />Published by: National Children's Digital Health Collaborative</p>\r\n<p>This profile defines the expected capabilities of NCDHC Data Hub server when conforming to the NCDHC Data Hub IG The capabilitystatement resource includes the complete list of actual profiles, RESTful operations, and search parameters supported the Servers. Servers have the option of choosing from this list to access necessary data based on their local use cases and other contextual requirements.</p>\r\n<h4>RESTful Behavior</h4>\r\n<hr />\r\n<div>\r\n<p><strong>The NCDHC Data Hub Server SHALL:</strong></p>\r\n<ol>\r\n<li>Support the HL7 Australia Patient resource profile.</li>\r\n<li>Support at least one additional resource profile from the list of NCDHC Data Hub Profiles</li>\r\n<li>Implement REST behavior according to the FHIR specification</li>\r\n<li>Support json resource formats for all NCDHC Data Hub interactions.</li>\r\n<li>Identify the NCDHC Data Hub profile(s) supported as part of the <a href=\"http://build.fhir.org/resource-definitions.html#Meta.profile\">FHIR Meta profile attribute</a>for each instance.</li>\r\n<li>Declare a CapabilityStatement identifying the list of profiles, operations, search parameter supported.</li>\r\n</ol>\r\n<p><strong>The NCDHC Data Hub Server SHOULD:</strong></p>\r\n<ol>\r\n<li>Support json resource formats for all NCDHC Data Hub interactions.</li>\r\n</ol>\r\n</div>\r\n<div>Security:\r\n<p><strong>NCDHC Data Hub Servers SHALL</strong></p>\r\n<ol>\r\n<li>implement the&nbsp;<a href=\"https://oauth.net/2/\">OAuth 2.0&nbsp;</a>documented in this guide</li>\r\n<li>A server has ensured that every API request includes a valid Authorization token, supplied via:<code>Authorization: Bearer {server-specific-token-here}</code></li>\r\n<li>A server has rejected any unauthorized requests by returning an<code>HTTP 401</code>Unauthorized response code.</li>\r\n</ol>\r\n<h4>Profile Summary:</h4>\r\n<p>The below sumarrises the profiles supported by the NCDHC Data Hub.</p>\r\n<table style=\"height: 540px; width: 777px;\" width=\"777\" border=\"1\"><caption></caption>\r\n<tbody>\r\n<tr style=\"height: 18px;\">\r\n<td style=\"width: 177px; height: 18px;\"><strong>Profile Name</strong></td>\r\n<td style=\"width: 160px; height: 18px;\"><strong>Purpose</strong></td>\r\n<td style=\"width: 418px; height: 18px;\"><strong>URL</strong></td>\r\n</tr>\r\n<tr style=\"height: 36px;\">\r\n<td style=\"width: 177px; height: 36px;\">Birth Health Interaction Composition Profile</td>\r\n<td style=\"width: 160px; height: 36px;\">-</td>\r\n<td style=\"width: 418px; height: 36px;\"><a href=\"http://hl7.org.au/fhir/StructureDefinition/v1.0.0/ncdhc-composition-birth\">http://hl7.org.au/fhir/StructureDefinition/v1.0.0/ncdhc-composition-birth</a></td>\r\n</tr>\r\n<tr style=\"height: 18px;\">\r\n<td style=\"width: 177px; height: 18px;\">Patient</td>\r\n<td style=\"width: 160px; height: 18px;\">-</td>\r\n<td style=\"width: 418px; height: 18px;\"><a href=\"http://hl7.org.au/fhir/StructureDefinition/au-patient\">http://hl7.org.au/fhir/StructureDefinition/au-patient</a></td>\r\n</tr>\r\n<tr style=\"height: 18px;\">\r\n<td style=\"width: 177px; height: 18px;\">Practitioner</td>\r\n<td style=\"width: 160px; height: 18px;\">-</td>\r\n<td style=\"width: 418px; height: 18px;\"><a href=\"http://hl7.org.au/fhir/StructureDefinition/au-practitioner\">http://hl7.org.au/fhir/StructureDefinition/au-practitioner</a></td>\r\n</tr>\r\n<tr style=\"height: 18px;\">\r\n<td style=\"width: 177px; height: 18px;\">Organization</td>\r\n<td style=\"width: 160px; height: 18px;\">-</td>\r\n<td style=\"width: 418px; height: 18px;\"><a href=\"http://hl7.org.au/fhir/StructureDefinition/au-organisation\">http://hl7.org.au/fhir/StructureDefinition/au-organisation</a></td>\r\n</tr>\r\n<tr style=\"height: 18px;\">\r\n<td style=\"width: 177px; height: 18px;\">RelatedPerson</td>\r\n<td style=\"width: 160px; height: 18px;\">-</td>\r\n<td style=\"width: 418px; height: 18px;\"><a href=\"http://hl7.org.au/fhir/StructureDefinition/au-relatedperson\">http://hl7.org.au/fhir/StructureDefinition/au-relatedperson</a></td>\r\n</tr>\r\n<tr style=\"height: 36px;\">\r\n<td style=\"width: 177px; height: 36px;\">Estimated Gestation Observation Profile</td>\r\n<td style=\"width: 160px; height: 36px;\">-</td>\r\n<td style=\"width: 418px; height: 36px;\"><a href=\"http://hl7.org.au/fhir/StructureDefinition/v1.0.0/ncdhc-observation-estimated-gestation\">http://hl7.org.au/fhir/StructureDefinition/v1.0.0/ncdhc-observation-estimated-gestation</a></td>\r\n</tr>\r\n<tr style=\"height: 36px;\">\r\n<td style=\"width: 177px; height: 36px;\">Abnormalities noted at birth Observation Profile</td>\r\n<td style=\"width: 160px; height: 36px;\">-</td>\r\n<td style=\"width: 418px; height: 36px;\"><a href=\"http://hl7.org.au/fhir/StructureDefinition/v1.0.0/ncdhc-observation-birth-abnormalities\">http://hl7.org.au/fhir/StructureDefinition/v1.0.0/ncdhc-observation-birth-abnormalities</a></td>\r\n</tr>\r\n<tr style=\"height: 36px;\">\r\n<td style=\"width: 177px; height: 36px;\">APGAR Scores Observation Profile</td>\r\n<td style=\"width: 160px; height: 36px;\">-</td>\r\n<td style=\"width: 418px; height: 36px;\"><a href=\"http://hl7.org.au/fhir/ch/StructureDefinition/v1.0.0/ncdhc-observation-apgar-score\">http://hl7.org.au/fhir/ch/StructureDefinition/v1.0.0/ncdhc-observation-apgar-score</a></td>\r\n</tr>\r\n<tr style=\"height: 36px;\">\r\n<td style=\"width: 177px; height: 36px;\">Vital Sign -Birth Weigth Observation Profile</td>\r\n<td style=\"width: 160px; height: 36px;\">-</td>\r\n<td style=\"width: 418px; height: 36px;\"><a href=\"http://hl7.org.au/fhir/StructureDefinition/v1.0.0/ncdhc-observation-birth-weigth\">http://hl7.org.au/fhir/StructureDefinition/v1.0.0/ncdhc-observation-birth-weigth</a></td>\r\n</tr>\r\n<tr style=\"height: 36px;\">\r\n<td style=\"width: 177px; height: 36px;\">Vital Sign -Birth length Observation Profile</td>\r\n<td style=\"width: 160px; height: 36px;\">-</td>\r\n<td style=\"width: 418px; height: 36px;\"><a href=\"http://hl7.org.au/fhir/StructureDefinition/v1.0.0/ncdhc-observation-birth-length\">http://hl7.org.au/fhir/StructureDefinition/v1.0.0/ncdhc-observation-birth-length</a></td>\r\n</tr>\r\n<tr style=\"height: 54px;\">\r\n<td style=\"width: 177px; height: 54px;\">Vital Sign -Birth Head Circumference Observation Profile</td>\r\n<td style=\"width: 160px; height: 54px;\">-</td>\r\n<td style=\"width: 418px; height: 54px;\"><a href=\"http://hl7.org.au/fhir/StructureDefinition/v1.0.0/ncdhc-observation-birth-head-circumference\">http://hl7.org.au/fhir/StructureDefinition/v1.0.0/ncdhc-observation-birth-head-circumference</a></td>\r\n</tr>\r\n<tr style=\"height: 36px;\">\r\n<td style=\"width: 177px; height: 36px;\">Labour Induced Observation Profile</td>\r\n<td style=\"width: 160px; height: 36px;\">-</td>\r\n<td style=\"width: 418px; height: 36px;\"><a href=\"http://hl7.org.au/fhir/StructureDefinition/v1.0.0/ncdhc-observation-labour-induced\">http://hl7.org.au/fhir/StructureDefinition/v1.0.0/ncdhc-observation-labour-induced</a>&nbsp;</td>\r\n</tr>\r\n<tr style=\"height: 36px;\">\r\n<td style=\"width: 177px; height: 36px;\">Method Of Delivery Observation Profile</td>\r\n<td style=\"width: 160px; height: 36px;\">-</td>\r\n<td style=\"width: 418px; height: 36px;\"><a href=\"http://hl7.org.au/fhir/StructureDefinition/v1.0.0/ncdhc-observation-method-of-delivery\">http://hl7.org.au/fhir/StructureDefinition/v1.0.0/ncdhc-observation-method-of-delivery</a>&nbsp;</td>\r\n</tr>\r\n<tr style=\"height: 18px;\">\r\n<td style=\"width: 177px; height: 18px;\">Birth Complication Observation Profile</td>\r\n<td style=\"width: 160px; height: 18px;\">-</td>\r\n<td style=\"width: 418px; height: 18px;\"><a href=\"http://hl7.org.au/fhir/StructureDefinition/v1.0.0/ncdhc-observation-birth-complication\">http://hl7.org.au/fhir/StructureDefinition/v1.0.0/ncdhc-observation-birth-complication</a>&nbsp;</td>\r\n</tr>\r\n<tr style=\"height: 18px;\">\r\n<td style=\"width: 177px; height: 18px;\">Pregnancy Complication Observation Profile</td>\r\n<td style=\"width: 160px; height: 18px;\">-</td>\r\n<td style=\"width: 418px; height: 18px;\"><a href=\"http://hl7.org.au/fhir/StructureDefinition/ncdhc-medicationstatement-vitamink\">http://hl7.org.au/fhir/StructureDefinition/v1.0.0/ncdhc-observation-pregnancy-complication&nbsp;</a></td>\r\n</tr>\r\n<tr style=\"height: 18px;\">\r\n<td style=\"width: 177px; height: 18px;\">Medication Administered Profile</td>\r\n<td style=\"width: 160px; height: 18px;\">-</td>\r\n<td style=\"width: 418px; height: 18px;\"><a href=\"http://hl7.org.au/fhir/StructureDefinition/ncdhc-medicationstatement-vitamink\">http://hl7.org.au/fhir/StructureDefinition/ncdhc-medicationstatement-vitamink</a>&nbsp;</td>\r\n</tr>\r\n<tr style=\"height: 36px;\">\r\n<td style=\"width: 177px; height: 36px;\">Immunization Profile</td>\r\n<td style=\"width: 160px; height: 36px;\">-</td>\r\n<td style=\"width: 418px; height: 36px;\"><a href=\"http://hl7.org.au/fhir/StructureDefinition/ncdhc-immunization\">http://hl7.org.au/fhir/StructureDefinition/ncdhc-immunization</a>&nbsp;</td>\r\n</tr>\r\n<tr style=\"height: 18px;\">\r\n<td style=\"width: 177px; height: 18px;\">Bundle</td>\r\n<td style=\"width: 160px; height: 18px;\">-</td>\r\n<td style=\"width: 418px; height: 18px;\"><a href=\"https://hl7.org/fhir/2018Jan/bundle\">https://hl7.org/fhir/2018Jan/bundle</a>&nbsp;</td>\r\n</tr>\r\n<tr>\r\n<td style=\"width: 177px;\">OperationOutcome</td>\r\n<td style=\"width: 160px;\">-</td>\r\n<td style=\"width: 418px;\"><a href=\"https://hl7.org/fhir/2018Jan/operationoutcome\">https://hl7.org/fhir/2018Jan/operationoutcome</a>&nbsp;</td>\r\n</tr>\r\n</tbody>\r\n</table>\r\n<hr />\r\n<div></div>\r\n</div>    \n    \n    </div>"
  },
  "name": "National Children's Digital Health Collaborative CapabilityStatement",
  "title": "National Children's Digital Health Collaborative CapabilityStatement",
  "status": "draft",
  "date": "2018-12-18",
  "publisher": "National Children's Digital Health Collaborative",
  "contact": [
    {
      "telecom": [
        {
          "system": "url",
          "value": "http://hl7.org/fhir"
        }
      ]
    }
  ],
  "description": "Capability Statement for National Children's Digital Health Collaborative",
  "kind": "instance",
  "software": {
    "name": "NCDHC FHIR Server",
    "version": "v1.0.0",
    "releaseDate": "2019-06-30"
  },
  "implementation": {
    "description": "NCDHC FHIR Server",
    "url": "https://ncdhc.gov.au"
  },
  "fhirVersion": "3.0.1",
  "acceptUnknown": "no",
  "format": [
    "json"
  ],
  "rest": [
    {
      "mode": "server",
      "documentation": "Capability Statement for National Children's Digital Health Collaborative",
      "security": {
        "cors": true,
        "service": [
          {
            "text": "OAuth"
          }
        ],
        "description": "NCDHC FHIR servers use standard OAuth 2.0 for Consumer interactions and JWT based OAuth0 for provider interactions"
      },
      "resource": [
        {
          "type": "Patient",
          "profile": {
            "reference": "http://hl7.org.au/fhir/StructureDefinition/au-patient"
          },
          "documentation": "Provide details on what can be done on the Patient resource",
          "interaction": [
            {
              "code": "read",
              "documentation": "Reads a Patient instance based on the input Patient.id"
            },
            {
              "code": "history-instance",
              "documentation": "Retrieves the history of a particular Patient as per the document id (Patient.id) provided."
            },
            {
              "code": "search-type",
              "documentation": "When a client searches patients with no search criteria, they get a list of all patients they have access too. Servers may elect to offer additional search parameters, but this is not required"
            },
            {
              "code": "create",
              "documentation": "Creates a new Patient in the Child Data Hub. Duplicates are not allowed. The server SHOULD return back the newly created resouce to the client. The server enforces use of 'Prefer' tag with value as 'representation'. This is only allowed for internal use during registration. This interface SHOULD NOT be exposed EXTERNALLY."
            },
            {
              "code": "update",
              "documentation": "System allows updating a Patient instance. This is only allowed for internal use during update to Patient profile. This interface is not exposed to external"
            }
          ],
          "versioning": "versioned",
          "conditionalCreate": true,
          "conditionalUpdate": true,
          "searchParam": [
            {
              "name": "identifier",
              "type": "token",
              "documentation": "Search Patient based on the identifier"
            }
          ]
        },
        {
          "type": "Observation",
          "profile": {
            "reference": "https://hl7.org/fhir/2018Jan/observation"
          },
          "documentation": "Provide details on what can be done on the Observation instances",
          "interaction": [
            {
              "code": "read",
              "documentation": "Reads an Observation instance based on the input Observation.id. The returned resource SHALL have an id element with a value that is the [id]"
            },
            {
              "code": "history-instance",
              "documentation": "Retrieves the history of a particular Observation as per the document id (Observation.id) provided."
            },
            {
              "code": "search-type",
              "documentation": "Returns a Bundle of Observation resources for the Patient in context."
            }
          ],
          "versioning": "versioned",
          "searchParam": [
            {
              "name": "patient",
              "type": "reference",
              "documentation": "The subject that the observation is about (if patient). This is requried if the search is not for the looged in user but for a patient that the logged in user has access to."
            },
            {
              "name": "code",
              "type": "token",
              "documentation": "The code of the observation type"
            },
            {
              "name": "category",
              "type": "token",
              "documentation": "The classification of the type of observation"
            }
          ]
        },
        {
          "type": "MedicationStatement",
          "profile": {
            "reference": "https://hl7.org/fhir/2018Jan/medicationstatement"
          },
          "documentation": "Provide details on what can be done on the MedicationStatement instances.",
          "interaction": [
            {
              "code": "read",
              "documentation": "Reads an MedicationStatement instance based on the input MedicationStatement.id. The returned resource SHALL have an id element with a value that is the [id]"
            },
            {
              "code": "history-instance",
              "documentation": "Retrieves the history of a particular Observation as per the document id (Observation.id) provided."
            },
            {
              "code": "search-type",
              "documentation": "Returns a Bundle of MedicationStatement resources for the Patient in context."
            }
          ],
          "versioning": "versioned",
          "searchParam": [
            {
              "name": "patient",
              "type": "reference",
              "documentation": "The subject that the MedicationStatement is about (if patient). This is requried if the search is not for the looged-in user but for a patient that the logged-in user has access to."
            },
            {
              "name": "code",
              "type": "token",
              "documentation": "Return statements of this medication code"
            },
            {
              "name": "category",
              "type": "token",
              "documentation": "Returns statements of this category of medicationstatement"
            }
          ]
        },
        {
          "type": "Immunization",
          "profile": {
            "reference": "https://hl7.org/fhir/2018Jan/immunization"
          },
          "documentation": "Provide details on what can be done on the Immunization instances",
          "interaction": [
            {
              "code": "read",
              "documentation": "Reads an Immunization instance based on the input Immunization.id. The returned resource SHALL have an id element with a value that is the [id]"
            },
            {
              "code": "history-instance",
              "documentation": "Retrieves the history of a particular Immunization as per the document id (Immunization.id) provided."
            },
            {
              "code": "search-type",
              "documentation": "Returns a Bundle of Immunization resources for the Patient in context."
            }
          ],
          "versioning": "versioned",
          "searchParam": [
            {
              "name": "patient",
              "type": "reference",
              "documentation": "The subject that the Immunization is about (if patient). This is requried if the search is not for the looged in user but for a patient that the logged in user has access to."
            },
            {
              "name": "vaccine-code",
              "type": "token",
              "documentation": "Vaccine Product Administered"
            }
          ]
        },
        {
          "type": "Composition",
          "profile": {
            "reference": "https://hl7.org/fhir/2018Jan/composition"
          },
          "documentation": "Provide details on what can be done on the Composition instances",
          "interaction": [
            {
              "code": "read",
              "documentation": "System allows user to read a particular Composition"
            },
            {
              "code": "history-instance",
              "documentation": "System allows reading history of a Composition instance"
            },
            {
              "code": "search-type",
              "documentation": "Returns a Bundle of Bundle containing the Composition resources for the Patient in context."
            }
          ],
          "versioning": "versioned",
          "searchParam": [
            {
              "name": "subject",
              "type": "reference",
              "documentation": "Reference to the Patient for whom the Composition should be pulled. If the reference is not provided in the request, system should try to pull the Composition instances associated to the logged in user (Patient associated to the access token)"
            },
            {
              "name": "status",
              "type": "token",
              "documentation": "Status of the Composition instances to fetch. The allowed values are final | amended"
            },
            {
              "name": "type",
              "type": "token",
              "documentation": "Type code of the Composition instances to fetch"
            },
            {
              "name": "class",
              "type": "token",
              "documentation": "Class code of the Composition instances to fetch"
            },
            {
              "name": "date",
              "type": "date",
              "documentation": "Search by Composition instances editing time. The system should support 'ge','le','eq' searches as defined in FHIR"
            }
          ]
        },
        {
          "type": "Bundle",
          "profile": {
            "reference": "https://hl7.org/fhir/2018Jan/bundle"
          },
          "documentation": "Provide details on what can be done on the Bundle instances",
          "interaction": [
            {
              "code": "read",
              "documentation": "System allows user to read a particular Bundle"
            },
            {
              "code": "history-instance",
              "documentation": "System allows reading history of a Bundle instance"
            },
            {
              "code": "search-type",
              "documentation": "When a client searches Bundle with no search criteria, they get a list of all Bundle instances they have access too. Servers may elect to offer additional search parameters, but this is not required"
            },
            {
              "code": "create",
              "documentation": "System allows creating a Bundle document instance."
            },
            {
              "code": "update",
              "documentation": "System allows updating a Bundle document instance."
            },
            {
              "code": "delete",
              "documentation": "System allows deleting a Bundle document instance."
            }
          ],
          "versioning": "versioned",
          "conditionalCreate": true,
          "conditionalUpdate": false,
          "conditionalDelete": "single",
          "searchParam": [
            {
              "name": "composition.subject",
              "type": "reference",
              "documentation": "Reference to the Patient for whom the Bundle should be pulled. If the reference is not provided in the request, system should try to pull the Bundle instances associated to the logged in user (Patient associated to the access token)"
            },
            {
              "name": "composition.status",
              "type": "token",
              "documentation": "Status of the Bundle instances to fetch. The allowed values are final | amended"
            },
            {
              "name": "composition.type",
              "type": "token",
              "documentation": "Type code of the Bundle instances to fetch"
            },
            {
              "name": "composition.class",
              "type": "token",
              "documentation": "Class code of the Bundle instances to fetch"
            },
            {
              "name": "composition.date",
              "type": "date",
              "documentation": "Search by Bundle instances editing time. The system should support 'ge','le','eq' searches as defined in FHIR"
            }
          ]
        }
      ]
    }
  ],
  "document": [
    {
      "mode": "consumer",
      "documentation": "FHIR Document Support for Newboarn Delivery Health Interaction",
      "profile": {
        "reference": "http://hl7.org.au/fhir/StructureDefinition/v1.0.0/ncdhc-composition-birth"
      }
    }
  ]
}