<?xml version="1.0" encoding="UTF-8"?>

<CodeSystem xmlns="http://hl7.org/fhir">
  <id value="ncdhc-observation-interpretation"/>
  <text>
    <status value="generated"/><div xmlns="http://www.w3.org/1999/xhtml"><h2>Observation Interpretation Type</h2><div><p>Observation Interpretation types  that may be represent the outcome of an observation.</p>
</div>
  </text>
  <url value="http://hl7.org.au/fhir/ch/v1/CodeSystem/ncdhc-observation-interpretation"/>
  <version value="1.0.0"/>
  <name value="Observation Interpretation Type"/>
  <title value="Observation Interpretation Type"/>
  <status value="draft"/>
  <date value="2019-02-24T00:00:00+10:00"/>
  <publisher value="National Children&#39;s Digital Health Collaborative (NCDHC))"/>
  <contact>
    <name value="hl7.org.au"/>
  </contact>
  <description value="Observation Interpretation Type"/>
  <caseSensitive value="true"/>
  <valueSet value="http://hl7.org.au/fhir/ch/v1/ValueSet/ncdhc-observation-interpretation"/>
  <compositional value="false"/>
  <versionNeeded value="true"/>
  <content value="complete"/>
  <concept>
    <code value="NRML"/>
    <display value="Normal"/>
    <definition value="The outcome of the observation was normal"/>
  </concept>
  <concept>
    <code value="RVIW"/>
    <display value="Review"/>
    <definition value="The outcome of the observation was review"/>
  </concept>
  <concept>
    <code value="RFFR"/>
    <display value="Refer"/>
    <definition value="The outcome of the observation was refer"/>
  </concept>
</CodeSystem>