{
  "resourceType": "CodeSystem",
  "id": "ncdhc-document-type",
  "text": {
    "status": "generated",
    "div": "<div xmlns=\"http://www.w3.org/1999/xhtml\"><h2>NCDHC Document Type</h2><div><p>NCDHC Document types  that are applicable to all documents interactions with Data Hub.</p>\r\n</div>"
  },
  "url": "http://hl7.org.au/fhir/ch/v1/CodeSystem/ncdhc-document-type",
  "version": "1.0.0",
  "name": "NCDHC Document Type",
  "title": "NCDHC Document Type",
  "status": "draft",
  "date": "2019-02-24T00:00:00+10:00",
  "publisher": "National Children's Digital Health Collaborative (NCDHC))",
  "contact": [
    {
      "name": "hl7.org.au"
    }
  ],
  "description": "Observation Interpretation Type",
  "caseSensitive": true,
  "valueSet": "http://hl7.org.au/fhir/ch/v1/ValueSet/ncdhc-document-type",
  "compositional": false,
  "versionNeeded": true,
  "content": "complete",
  "concept": [
    {
      "code": "NBDEL",
      "display": "Newborn Delivery",
      "definition": "Newborn Delivery Health Interaction"
    },
    {
      "code": "NBDSCHR",
      "display": "Newborn Discharge note",
      "definition": "Newborn discharge Health Interaction"
    },
    {
      "code": "HLASS",
      "display": "Health Assessment",
      "definition": "Health Assessment details"
    }
  ]
}