<?xml version="1.0" encoding="UTF-8"?>

<CodeSystem xmlns="http://hl7.org/fhir">
  <id value="ncdhc-document-type"/>
  <text>
    <status value="generated"/><div xmlns="http://www.w3.org/1999/xhtml"><h2>NCDHC Document Type</h2><div><p>NCDHC Document types  that are applicable to all documents interactions with Data Hub.</p>
</div>
  </text>
  <url value="http://hl7.org.au/fhir/ch/v1/CodeSystem/ncdhc-document-type"/>
  <version value="1.0.0"/>
  <name value="NCDHC Document Type"/>
  <title value="NCDHC Document Type"/>
  <status value="draft"/>
  <date value="2019-02-24T00:00:00+10:00"/>
  <publisher value="National Children&#39;s Digital Health Collaborative (NCDHC))"/>
  <contact>
    <name value="hl7.org.au"/>
  </contact>
  <description value="Observation Interpretation Type"/>
  <caseSensitive value="true"/>
  <valueSet value="http://hl7.org.au/fhir/ch/v1/ValueSet/ncdhc-document-type"/>
  <compositional value="false"/>
  <versionNeeded value="true"/>
  <content value="complete"/>
  <concept>
    <code value="NBDEL"/>
    <display value="Newborn Delivery"/>
    <definition value="Newborn Delivery Health Interaction"/>
  </concept>
  <concept>
    <code value="NBDSCHR"/>
    <display value="Newborn Discharge note"/>
    <definition value="Newborn discharge Health Interaction"/>
  </concept>
  <concept>
    <code value="HLASS"/>
    <display value="Health Assessment"/>
    <definition value="Health Assessment details"/>
  </concept>
</CodeSystem>