<?xml version="1.0" encoding="UTF-8"?>

<CodeSystem xmlns="http://hl7.org/fhir">
  <id value="ncdhc-consent-category"/>
  <text>
    <status value="generated"/><div xmlns="http://www.w3.org/1999/xhtml"><h2>Observation Screen Status Type</h2><div><p>Observation Screen Status types  that may be represent the status of an observation.</p>
</div>
  </text>
  <url value="http://hl7.org.au/fhir/ch/v1/CodeSystem/ncdhc-consent-category"/>
  <version value="1.0.0"/>
  <name value="NCDHC Consent Category Codes"/>
  <title value="NCDHC Consent Category Codes"/>
  <status value="draft"/>
  <date value="2019-02-24T00:00:00+10:00"/>
  <publisher value="National Children&#39;s Digital Health Collaborative (NCDHC))"/>
  <contact>
    <name value="hl7.org.au"/>
  </contact>
  <description value="NCDHC Consent Category Codes"/>
  <caseSensitive value="true"/>
  <valueSet value="http://hl7.org.au/fhir/ch/v1/ValueSet/ncdhc-consent-category"/>
  <compositional value="false"/>
  <versionNeeded value="true"/>
  <content value="complete"/>
  <concept>
    <code value="NBCR"/>
    <display value="Newborn Record Create Consent"/>
    <definition value="Consent for the creation of a Child Health record on the birth of a child. This will be held against the person having the parental responsibility of the child at birth, typically the mother"/>
  </concept>
  <concept>
    <code value="CROPT"/>
    <display value="Child Digital Health Record Operation Consent"/>
    <definition value="Consent for a child to have a operative child digital health record"/>
  </concept>
</CodeSystem>