{
  "resourceType" : "Bundle",
  "id" : "dd44f375-4b17-46dc-ba22-a4e042aeb3d5",
  "meta" : {
    "lastUpdated" : "2019-03-01T14:41:34.162+11:00"
  },
  "type" : "collection",
  "entry" : [{
    "fullUrl" : "http://hl7.org.au/fhir/ch/v1/ValueSet/apgar-score-type",
    "resource" : {
      "resourceType" : "ValueSet",
      "id" : "apgar-score-type",
      "meta" : {
        "versionId" : "1",
        "lastUpdated" : "2018-09-18T09:41:00.000+10:00",
        "profile" : ["http://hl7.org/fhir/StructureDefinition/shareablevalueset"]
      },
      "text" : {
        "status" : "generated",
        "div" : "<div xmlns=\"http://www.w3.org/1999/xhtml\"><p>This value set contains 3 concepts</p><p>All codes from system <code>http://loinc.org</code></p><table class=\"codes\"><tr><td style=\"white-space:nowrap\"><b>Code</b></td><td><b>Display</b></td></tr><tr><td style=\"white-space:nowrap\"><a name=\"http---loinc.org-9272-6\"> </a><a href=\"http://details.loinc.org/LOINC/9272-6.html\">9272-6</a></td><td>1 minute Apgar Score</td></tr><tr><td style=\"white-space:nowrap\"><a name=\"http---loinc.org-9273-4\"> </a><a href=\"http://details.loinc.org/LOINC/9273-4.html\">9273-4</a></td><td>2 minute Apgar Score</td></tr><tr><td style=\"white-space:nowrap\"><a name=\"http---loinc.org-9271-8\"> </a><a href=\"http://details.loinc.org/LOINC/9271-8.html\">9271-8</a></td><td>10 minute Apgar Score</td></tr></table></div>"
      },
      "extension" : [{
        "url" : "http://hl7.org/fhir/StructureDefinition/structuredefinition-ballot-status",
        "valueString" : "Informative"
      },
      {
        "url" : "http://hl7.org/fhir/StructureDefinition/structuredefinition-fmm",
        "valueInteger" : 0
      }],
      "url" : "http://hl7.org.au/fhir/ch/v1/ValueSet/apgar-score-type",
      "version" : "3.0.1",
      "name" : "APGARScoreObservationTypes",
      "title" : "APGAR Score Observation Types",
      "status" : "draft",
      "experimental" : true,
      "date" : "2018-09-18T00:00:00+10:00",
      "publisher" : "HL7 Australia (Child Health WG)",
      "contact" : [{
        "telecom" : [{
          "system" : "url",
          "value" : "http://hl7.org.au"
        }]
      }],
      "description" : "APGAR score observation types 1, 5, 10 minutes",
      "expansion" : {
        "identifier" : "urn:uuid:ee9a9812-110d-4f84-8497-bbb782244655",
        "timestamp" : "2019-03-01T14:42:20+11:00",
        "total" : 3,
        "parameter" : [{
          "name" : "excludeNested",
          "valueBoolean" : false
        },
        {
          "name" : "limitedExpansion",
          "valueString" : "-1"
        },
        {
          "name" : "version",
          "valueString" : "http://loinc.org?version=2.64"
        }],
        "contains" : [{
          "system" : "http://loinc.org",
          "code" : "9272-6",
          "display" : "1 minute Apgar Score"
        },
        {
          "system" : "http://loinc.org",
          "code" : "9273-4",
          "display" : "2 minute Apgar Score"
        },
        {
          "system" : "http://loinc.org",
          "code" : "9271-8",
          "display" : "10 minute Apgar Score"
        }]
      }
    }
  },
  {
    "fullUrl" : "http://hl7.org.au/fhir/ch/v1/ValueSet/apgar-score-type-snomedct",
    "resource" : {
      "resourceType" : "ValueSet",
      "id" : "apgar-score-type-snomedct",
      "meta" : {
        "versionId" : "1",
        "lastUpdated" : "2018-09-18T09:41:00.000+10:00",
        "profile" : ["http://hl7.org/fhir/StructureDefinition/shareablevalueset"]
      },
      "text" : {
        "status" : "generated",
        "div" : "<div xmlns=\"http://www.w3.org/1999/xhtml\"><p>This value set contains 3 concepts</p><p>All codes from system <a href=\"http://hl7.org/fhir/STU3/codesystem-snomedct.html\"><code>http://snomed.info/sct</code></a></p><table class=\"codes\"><tr><td style=\"white-space:nowrap\"><b>Code</b></td><td><b>Display</b></td><td><b>Definition</b></td></tr><tr><td style=\"white-space:nowrap\"><a name=\"http---snomed.info-sct-169895004\"> </a><a href=\"http://browser.ihtsdotools.org/?perspective=full&amp;conceptId1=169895004\">169895004</a></td><td>Apgar at 1 minute</td><td/></tr><tr><td style=\"white-space:nowrap\"><a name=\"http---snomed.info-sct-169909004\"> </a><a href=\"http://browser.ihtsdotools.org/?perspective=full&amp;conceptId1=169909004\">169909004</a></td><td>Apgar at 5 minutes</td><td/></tr><tr><td style=\"white-space:nowrap\"><a name=\"http---snomed.info-sct-169922007\"> </a><a href=\"http://browser.ihtsdotools.org/?perspective=full&amp;conceptId1=169922007\">169922007</a></td><td>Apgar at 10 minutes</td><td/></tr></table></div>"
      },
      "extension" : [{
        "url" : "http://hl7.org/fhir/StructureDefinition/structuredefinition-ballot-status",
        "valueString" : "Informative"
      },
      {
        "url" : "http://hl7.org/fhir/StructureDefinition/structuredefinition-fmm",
        "valueInteger" : 0
      }],
      "url" : "http://hl7.org.au/fhir/ch/v1/ValueSet/apgar-score-type-snomedct",
      "version" : "3.0.1",
      "name" : "APGARScoreObservationTypesSNOMEDCT",
      "title" : "APGAR Score Observation Types (SNOMED CT)",
      "status" : "draft",
      "experimental" : true,
      "date" : "2018-09-18T00:00:00+10:00",
      "publisher" : "HL7 Australia (Child Health WG)",
      "contact" : [{
        "telecom" : [{
          "system" : "url",
          "value" : "http://hl7.org.au"
        }]
      }],
      "description" : "APGAR score observation types 1, 5, 10 minutes, SNOMED CT binding",
      "expansion" : {
        "identifier" : "urn:uuid:928307da-6e18-44d9-a038-4ab227e35dcb",
        "timestamp" : "2019-03-01T14:42:20+11:00",
        "total" : 3,
        "parameter" : [{
          "name" : "excludeNested",
          "valueBoolean" : false
        },
        {
          "name" : "limitedExpansion",
          "valueString" : "-1"
        },
        {
          "name" : "version",
          "valueString" : "http://snomed.info/sct?version=http://snomed.info/sct/20611000087101/version/20161031"
        }],
        "contains" : [{
          "system" : "http://snomed.info/sct",
          "code" : "169895004",
          "display" : "Apgar at 1 minute"
        },
        {
          "system" : "http://snomed.info/sct",
          "code" : "169909004",
          "display" : "Apgar at 5 minutes"
        },
        {
          "system" : "http://snomed.info/sct",
          "code" : "169922007",
          "display" : "Apgar at 10 minutes"
        }]
      }
    }
  },
  {
    "fullUrl" : "http://hl7.org.au/fhir/ch/v1/ValueSet/apgar-reflex-irritability",
    "resource" : {
      "resourceType" : "ValueSet",
      "id" : "apgar-reflex-irritability",
      "meta" : {
        "versionId" : "1",
        "lastUpdated" : "2018-09-18T09:41:00.000+10:00",
        "profile" : ["http://hl7.org/fhir/StructureDefinition/shareablevalueset"]
      },
      "text" : {
        "status" : "generated",
        "div" : "<div xmlns=\"http://www.w3.org/1999/xhtml\"><p>This value set contains 3 concepts</p><p>All codes from system <code>http://loinc.org</code></p><table class=\"codes\"><tr><td style=\"white-space:nowrap\"><b>Code</b></td><td><b>Display</b></td></tr><tr><td style=\"white-space:nowrap\"><a name=\"http---loinc.org-32409-5\"> </a><a href=\"http://details.loinc.org/LOINC/32409-5.html\">32409-5</a></td><td>1 minute Apgar Reflex irritability</td></tr><tr><td style=\"white-space:nowrap\"><a name=\"http---loinc.org-32414-5\"> </a><a href=\"http://details.loinc.org/LOINC/32414-5.html\">32414-5</a></td><td>5 minute Apgar Reflex irritability</td></tr><tr><td style=\"white-space:nowrap\"><a name=\"http---loinc.org-32404-6\"> </a><a href=\"http://details.loinc.org/LOINC/32404-6.html\">32404-6</a></td><td>10 minute Apgar Reflex irritability</td></tr></table></div>"
      },
      "extension" : [{
        "url" : "http://hl7.org/fhir/StructureDefinition/structuredefinition-ballot-status",
        "valueString" : "Informative"
      },
      {
        "url" : "http://hl7.org/fhir/StructureDefinition/structuredefinition-fmm",
        "valueInteger" : 0
      }],
      "url" : "http://hl7.org.au/fhir/ch/v1/ValueSet/apgar-reflex-irritability",
      "version" : "3.0.1",
      "name" : "APGARReflexIrritabilityObservationTypes",
      "title" : "APGAR Reflex Irritability Observation Types",
      "status" : "draft",
      "experimental" : true,
      "date" : "2018-09-18T00:00:00+10:00",
      "publisher" : "HL7 Australia (Child Health WG)",
      "contact" : [{
        "telecom" : [{
          "system" : "url",
          "value" : "http://hl7.org.au"
        }]
      }],
      "description" : "APGAR reflex irritability observation types 1, 5, 10 minutes",
      "expansion" : {
        "identifier" : "urn:uuid:27f594f0-6946-4a07-8898-a37823a496cf",
        "timestamp" : "2019-03-01T14:42:20+11:00",
        "total" : 3,
        "parameter" : [{
          "name" : "excludeNested",
          "valueBoolean" : false
        },
        {
          "name" : "limitedExpansion",
          "valueString" : "-1"
        },
        {
          "name" : "version",
          "valueString" : "http://loinc.org?version=2.64"
        }],
        "contains" : [{
          "system" : "http://loinc.org",
          "code" : "32409-5",
          "display" : "1 minute Apgar Reflex irritability"
        },
        {
          "system" : "http://loinc.org",
          "code" : "32414-5",
          "display" : "5 minute Apgar Reflex irritability"
        },
        {
          "system" : "http://loinc.org",
          "code" : "32404-6",
          "display" : "10 minute Apgar Reflex irritability"
        }]
      }
    }
  },
  {
    "fullUrl" : "http://hl7.org.au/fhir/ch/v1/ValueSet/apgar-respiratory-effort",
    "resource" : {
      "resourceType" : "ValueSet",
      "id" : "apgar-respiratory-effort",
      "meta" : {
        "versionId" : "1",
        "lastUpdated" : "2018-09-18T09:41:00.000+10:00",
        "profile" : ["http://hl7.org/fhir/StructureDefinition/shareablevalueset"]
      },
      "text" : {
        "status" : "generated",
        "div" : "<div xmlns=\"http://www.w3.org/1999/xhtml\"><p>This value set contains 3 concepts</p><p>All codes from system <code>http://loinc.org</code></p><table class=\"codes\"><tr><td style=\"white-space:nowrap\"><b>Code</b></td><td><b>Display</b></td></tr><tr><td style=\"white-space:nowrap\"><a name=\"http---loinc.org-32410-3\"> </a><a href=\"http://details.loinc.org/LOINC/32410-3.html\">32410-3</a></td><td>1 minute Apgar Respiratory effort</td></tr><tr><td style=\"white-space:nowrap\"><a name=\"http---loinc.org-32415-2\"> </a><a href=\"http://details.loinc.org/LOINC/32415-2.html\">32415-2</a></td><td>5 minute Apgar Respiratory effort</td></tr><tr><td style=\"white-space:nowrap\"><a name=\"http---loinc.org-32405-3\"> </a><a href=\"http://details.loinc.org/LOINC/32405-3.html\">32405-3</a></td><td>10 minute Apgar Respiratory effort</td></tr></table></div>"
      },
      "extension" : [{
        "url" : "http://hl7.org/fhir/StructureDefinition/structuredefinition-ballot-status",
        "valueString" : "Informative"
      },
      {
        "url" : "http://hl7.org/fhir/StructureDefinition/structuredefinition-fmm",
        "valueInteger" : 0
      }],
      "url" : "http://hl7.org.au/fhir/ch/v1/ValueSet/apgar-respiratory-effort",
      "version" : "3.0.1",
      "name" : "APGARRespiratoryEffortObservationTypes",
      "title" : "APGAR Respiratory Effort Observation Types",
      "status" : "draft",
      "experimental" : true,
      "date" : "2018-09-18T00:00:00+10:00",
      "publisher" : "HL7 Australia (Child Health WG)",
      "contact" : [{
        "telecom" : [{
          "system" : "url",
          "value" : "http://hl7.org.au"
        }]
      }],
      "description" : "APGAR respiratory effort observation types 1, 5, 10 minutes",
      "expansion" : {
        "identifier" : "urn:uuid:e031c253-794d-4300-a7fe-6bc30affd331",
        "timestamp" : "2019-03-01T14:42:20+11:00",
        "total" : 3,
        "parameter" : [{
          "name" : "excludeNested",
          "valueBoolean" : false
        },
        {
          "name" : "limitedExpansion",
          "valueString" : "-1"
        },
        {
          "name" : "version",
          "valueString" : "http://loinc.org?version=2.64"
        }],
        "contains" : [{
          "system" : "http://loinc.org",
          "code" : "32410-3",
          "display" : "1 minute Apgar Respiratory effort"
        },
        {
          "system" : "http://loinc.org",
          "code" : "32415-2",
          "display" : "5 minute Apgar Respiratory effort"
        },
        {
          "system" : "http://loinc.org",
          "code" : "32405-3",
          "display" : "10 minute Apgar Respiratory effort"
        }]
      }
    }
  },
  {
    "fullUrl" : "http://hl7.org.au/fhir/ch/v1/ValueSet/apgar-heart-rate",
    "resource" : {
      "resourceType" : "ValueSet",
      "id" : "apgar-heart-rate",
      "meta" : {
        "versionId" : "1",
        "lastUpdated" : "2018-09-18T09:41:00.000+10:00",
        "profile" : ["http://hl7.org/fhir/StructureDefinition/shareablevalueset"]
      },
      "text" : {
        "status" : "generated",
        "div" : "<div xmlns=\"http://www.w3.org/1999/xhtml\"><p>This value set contains 3 concepts</p><p>All codes from system <code>http://loinc.org</code></p><table class=\"codes\"><tr><td style=\"white-space:nowrap\"><b>Code</b></td><td><b>Display</b></td></tr><tr><td style=\"white-space:nowrap\"><a name=\"http---loinc.org-32407-9\"> </a><a href=\"http://details.loinc.org/LOINC/32407-9.html\">32407-9</a></td><td>1 minute Apgar Heart rate</td></tr><tr><td style=\"white-space:nowrap\"><a name=\"http---loinc.org-32412-9\"> </a><a href=\"http://details.loinc.org/LOINC/32412-9.html\">32412-9</a></td><td>5 minute Apgar Heart rate</td></tr><tr><td style=\"white-space:nowrap\"><a name=\"http---loinc.org-32402-0\"> </a><a href=\"http://details.loinc.org/LOINC/32402-0.html\">32402-0</a></td><td>10 minute Apgar Heart rate</td></tr></table></div>"
      },
      "extension" : [{
        "url" : "http://hl7.org/fhir/StructureDefinition/structuredefinition-ballot-status",
        "valueString" : "Informative"
      },
      {
        "url" : "http://hl7.org/fhir/StructureDefinition/structuredefinition-fmm",
        "valueInteger" : 0
      }],
      "url" : "http://hl7.org.au/fhir/ch/v1/ValueSet/apgar-heart-rate",
      "version" : "3.0.1",
      "name" : "APGARHeartRateObservationTypes",
      "title" : "APGAR Heart Rate Observation Types",
      "status" : "draft",
      "experimental" : true,
      "date" : "2018-09-18T00:00:00+10:00",
      "publisher" : "HL7 Australia (Child Health WG)",
      "contact" : [{
        "telecom" : [{
          "system" : "url",
          "value" : "http://hl7.org.au"
        }]
      }],
      "description" : "APGAR heart rate observation types 1, 5, 10 minutes",
      "expansion" : {
        "identifier" : "urn:uuid:d6bf4b06-6de3-4555-99cb-6759bc46dc2a",
        "timestamp" : "2019-03-01T14:42:20+11:00",
        "total" : 3,
        "parameter" : [{
          "name" : "excludeNested",
          "valueBoolean" : false
        },
        {
          "name" : "limitedExpansion",
          "valueString" : "-1"
        },
        {
          "name" : "version",
          "valueString" : "http://loinc.org?version=2.64"
        }],
        "contains" : [{
          "system" : "http://loinc.org",
          "code" : "32407-9",
          "display" : "1 minute Apgar Heart rate"
        },
        {
          "system" : "http://loinc.org",
          "code" : "32412-9",
          "display" : "5 minute Apgar Heart rate"
        },
        {
          "system" : "http://loinc.org",
          "code" : "32402-0",
          "display" : "10 minute Apgar Heart rate"
        }]
      }
    }
  },
  {
    "fullUrl" : "http://hl7.org.au/fhir/ch/v1/ValueSet/apgar-colour",
    "resource" : {
      "resourceType" : "ValueSet",
      "id" : "apgar-colour",
      "meta" : {
        "versionId" : "1",
        "lastUpdated" : "2018-09-18T09:41:00.000+10:00",
        "profile" : ["http://hl7.org/fhir/StructureDefinition/shareablevalueset"]
      },
      "text" : {
        "status" : "generated",
        "div" : "<div xmlns=\"http://www.w3.org/1999/xhtml\"><p>This value set contains 3 concepts</p><p>All codes from system <code>http://loinc.org</code></p><table class=\"codes\"><tr><td style=\"white-space:nowrap\"><b>Code</b></td><td><b>Display</b></td></tr><tr><td style=\"white-space:nowrap\"><a name=\"http---loinc.org-32406-1\"> </a><a href=\"http://details.loinc.org/LOINC/32406-1.html\">32406-1</a></td><td>1 minute Apgar Color</td></tr><tr><td style=\"white-space:nowrap\"><a name=\"http---loinc.org-32411-1\"> </a><a href=\"http://details.loinc.org/LOINC/32411-1.html\">32411-1</a></td><td>5 minute Apgar Color</td></tr><tr><td style=\"white-space:nowrap\"><a name=\"http---loinc.org-32401-2\"> </a><a href=\"http://details.loinc.org/LOINC/32401-2.html\">32401-2</a></td><td>10 minute Apgar Color</td></tr></table></div>"
      },
      "extension" : [{
        "url" : "http://hl7.org/fhir/StructureDefinition/structuredefinition-ballot-status",
        "valueString" : "Informative"
      },
      {
        "url" : "http://hl7.org/fhir/StructureDefinition/structuredefinition-fmm",
        "valueInteger" : 0
      }],
      "url" : "http://hl7.org.au/fhir/ch/v1/ValueSet/apgar-colour",
      "version" : "3.0.1",
      "name" : "APGARColourObservationTypes",
      "title" : "APGAR Colour ObservationTypes",
      "status" : "draft",
      "experimental" : true,
      "date" : "2018-09-18T00:00:00+10:00",
      "publisher" : "HL7 Australia (Child Health WG)",
      "contact" : [{
        "telecom" : [{
          "system" : "url",
          "value" : "http://hl7.org.au"
        }]
      }],
      "description" : "APGAR colour observation types 1, 5, 10 minutes",
      "expansion" : {
        "identifier" : "urn:uuid:5687e0ca-fb8e-41e8-b935-7bce0eae9c08",
        "timestamp" : "2019-03-01T14:42:20+11:00",
        "total" : 3,
        "parameter" : [{
          "name" : "excludeNested",
          "valueBoolean" : false
        },
        {
          "name" : "limitedExpansion",
          "valueString" : "-1"
        },
        {
          "name" : "version",
          "valueString" : "http://loinc.org?version=2.64"
        }],
        "contains" : [{
          "system" : "http://loinc.org",
          "code" : "32406-1",
          "display" : "1 minute Apgar Color"
        },
        {
          "system" : "http://loinc.org",
          "code" : "32411-1",
          "display" : "5 minute Apgar Color"
        },
        {
          "system" : "http://loinc.org",
          "code" : "32401-2",
          "display" : "10 minute Apgar Color"
        }]
      }
    }
  },
  {
    "fullUrl" : "http://hl7.org.au/fhir/ch/v1/ValueSet/apgar-muscle-tone",
    "resource" : {
      "resourceType" : "ValueSet",
      "id" : "apgar-muscle-tone",
      "meta" : {
        "versionId" : "1",
        "lastUpdated" : "2018-09-18T09:41:00.000+10:00",
        "profile" : ["http://hl7.org/fhir/StructureDefinition/shareablevalueset"]
      },
      "text" : {
        "status" : "generated",
        "div" : "<div xmlns=\"http://www.w3.org/1999/xhtml\"><p>This value set contains 3 concepts</p><p>All codes from system <code>http://loinc.org</code></p><table class=\"codes\"><tr><td style=\"white-space:nowrap\"><b>Code</b></td><td><b>Display</b></td></tr><tr><td style=\"white-space:nowrap\"><a name=\"http---loinc.org-32408-7\"> </a><a href=\"http://details.loinc.org/LOINC/32408-7.html\">32408-7</a></td><td>1 minute Apgar Muscle tone</td></tr><tr><td style=\"white-space:nowrap\"><a name=\"http---loinc.org-32413-7\"> </a><a href=\"http://details.loinc.org/LOINC/32413-7.html\">32413-7</a></td><td>5 minute Apgar Muscle tone</td></tr><tr><td style=\"white-space:nowrap\"><a name=\"http---loinc.org-32403-8\"> </a><a href=\"http://details.loinc.org/LOINC/32403-8.html\">32403-8</a></td><td>10 minute Apgar Muscle tone</td></tr></table></div>"
      },
      "extension" : [{
        "url" : "http://hl7.org/fhir/StructureDefinition/structuredefinition-ballot-status",
        "valueString" : "Informative"
      },
      {
        "url" : "http://hl7.org/fhir/StructureDefinition/structuredefinition-fmm",
        "valueInteger" : 0
      }],
      "url" : "http://hl7.org.au/fhir/ch/v1/ValueSet/apgar-muscle-tone",
      "version" : "3.0.1",
      "name" : "APGARMuscleToneObservationTypes",
      "title" : "APGAR Muscle Tone Observation Types",
      "status" : "draft",
      "experimental" : true,
      "date" : "2018-09-18T00:00:00+10:00",
      "publisher" : "HL7 Australia (Child Health WG)",
      "contact" : [{
        "telecom" : [{
          "system" : "url",
          "value" : "http://hl7.org.au"
        }]
      }],
      "description" : "APGAR muscle tone observation types 1, 5, 10 minutes",
      "expansion" : {
        "identifier" : "urn:uuid:c43fec40-feb6-40da-8fb0-871f2e1e48ce",
        "timestamp" : "2019-03-01T14:42:20+11:00",
        "total" : 3,
        "parameter" : [{
          "name" : "excludeNested",
          "valueBoolean" : false
        },
        {
          "name" : "limitedExpansion",
          "valueString" : "-1"
        },
        {
          "name" : "version",
          "valueString" : "http://loinc.org?version=2.64"
        }],
        "contains" : [{
          "system" : "http://loinc.org",
          "code" : "32408-7",
          "display" : "1 minute Apgar Muscle tone"
        },
        {
          "system" : "http://loinc.org",
          "code" : "32413-7",
          "display" : "5 minute Apgar Muscle tone"
        },
        {
          "system" : "http://loinc.org",
          "code" : "32403-8",
          "display" : "10 minute Apgar Muscle tone"
        }]
      }
    }
  },
  {
    "fullUrl" : "http://hl7.org.au/fhir/ch/v1/ValueSet/ncdhc-observation-interpretation",
    "resource" : {
      "resourceType" : "ValueSet",
      "id" : "ncdhc-observation-interpretation",
      "text" : {
        "status" : "generated",
        "div" : "<div xmlns=\"http://www.w3.org/1999/xhtml\"><p>This value set contains 3 concepts</p><p style=\"border: black 1px dotted; background-color: #EEEEEE; padding: 8px\">Expansion based on http://hl7.org.au/fhir/ch/v1/CodeSystem/ncdhc-observation-interpretation version 1.0.0</p><p>All codes from system <a href=\"CodeSystem-ncdhc-observation-interpretation.html\"><code>http://hl7.org.au/fhir/ch/v1/CodeSystem/ncdhc-observation-interpretation</code></a></p><table class=\"codes\"><tr><td style=\"white-space:nowrap\"><b>Code</b></td><td><b>Display</b></td><td><b>Definition</b></td></tr><tr><td style=\"white-space:nowrap\"><a name=\"http---hl7.org.au-fhir-ch-v1-CodeSystem-ncdhc-observation-interpretation-NRML\"> </a><a href=\"CodeSystem-ncdhc-observation-interpretation.html#ncdhc-observation-interpretation-NRML\">NRML</a></td><td>Normal</td><td>The outcome of the observation was normal</td></tr><tr><td style=\"white-space:nowrap\"><a name=\"http---hl7.org.au-fhir-ch-v1-CodeSystem-ncdhc-observation-interpretation-RVIW\"> </a><a href=\"CodeSystem-ncdhc-observation-interpretation.html#ncdhc-observation-interpretation-RVIW\">RVIW</a></td><td>Review</td><td>The outcome of the observation was review</td></tr><tr><td style=\"white-space:nowrap\"><a name=\"http---hl7.org.au-fhir-ch-v1-CodeSystem-ncdhc-observation-interpretation-RFFR\"> </a><a href=\"CodeSystem-ncdhc-observation-interpretation.html#ncdhc-observation-interpretation-RFFR\">RFFR</a></td><td>Refer</td><td>The outcome of the observation was refer</td></tr></table></div>"
      },
      "url" : "http://hl7.org.au/fhir/ch/v1/ValueSet/ncdhc-observation-interpretation",
      "version" : "1.0.0",
      "name" : "Observation Interpretation Type",
      "title" : "Observation Interpretation Type",
      "status" : "draft",
      "date" : "2019-02-24T01:00:00+11:00",
      "publisher" : "National Children's Digital Health Collaborative (NCDHC))",
      "contact" : [{
        "name" : "hl7.org.au"
      }],
      "description" : "Observation Interpretation Type",
      "expansion" : {
        "identifier" : "urn:uuid:3b01c99a-507a-4b1e-b36c-181cacb9db7a",
        "timestamp" : "2019-03-01T14:42:20+11:00",
        "total" : 3,
        "parameter" : [{
          "name" : "excludeNested",
          "valueBoolean" : false
        },
        {
          "name" : "version",
          "valueUri" : "http://hl7.org.au/fhir/ch/v1/CodeSystem/ncdhc-observation-interpretation|1.0.0"
        }],
        "contains" : [{
          "system" : "http://hl7.org.au/fhir/ch/v1/CodeSystem/ncdhc-observation-interpretation",
          "code" : "NRML",
          "display" : "Normal"
        },
        {
          "system" : "http://hl7.org.au/fhir/ch/v1/CodeSystem/ncdhc-observation-interpretation",
          "code" : "RVIW",
          "display" : "Review"
        },
        {
          "system" : "http://hl7.org.au/fhir/ch/v1/CodeSystem/ncdhc-observation-interpretation",
          "code" : "RFFR",
          "display" : "Refer"
        }]
      }
    }
  },
  {
    "fullUrl" : "http://hl7.org.au/fhir/ch/v1/ValueSet/ncdhc-observation-completion-status",
    "resource" : {
      "resourceType" : "ValueSet",
      "id" : "ncdhc-observation-completion-status",
      "text" : {
        "status" : "generated",
        "div" : "<div xmlns=\"http://www.w3.org/1999/xhtml\"><p>This value set contains 2 concepts</p><p>All codes from system <a href=\"http://hl7.org/fhir/STU3/codesystem-snomedct.html\"><code>http://snomed.info/sct</code></a></p><table class=\"codes\"><tr><td style=\"white-space:nowrap\"><b>Code</b></td><td><b>Display</b></td><td><b>Definition</b></td></tr><tr><td style=\"white-space:nowrap\"><a name=\"http---snomed.info-sct-255594003\"> </a><a href=\"http://browser.ihtsdotools.org/?perspective=full&amp;conceptId1=255594003\">255594003</a></td><td>Complete</td><td/></tr><tr><td style=\"white-space:nowrap\"><a name=\"http---snomed.info-sct-255599008\"> </a><a href=\"http://browser.ihtsdotools.org/?perspective=full&amp;conceptId1=255599008\">255599008</a></td><td>Incomplete</td><td/></tr></table></div>"
      },
      "url" : "http://hl7.org.au/fhir/ch/v1/ValueSet/ncdhc-observation-completion-status",
      "version" : "1.0.0",
      "name" : "Observation Completion Status Type",
      "title" : "Observation Completion Status Type",
      "status" : "draft",
      "date" : "2019-02-24T01:00:00+11:00",
      "publisher" : "National Children's Digital Health Collaborative (NCDHC))",
      "contact" : [{
        "name" : "hl7.org.au"
      }],
      "description" : "Observation Completion Status Type",
      "expansion" : {
        "identifier" : "urn:uuid:ba7f9067-a0ef-4a5c-af68-7dcf22eae423",
        "timestamp" : "2019-03-01T14:42:20+11:00",
        "total" : 2,
        "parameter" : [{
          "name" : "excludeNested",
          "valueBoolean" : false
        },
        {
          "name" : "limitedExpansion",
          "valueString" : "-1"
        },
        {
          "name" : "version",
          "valueString" : "http://snomed.info/sct?version=http://snomed.info/sct/20611000087101/version/20161031"
        }],
        "contains" : [{
          "system" : "http://snomed.info/sct",
          "code" : "255594003",
          "display" : "Complete"
        },
        {
          "system" : "http://snomed.info/sct",
          "code" : "255599008",
          "display" : "Incomplete"
        }]
      }
    }
  },
  {
    "fullUrl" : "http://hl7.org.au/fhir/ch/v1/ValueSet/ncdhc-consent-category",
    "resource" : {
      "resourceType" : "ValueSet",
      "id" : "ncdhc-consent-category",
      "text" : {
        "status" : "generated",
        "div" : "<div xmlns=\"http://www.w3.org/1999/xhtml\"><p>This value set contains 2 concepts</p><p style=\"border: black 1px dotted; background-color: #EEEEEE; padding: 8px\">Expansion based on http://hl7.org.au/fhir/ch/v1/CodeSystem/ncdhc-consent-category version 1.0.0</p><p>All codes from system <a href=\"CodeSystem-ncdhc-consent-category.html\"><code>http://hl7.org.au/fhir/ch/v1/CodeSystem/ncdhc-consent-category</code></a></p><table class=\"codes\"><tr><td style=\"white-space:nowrap\"><b>Code</b></td><td><b>Display</b></td><td><b>Definition</b></td></tr><tr><td style=\"white-space:nowrap\"><a name=\"http---hl7.org.au-fhir-ch-v1-CodeSystem-ncdhc-consent-category-NBCR\"> </a><a href=\"CodeSystem-ncdhc-consent-category.html#ncdhc-consent-category-NBCR\">NBCR</a></td><td>Newborn Record Create Consent</td><td>Consent for the creation of a Child Health record on the birth of a child. This will be held against the person having the parental responsibility of the child at birth, typically the mother</td></tr><tr><td style=\"white-space:nowrap\"><a name=\"http---hl7.org.au-fhir-ch-v1-CodeSystem-ncdhc-consent-category-CROPT\"> </a><a href=\"CodeSystem-ncdhc-consent-category.html#ncdhc-consent-category-CROPT\">CROPT</a></td><td>Child Digital Health Record Operation Consent</td><td>Consent for a child to have a operative child digital health record</td></tr></table></div>"
      },
      "url" : "http://hl7.org.au/fhir/ch/v1/ValueSet/ncdhc-consent-category",
      "version" : "1.0.0",
      "name" : "NCDHC Consent Category Type",
      "title" : "NCDHC Consent Category Type",
      "status" : "draft",
      "date" : "2019-02-24T01:00:00+11:00",
      "publisher" : "National Children's Digital Health Collaborative (NCDHC))",
      "contact" : [{
        "name" : "hl7.org.au"
      }],
      "description" : "NCDHC Consent Category Type",
      "expansion" : {
        "identifier" : "urn:uuid:a433f091-139c-454c-a8a2-a757017e94a8",
        "timestamp" : "2019-03-01T14:42:20+11:00",
        "total" : 2,
        "parameter" : [{
          "name" : "excludeNested",
          "valueBoolean" : false
        },
        {
          "name" : "version",
          "valueUri" : "http://hl7.org.au/fhir/ch/v1/CodeSystem/ncdhc-consent-category|1.0.0"
        }],
        "contains" : [{
          "system" : "http://hl7.org.au/fhir/ch/v1/CodeSystem/ncdhc-consent-category",
          "code" : "NBCR",
          "display" : "Newborn Record Create Consent"
        },
        {
          "system" : "http://hl7.org.au/fhir/ch/v1/CodeSystem/ncdhc-consent-category",
          "code" : "CROPT",
          "display" : "Child Digital Health Record Operation Consent"
        }]
      }
    }
  },
  {
    "fullUrl" : "http://hl7.org.au/fhir/ch/v1/ValueSet/newborn-feeding-status",
    "resource" : {
      "resourceType" : "ValueSet",
      "id" : "newborn-feeding-status",
      "meta" : {
        "versionId" : "1",
        "lastUpdated" : "2019-01-18T10:41:00.000+11:00",
        "profile" : ["http://hl7.org/fhir/StructureDefinition/shareablevalueset"]
      },
      "text" : {
        "status" : "generated",
        "div" : "<div xmlns=\"http://www.w3.org/1999/xhtml\"><p>This value set contains 2 concepts</p><p>All codes from system <a href=\"http://hl7.org/fhir/STU3/codesystem-snomedct.html\"><code>http://snomed.info/sct</code></a></p><table class=\"codes\"><tr><td style=\"white-space:nowrap\"><b>Code</b></td><td><b>Display</b></td><td><b>Definition</b></td></tr><tr><td style=\"white-space:nowrap\"><a name=\"http---snomed.info-sct-169643005\"> </a><a href=\"http://browser.ihtsdotools.org/?perspective=full&amp;conceptId1=169643005\">169643005</a></td><td>Feeding intention - breast</td><td/></tr><tr><td style=\"white-space:nowrap\"><a name=\"http---snomed.info-sct-169644004\"> </a><a href=\"http://browser.ihtsdotools.org/?perspective=full&amp;conceptId1=169644004\">169644004</a></td><td>Intends to bottle feed</td><td/></tr></table></div>"
      },
      "extension" : [{
        "url" : "http://hl7.org/fhir/StructureDefinition/structuredefinition-ballot-status",
        "valueString" : "Informative"
      },
      {
        "url" : "http://hl7.org/fhir/StructureDefinition/structuredefinition-fmm",
        "valueInteger" : 0
      }],
      "url" : "http://hl7.org.au/fhir/ch/v1/ValueSet/newborn-feeding-status",
      "version" : "3.0.1",
      "name" : "Newborn Feeding Status Type",
      "title" : "Feeding Status Types applicable at the time of Birth",
      "status" : "draft",
      "experimental" : false,
      "date" : "2019-01-18T00:00:00+11:00",
      "publisher" : "National Children's Digital Health Collaborative (NCDHC)",
      "contact" : [{
        "telecom" : [{
          "system" : "url",
          "value" : "http://hl7.org.au"
        }]
      }],
      "description" : "Feeding Status Types applicable at the time of Birth",
      "expansion" : {
        "identifier" : "urn:uuid:52fa7631-78d7-465e-b0c1-a9995a28e50c",
        "timestamp" : "2019-03-01T14:42:20+11:00",
        "total" : 2,
        "parameter" : [{
          "name" : "excludeNested",
          "valueBoolean" : false
        },
        {
          "name" : "limitedExpansion",
          "valueString" : "-1"
        },
        {
          "name" : "version",
          "valueString" : "http://snomed.info/sct?version=http://snomed.info/sct/20611000087101/version/20161031"
        }],
        "contains" : [{
          "system" : "http://snomed.info/sct",
          "code" : "169643005",
          "display" : "Feeding intention - breast"
        },
        {
          "system" : "http://snomed.info/sct",
          "code" : "169644004",
          "display" : "Intends to bottle feed"
        }]
      }
    }
  },
  {
    "fullUrl" : "http://hl7.org.au/fhir/ch/v1/ValueSet/ncdhc-labour-initiation-type",
    "resource" : {
      "resourceType" : "ValueSet",
      "id" : "ncdhc-labour-initiation-type",
      "text" : {
        "status" : "generated",
        "div" : "<div xmlns=\"http://www.w3.org/1999/xhtml\"><p>This value set contains 2 concepts</p><p>All codes from system <a href=\"http://hl7.org/fhir/STU3/codesystem-snomedct.html\"><code>http://snomed.info/sct</code></a></p><table class=\"codes\"><tr><td style=\"white-space:nowrap\"><b>Code</b></td><td><b>Display</b></td><td><b>Definition</b></td></tr><tr><td style=\"white-space:nowrap\"><a name=\"http---snomed.info-sct-112070001\"> </a><a href=\"http://browser.ihtsdotools.org/?perspective=full&amp;conceptId1=112070001\">112070001</a></td><td>Onset of labor induced</td><td/></tr><tr><td style=\"white-space:nowrap\"><a name=\"http---snomed.info-sct-84457005\"> </a><a href=\"http://browser.ihtsdotools.org/?perspective=full&amp;conceptId1=84457005\">84457005</a></td><td>Spontaneous onset of labor</td><td/></tr></table></div>"
      },
      "url" : "http://hl7.org.au/fhir/ch/v1/ValueSet/ncdhc-labour-initiation-type",
      "version" : "1.0.0",
      "name" : "Labour Initiation Type",
      "title" : "Labour Initiation Type",
      "status" : "draft",
      "date" : "2019-02-24T01:00:00+11:00",
      "publisher" : "National Children's Digital Health Collaborative (NCDHC))",
      "contact" : [{
        "name" : "hl7.org.au"
      }],
      "description" : "Labour Initiation Type",
      "expansion" : {
        "identifier" : "urn:uuid:9f250f7b-1943-49f4-a8f6-6b45f56f7bf3",
        "timestamp" : "2019-03-01T14:42:20+11:00",
        "total" : 2,
        "parameter" : [{
          "name" : "excludeNested",
          "valueBoolean" : false
        },
        {
          "name" : "limitedExpansion",
          "valueString" : "-1"
        },
        {
          "name" : "version",
          "valueString" : "http://snomed.info/sct?version=http://snomed.info/sct/20611000087101/version/20161031"
        }],
        "contains" : [{
          "system" : "http://snomed.info/sct",
          "code" : "112070001",
          "display" : "Onset of labor induced"
        },
        {
          "system" : "http://snomed.info/sct",
          "code" : "84457005",
          "display" : "Spontaneous onset of labor"
        }]
      }
    }
  },
  {
    "fullUrl" : "http://hl7.org.au/fhir/ch/v1/ValueSet/ncdhc-type-of-birth",
    "resource" : {
      "resourceType" : "ValueSet",
      "id" : "ncdhc-type-of-birth",
      "text" : {
        "status" : "generated",
        "div" : "<div xmlns=\"http://www.w3.org/1999/xhtml\"><p>This value set contains 4 concepts</p><p>All codes from system <a href=\"http://hl7.org/fhir/STU3/codesystem-snomedct.html\"><code>http://snomed.info/sct</code></a></p><table class=\"codes\"><tr><td style=\"white-space:nowrap\"><b>Code</b></td><td><b>Display</b></td><td><b>Definition</b></td></tr><tr><td style=\"white-space:nowrap\"><a name=\"http---snomed.info-sct-289259007\"> </a><a href=\"http://browser.ihtsdotools.org/?perspective=full&amp;conceptId1=289259007\">289259007</a></td><td>Vaginal delivery</td><td/></tr><tr><td style=\"white-space:nowrap\"><a name=\"http---snomed.info-sct-200130005\"> </a><a href=\"http://browser.ihtsdotools.org/?perspective=full&amp;conceptId1=200130005\">200130005</a></td><td>Forceps delivery - delivered</td><td/></tr><tr><td style=\"white-space:nowrap\"><a name=\"http---snomed.info-sct-267278005\"> </a><a href=\"http://browser.ihtsdotools.org/?perspective=full&amp;conceptId1=267278005\">267278005</a></td><td>Deliveries by vacuum extractor</td><td/></tr><tr><td style=\"white-space:nowrap\"><a name=\"http---snomed.info-sct-271370008\"> </a><a href=\"http://browser.ihtsdotools.org/?perspective=full&amp;conceptId1=271370008\">271370008</a></td><td>Deliveries by breech extraction</td><td/></tr></table></div>"
      },
      "url" : "http://hl7.org.au/fhir/ch/v1/ValueSet/ncdhc-type-of-birth",
      "version" : "1.0.0",
      "name" : "Type of Birth",
      "title" : "Type of Birth",
      "status" : "draft",
      "date" : "2019-02-24T01:00:00+11:00",
      "publisher" : "National Children's Digital Health Collaborative (NCDHC))",
      "contact" : [{
        "name" : "hl7.org.au"
      }],
      "description" : "Type of birth observed during the birthing procedure",
      "expansion" : {
        "identifier" : "urn:uuid:1fce27ed-d36f-4af1-a2ac-45d49ff9d748",
        "timestamp" : "2019-03-01T14:42:20+11:00",
        "total" : 4,
        "parameter" : [{
          "name" : "excludeNested",
          "valueBoolean" : false
        },
        {
          "name" : "limitedExpansion",
          "valueString" : "-1"
        },
        {
          "name" : "version",
          "valueString" : "http://snomed.info/sct?version=http://snomed.info/sct/20611000087101/version/20161031"
        }],
        "contains" : [{
          "system" : "http://snomed.info/sct",
          "code" : "289259007",
          "display" : "Vaginal delivery"
        },
        {
          "system" : "http://snomed.info/sct",
          "code" : "200130005",
          "display" : "Forceps delivery - delivered"
        },
        {
          "system" : "http://snomed.info/sct",
          "code" : "267278005",
          "display" : "Deliveries by vacuum extractor"
        },
        {
          "system" : "http://snomed.info/sct",
          "code" : "271370008",
          "display" : "Deliveries by breech extraction"
        }]
      }
    }
  },
  {
    "fullUrl" : "http://hl7.org.au/fhir/ch/v1/ValueSet/ncdhc-vision-chart-types",
    "resource" : {
      "resourceType" : "ValueSet",
      "id" : "ncdhc-vision-chart-types",
      "text" : {
        "status" : "generated",
        "div" : "<div xmlns=\"http://www.w3.org/1999/xhtml\"><p>This value set contains 4 concepts</p><p>All codes from system <a href=\"http://hl7.org/fhir/STU3/codesystem-snomedct.html\"><code>http://snomed.info/sct</code></a></p><table class=\"codes\"><tr><td style=\"white-space:nowrap\"><b>Code</b></td><td><b>Display</b></td><td><b>Definition</b></td></tr><tr><td style=\"white-space:nowrap\"><a name=\"http---snomed.info-sct-163936007\"> </a><a href=\"http://browser.ihtsdotools.org/?perspective=full&amp;conceptId1=163936007\">163936007</a></td><td>O/E - visual acuity R-eye =6/5</td><td/></tr><tr><td style=\"white-space:nowrap\"><a name=\"http---snomed.info-sct-163937003\"> </a><a href=\"http://browser.ihtsdotools.org/?perspective=full&amp;conceptId1=163937003\">163937003</a></td><td>O/E - visual acuity R-eye =6/6</td><td/></tr><tr><td style=\"white-space:nowrap\"><a name=\"http---snomed.info-sct-408302002\"> </a><a href=\"http://browser.ihtsdotools.org/?perspective=full&amp;conceptId1=408302002\">408302002</a></td><td>O/E - pinhole visual acuity left eye =6/6</td><td/></tr><tr><td style=\"white-space:nowrap\"><a name=\"http---snomed.info-sct-704110007\"> </a><a href=\"http://browser.ihtsdotools.org/?perspective=full&amp;conceptId1=704110007\">704110007</a></td><td>On examination - visual acuity left eye = 6/48</td><td/></tr></table></div>"
      },
      "url" : "http://hl7.org.au/fhir/ch/v1/ValueSet/ncdhc-vision-chart-types",
      "version" : "1.0.0",
      "name" : "Vision Chart Types",
      "title" : "Vision Chart Types",
      "status" : "draft",
      "date" : "2019-02-24T01:00:00+11:00",
      "publisher" : "National Children's Digital Health Collaborative (NCDHC))",
      "contact" : [{
        "name" : "hl7.org.au"
      }],
      "description" : "Labour Initiation Type",
      "expansion" : {
        "identifier" : "urn:uuid:02d9c05d-43b1-44d8-ab17-04e600c7f2d9",
        "timestamp" : "2019-03-01T14:42:20+11:00",
        "total" : 4,
        "parameter" : [{
          "name" : "excludeNested",
          "valueBoolean" : false
        },
        {
          "name" : "limitedExpansion",
          "valueString" : "-1"
        },
        {
          "name" : "version",
          "valueString" : "http://snomed.info/sct?version=http://snomed.info/sct/20611000087101/version/20161031"
        }],
        "contains" : [{
          "system" : "http://snomed.info/sct",
          "code" : "163936007",
          "display" : "O/E - visual acuity R-eye =6/5"
        },
        {
          "system" : "http://snomed.info/sct",
          "code" : "163937003",
          "display" : "O/E - visual acuity R-eye =6/6"
        },
        {
          "system" : "http://snomed.info/sct",
          "code" : "408302002",
          "display" : "O/E - pinhole visual acuity left eye =6/6"
        },
        {
          "system" : "http://snomed.info/sct",
          "code" : "704110007",
          "display" : "On examination - visual acuity left eye = 6/48"
        }]
      }
    }
  },
  {
    "fullUrl" : "http://hl7.org.au/fhir/ch/v1/ValueSet/ncdhc-document-type",
    "resource" : {
      "resourceType" : "ValueSet",
      "id" : "ncdhc-document-type",
      "text" : {
        "status" : "generated",
        "div" : "<div xmlns=\"http://www.w3.org/1999/xhtml\"><p>This value set contains 3 concepts</p><p style=\"border: black 1px dotted; background-color: #EEEEEE; padding: 8px\">Expansion based on http://hl7.org.au/fhir/ch/v1/CodeSystem/ncdhc-document-type version 1.0.0</p><p>All codes from system <a href=\"CodeSystem-ncdhc-document-type.html\"><code>http://hl7.org.au/fhir/ch/v1/CodeSystem/ncdhc-document-type</code></a></p><table class=\"codes\"><tr><td style=\"white-space:nowrap\"><b>Code</b></td><td><b>Display</b></td><td><b>Definition</b></td></tr><tr><td style=\"white-space:nowrap\"><a name=\"http---hl7.org.au-fhir-ch-v1-CodeSystem-ncdhc-document-type-NBDEL\"> </a><a href=\"CodeSystem-ncdhc-document-type.html#ncdhc-document-type-NBDEL\">NBDEL</a></td><td>Newborn Delivery</td><td>Newborn Delivery Health Interaction</td></tr><tr><td style=\"white-space:nowrap\"><a name=\"http---hl7.org.au-fhir-ch-v1-CodeSystem-ncdhc-document-type-NBDSCHR\"> </a><a href=\"CodeSystem-ncdhc-document-type.html#ncdhc-document-type-NBDSCHR\">NBDSCHR</a></td><td>Newborn Discharge note</td><td>Newborn discharge Health Interaction</td></tr><tr><td style=\"white-space:nowrap\"><a name=\"http---hl7.org.au-fhir-ch-v1-CodeSystem-ncdhc-document-type-HLASS\"> </a><a href=\"CodeSystem-ncdhc-document-type.html#ncdhc-document-type-HLASS\">HLASS</a></td><td>Health Assessment</td><td>Health Assessment details</td></tr></table></div>"
      },
      "url" : "http://hl7.org.au/fhir/ch/v1/ValueSet/ncdhc-document-type",
      "version" : "1.0.0",
      "name" : "NCDHC Document Type",
      "title" : "NCDHC Document Type",
      "status" : "draft",
      "date" : "2019-02-24T01:00:00+11:00",
      "publisher" : "National Children's Digital Health Collaborative (NCDHC))",
      "contact" : [{
        "name" : "hl7.org.au"
      }],
      "description" : "NCDHC Document Type codes",
      "expansion" : {
        "identifier" : "urn:uuid:f248a827-c126-49e2-a1ed-ef6765eb7e93",
        "timestamp" : "2019-03-01T14:42:20+11:00",
        "total" : 3,
        "parameter" : [{
          "name" : "excludeNested",
          "valueBoolean" : false
        },
        {
          "name" : "version",
          "valueUri" : "http://hl7.org.au/fhir/ch/v1/CodeSystem/ncdhc-document-type|1.0.0"
        }],
        "contains" : [{
          "system" : "http://hl7.org.au/fhir/ch/v1/CodeSystem/ncdhc-document-type",
          "code" : "NBDEL",
          "display" : "Newborn Delivery"
        },
        {
          "system" : "http://hl7.org.au/fhir/ch/v1/CodeSystem/ncdhc-document-type",
          "code" : "NBDSCHR",
          "display" : "Newborn Discharge note"
        },
        {
          "system" : "http://hl7.org.au/fhir/ch/v1/CodeSystem/ncdhc-document-type",
          "code" : "HLASS",
          "display" : "Health Assessment"
        }]
      }
    }
  }]
}