<?xml version="1.0" encoding="UTF-8"?>

<Bundle xmlns="http://hl7.org/fhir">
  <id value="dd44f375-4b17-46dc-ba22-a4e042aeb3d5"/>
  <meta>
    <lastUpdated value="2019-03-01T14:41:34.162+11:00"/>
  </meta>
  <type value="collection"/>
  <entry>
    <fullUrl value="http://hl7.org.au/fhir/ch/v1/ValueSet/apgar-score-type"/>
    <resource>
      <ValueSet>
        <id value="apgar-score-type"/>
        <meta>
          <versionId value="1"/>
          <lastUpdated value="2018-09-18T09:41:00.000+10:00"/>
          <profile value="http://hl7.org/fhir/StructureDefinition/shareablevalueset"/>
        </meta>
        <text>
          <status value="generated"/>
          <div xmlns="http://www.w3.org/1999/xhtml">
            <p>This value set contains 3 concepts</p>
            <p>All codes from system 
              <code>http://loinc.org</code>
            </p>
            <table class="codes">
              <tr>
                <td style="white-space:nowrap">
                  <b>Code</b>
                </td>
                <td>
                  <b>Display</b>
                </td>
              </tr>
              <tr>
                <td style="white-space:nowrap">
                  <a name="http---loinc.org-9272-6"> </a>
                  <a href="http://details.loinc.org/LOINC/9272-6.html">9272-6</a>
                </td>
                <td>1 minute Apgar Score</td>
              </tr>
              <tr>
                <td style="white-space:nowrap">
                  <a name="http---loinc.org-9273-4"> </a>
                  <a href="http://details.loinc.org/LOINC/9273-4.html">9273-4</a>
                </td>
                <td>2 minute Apgar Score</td>
              </tr>
              <tr>
                <td style="white-space:nowrap">
                  <a name="http---loinc.org-9271-8"> </a>
                  <a href="http://details.loinc.org/LOINC/9271-8.html">9271-8</a>
                </td>
                <td>10 minute Apgar Score</td>
              </tr>
            </table>
          </div>
        </text>
        <extension url="http://hl7.org/fhir/StructureDefinition/structuredefinition-ballot-status">
          <valueString value="Informative"/>
        </extension>
        <extension url="http://hl7.org/fhir/StructureDefinition/structuredefinition-fmm">
          <valueInteger value="0"/>
        </extension>
        <url value="http://hl7.org.au/fhir/ch/v1/ValueSet/apgar-score-type"/>
        <version value="3.0.1"/>
        <name value="APGARScoreObservationTypes"/>
        <title value="APGAR Score Observation Types"/>
        <status value="draft"/>
        <experimental value="true"/>
        <date value="2018-09-18T00:00:00+10:00"/>
        <publisher value="HL7 Australia (Child Health WG)"/>
        <contact>
          <telecom>
            <system value="url"/>
            <value value="http://hl7.org.au"/>
          </telecom>
        </contact>
        <description value="APGAR score observation types 1, 5, 10 minutes"/>
        <expansion>
          <identifier value="urn:uuid:ee9a9812-110d-4f84-8497-bbb782244655"/>
          <timestamp value="2019-03-01T14:42:20+11:00"/>
          <total value="3"/>
          <parameter>
            <name value="excludeNested"/>
            <valueBoolean value="false"/>
          </parameter>
          <parameter>
            <name value="limitedExpansion"/>
            <valueString value="-1"/>
          </parameter>
          <parameter>
            <name value="version"/>
            <valueString value="http://loinc.org?version=2.64"/>
          </parameter>
          <contains>
            <system value="http://loinc.org"/>
            <code value="9272-6"/>
            <display value="1 minute Apgar Score"/>
          </contains>
          <contains>
            <system value="http://loinc.org"/>
            <code value="9273-4"/>
            <display value="2 minute Apgar Score"/>
          </contains>
          <contains>
            <system value="http://loinc.org"/>
            <code value="9271-8"/>
            <display value="10 minute Apgar Score"/>
          </contains>
        </expansion>
      </ValueSet>
    </resource>
  </entry>
  <entry>
    <fullUrl value="http://hl7.org.au/fhir/ch/v1/ValueSet/apgar-score-type-snomedct"/>
    <resource>
      <ValueSet>
        <id value="apgar-score-type-snomedct"/>
        <meta>
          <versionId value="1"/>
          <lastUpdated value="2018-09-18T09:41:00.000+10:00"/>
          <profile value="http://hl7.org/fhir/StructureDefinition/shareablevalueset"/>
        </meta>
        <text>
          <status value="generated"/>
          <div xmlns="http://www.w3.org/1999/xhtml">
            <p>This value set contains 3 concepts</p>
            <p>All codes from system 
              <a href="http://hl7.org/fhir/STU3/codesystem-snomedct.html">
                <code>http://snomed.info/sct</code>
              </a>
            </p>
            <table class="codes">
              <tr>
                <td style="white-space:nowrap">
                  <b>Code</b>
                </td>
                <td>
                  <b>Display</b>
                </td>
                <td>
                  <b>Definition</b>
                </td>
              </tr>
              <tr>
                <td style="white-space:nowrap">
                  <a name="http---snomed.info-sct-169895004"> </a>
                  <a href="http://browser.ihtsdotools.org/?perspective=full&amp;conceptId1=169895004">169895004</a>
                </td>
                <td>Apgar at 1 minute</td>
                <td/>
              </tr>
              <tr>
                <td style="white-space:nowrap">
                  <a name="http---snomed.info-sct-169909004"> </a>
                  <a href="http://browser.ihtsdotools.org/?perspective=full&amp;conceptId1=169909004">169909004</a>
                </td>
                <td>Apgar at 5 minutes</td>
                <td/>
              </tr>
              <tr>
                <td style="white-space:nowrap">
                  <a name="http---snomed.info-sct-169922007"> </a>
                  <a href="http://browser.ihtsdotools.org/?perspective=full&amp;conceptId1=169922007">169922007</a>
                </td>
                <td>Apgar at 10 minutes</td>
                <td/>
              </tr>
            </table>
          </div>
        </text>
        <extension url="http://hl7.org/fhir/StructureDefinition/structuredefinition-ballot-status">
          <valueString value="Informative"/>
        </extension>
        <extension url="http://hl7.org/fhir/StructureDefinition/structuredefinition-fmm">
          <valueInteger value="0"/>
        </extension>
        <url value="http://hl7.org.au/fhir/ch/v1/ValueSet/apgar-score-type-snomedct"/>
        <version value="3.0.1"/>
        <name value="APGARScoreObservationTypesSNOMEDCT"/>
        <title value="APGAR Score Observation Types (SNOMED CT)"/>
        <status value="draft"/>
        <experimental value="true"/>
        <date value="2018-09-18T00:00:00+10:00"/>
        <publisher value="HL7 Australia (Child Health WG)"/>
        <contact>
          <telecom>
            <system value="url"/>
            <value value="http://hl7.org.au"/>
          </telecom>
        </contact>
        <description value="APGAR score observation types 1, 5, 10 minutes, SNOMED CT binding"/>
        <expansion>
          <identifier value="urn:uuid:928307da-6e18-44d9-a038-4ab227e35dcb"/>
          <timestamp value="2019-03-01T14:42:20+11:00"/>
          <total value="3"/>
          <parameter>
            <name value="excludeNested"/>
            <valueBoolean value="false"/>
          </parameter>
          <parameter>
            <name value="limitedExpansion"/>
            <valueString value="-1"/>
          </parameter>
          <parameter>
            <name value="version"/>
            <valueString value="http://snomed.info/sct?version=http://snomed.info/sct/20611000087101/version/20161031"/>
          </parameter>
          <contains>
            <system value="http://snomed.info/sct"/>
            <code value="169895004"/>
            <display value="Apgar at 1 minute"/>
          </contains>
          <contains>
            <system value="http://snomed.info/sct"/>
            <code value="169909004"/>
            <display value="Apgar at 5 minutes"/>
          </contains>
          <contains>
            <system value="http://snomed.info/sct"/>
            <code value="169922007"/>
            <display value="Apgar at 10 minutes"/>
          </contains>
        </expansion>
      </ValueSet>
    </resource>
  </entry>
  <entry>
    <fullUrl value="http://hl7.org.au/fhir/ch/v1/ValueSet/apgar-reflex-irritability"/>
    <resource>
      <ValueSet>
        <id value="apgar-reflex-irritability"/>
        <meta>
          <versionId value="1"/>
          <lastUpdated value="2018-09-18T09:41:00.000+10:00"/>
          <profile value="http://hl7.org/fhir/StructureDefinition/shareablevalueset"/>
        </meta>
        <text>
          <status value="generated"/>
          <div xmlns="http://www.w3.org/1999/xhtml">
            <p>This value set contains 3 concepts</p>
            <p>All codes from system 
              <code>http://loinc.org</code>
            </p>
            <table class="codes">
              <tr>
                <td style="white-space:nowrap">
                  <b>Code</b>
                </td>
                <td>
                  <b>Display</b>
                </td>
              </tr>
              <tr>
                <td style="white-space:nowrap">
                  <a name="http---loinc.org-32409-5"> </a>
                  <a href="http://details.loinc.org/LOINC/32409-5.html">32409-5</a>
                </td>
                <td>1 minute Apgar Reflex irritability</td>
              </tr>
              <tr>
                <td style="white-space:nowrap">
                  <a name="http---loinc.org-32414-5"> </a>
                  <a href="http://details.loinc.org/LOINC/32414-5.html">32414-5</a>
                </td>
                <td>5 minute Apgar Reflex irritability</td>
              </tr>
              <tr>
                <td style="white-space:nowrap">
                  <a name="http---loinc.org-32404-6"> </a>
                  <a href="http://details.loinc.org/LOINC/32404-6.html">32404-6</a>
                </td>
                <td>10 minute Apgar Reflex irritability</td>
              </tr>
            </table>
          </div>
        </text>
        <extension url="http://hl7.org/fhir/StructureDefinition/structuredefinition-ballot-status">
          <valueString value="Informative"/>
        </extension>
        <extension url="http://hl7.org/fhir/StructureDefinition/structuredefinition-fmm">
          <valueInteger value="0"/>
        </extension>
        <url value="http://hl7.org.au/fhir/ch/v1/ValueSet/apgar-reflex-irritability"/>
        <version value="3.0.1"/>
        <name value="APGARReflexIrritabilityObservationTypes"/>
        <title value="APGAR Reflex Irritability Observation Types"/>
        <status value="draft"/>
        <experimental value="true"/>
        <date value="2018-09-18T00:00:00+10:00"/>
        <publisher value="HL7 Australia (Child Health WG)"/>
        <contact>
          <telecom>
            <system value="url"/>
            <value value="http://hl7.org.au"/>
          </telecom>
        </contact>
        <description value="APGAR reflex irritability observation types 1, 5, 10 minutes"/>
        <expansion>
          <identifier value="urn:uuid:27f594f0-6946-4a07-8898-a37823a496cf"/>
          <timestamp value="2019-03-01T14:42:20+11:00"/>
          <total value="3"/>
          <parameter>
            <name value="excludeNested"/>
            <valueBoolean value="false"/>
          </parameter>
          <parameter>
            <name value="limitedExpansion"/>
            <valueString value="-1"/>
          </parameter>
          <parameter>
            <name value="version"/>
            <valueString value="http://loinc.org?version=2.64"/>
          </parameter>
          <contains>
            <system value="http://loinc.org"/>
            <code value="32409-5"/>
            <display value="1 minute Apgar Reflex irritability"/>
          </contains>
          <contains>
            <system value="http://loinc.org"/>
            <code value="32414-5"/>
            <display value="5 minute Apgar Reflex irritability"/>
          </contains>
          <contains>
            <system value="http://loinc.org"/>
            <code value="32404-6"/>
            <display value="10 minute Apgar Reflex irritability"/>
          </contains>
        </expansion>
      </ValueSet>
    </resource>
  </entry>
  <entry>
    <fullUrl value="http://hl7.org.au/fhir/ch/v1/ValueSet/apgar-respiratory-effort"/>
    <resource>
      <ValueSet>
        <id value="apgar-respiratory-effort"/>
        <meta>
          <versionId value="1"/>
          <lastUpdated value="2018-09-18T09:41:00.000+10:00"/>
          <profile value="http://hl7.org/fhir/StructureDefinition/shareablevalueset"/>
        </meta>
        <text>
          <status value="generated"/>
          <div xmlns="http://www.w3.org/1999/xhtml">
            <p>This value set contains 3 concepts</p>
            <p>All codes from system 
              <code>http://loinc.org</code>
            </p>
            <table class="codes">
              <tr>
                <td style="white-space:nowrap">
                  <b>Code</b>
                </td>
                <td>
                  <b>Display</b>
                </td>
              </tr>
              <tr>
                <td style="white-space:nowrap">
                  <a name="http---loinc.org-32410-3"> </a>
                  <a href="http://details.loinc.org/LOINC/32410-3.html">32410-3</a>
                </td>
                <td>1 minute Apgar Respiratory effort</td>
              </tr>
              <tr>
                <td style="white-space:nowrap">
                  <a name="http---loinc.org-32415-2"> </a>
                  <a href="http://details.loinc.org/LOINC/32415-2.html">32415-2</a>
                </td>
                <td>5 minute Apgar Respiratory effort</td>
              </tr>
              <tr>
                <td style="white-space:nowrap">
                  <a name="http---loinc.org-32405-3"> </a>
                  <a href="http://details.loinc.org/LOINC/32405-3.html">32405-3</a>
                </td>
                <td>10 minute Apgar Respiratory effort</td>
              </tr>
            </table>
          </div>
        </text>
        <extension url="http://hl7.org/fhir/StructureDefinition/structuredefinition-ballot-status">
          <valueString value="Informative"/>
        </extension>
        <extension url="http://hl7.org/fhir/StructureDefinition/structuredefinition-fmm">
          <valueInteger value="0"/>
        </extension>
        <url value="http://hl7.org.au/fhir/ch/v1/ValueSet/apgar-respiratory-effort"/>
        <version value="3.0.1"/>
        <name value="APGARRespiratoryEffortObservationTypes"/>
        <title value="APGAR Respiratory Effort Observation Types"/>
        <status value="draft"/>
        <experimental value="true"/>
        <date value="2018-09-18T00:00:00+10:00"/>
        <publisher value="HL7 Australia (Child Health WG)"/>
        <contact>
          <telecom>
            <system value="url"/>
            <value value="http://hl7.org.au"/>
          </telecom>
        </contact>
        <description value="APGAR respiratory effort observation types 1, 5, 10 minutes"/>
        <expansion>
          <identifier value="urn:uuid:e031c253-794d-4300-a7fe-6bc30affd331"/>
          <timestamp value="2019-03-01T14:42:20+11:00"/>
          <total value="3"/>
          <parameter>
            <name value="excludeNested"/>
            <valueBoolean value="false"/>
          </parameter>
          <parameter>
            <name value="limitedExpansion"/>
            <valueString value="-1"/>
          </parameter>
          <parameter>
            <name value="version"/>
            <valueString value="http://loinc.org?version=2.64"/>
          </parameter>
          <contains>
            <system value="http://loinc.org"/>
            <code value="32410-3"/>
            <display value="1 minute Apgar Respiratory effort"/>
          </contains>
          <contains>
            <system value="http://loinc.org"/>
            <code value="32415-2"/>
            <display value="5 minute Apgar Respiratory effort"/>
          </contains>
          <contains>
            <system value="http://loinc.org"/>
            <code value="32405-3"/>
            <display value="10 minute Apgar Respiratory effort"/>
          </contains>
        </expansion>
      </ValueSet>
    </resource>
  </entry>
  <entry>
    <fullUrl value="http://hl7.org.au/fhir/ch/v1/ValueSet/apgar-heart-rate"/>
    <resource>
      <ValueSet>
        <id value="apgar-heart-rate"/>
        <meta>
          <versionId value="1"/>
          <lastUpdated value="2018-09-18T09:41:00.000+10:00"/>
          <profile value="http://hl7.org/fhir/StructureDefinition/shareablevalueset"/>
        </meta>
        <text>
          <status value="generated"/>
          <div xmlns="http://www.w3.org/1999/xhtml">
            <p>This value set contains 3 concepts</p>
            <p>All codes from system 
              <code>http://loinc.org</code>
            </p>
            <table class="codes">
              <tr>
                <td style="white-space:nowrap">
                  <b>Code</b>
                </td>
                <td>
                  <b>Display</b>
                </td>
              </tr>
              <tr>
                <td style="white-space:nowrap">
                  <a name="http---loinc.org-32407-9"> </a>
                  <a href="http://details.loinc.org/LOINC/32407-9.html">32407-9</a>
                </td>
                <td>1 minute Apgar Heart rate</td>
              </tr>
              <tr>
                <td style="white-space:nowrap">
                  <a name="http---loinc.org-32412-9"> </a>
                  <a href="http://details.loinc.org/LOINC/32412-9.html">32412-9</a>
                </td>
                <td>5 minute Apgar Heart rate</td>
              </tr>
              <tr>
                <td style="white-space:nowrap">
                  <a name="http---loinc.org-32402-0"> </a>
                  <a href="http://details.loinc.org/LOINC/32402-0.html">32402-0</a>
                </td>
                <td>10 minute Apgar Heart rate</td>
              </tr>
            </table>
          </div>
        </text>
        <extension url="http://hl7.org/fhir/StructureDefinition/structuredefinition-ballot-status">
          <valueString value="Informative"/>
        </extension>
        <extension url="http://hl7.org/fhir/StructureDefinition/structuredefinition-fmm">
          <valueInteger value="0"/>
        </extension>
        <url value="http://hl7.org.au/fhir/ch/v1/ValueSet/apgar-heart-rate"/>
        <version value="3.0.1"/>
        <name value="APGARHeartRateObservationTypes"/>
        <title value="APGAR Heart Rate Observation Types"/>
        <status value="draft"/>
        <experimental value="true"/>
        <date value="2018-09-18T00:00:00+10:00"/>
        <publisher value="HL7 Australia (Child Health WG)"/>
        <contact>
          <telecom>
            <system value="url"/>
            <value value="http://hl7.org.au"/>
          </telecom>
        </contact>
        <description value="APGAR heart rate observation types 1, 5, 10 minutes"/>
        <expansion>
          <identifier value="urn:uuid:d6bf4b06-6de3-4555-99cb-6759bc46dc2a"/>
          <timestamp value="2019-03-01T14:42:20+11:00"/>
          <total value="3"/>
          <parameter>
            <name value="excludeNested"/>
            <valueBoolean value="false"/>
          </parameter>
          <parameter>
            <name value="limitedExpansion"/>
            <valueString value="-1"/>
          </parameter>
          <parameter>
            <name value="version"/>
            <valueString value="http://loinc.org?version=2.64"/>
          </parameter>
          <contains>
            <system value="http://loinc.org"/>
            <code value="32407-9"/>
            <display value="1 minute Apgar Heart rate"/>
          </contains>
          <contains>
            <system value="http://loinc.org"/>
            <code value="32412-9"/>
            <display value="5 minute Apgar Heart rate"/>
          </contains>
          <contains>
            <system value="http://loinc.org"/>
            <code value="32402-0"/>
            <display value="10 minute Apgar Heart rate"/>
          </contains>
        </expansion>
      </ValueSet>
    </resource>
  </entry>
  <entry>
    <fullUrl value="http://hl7.org.au/fhir/ch/v1/ValueSet/apgar-colour"/>
    <resource>
      <ValueSet>
        <id value="apgar-colour"/>
        <meta>
          <versionId value="1"/>
          <lastUpdated value="2018-09-18T09:41:00.000+10:00"/>
          <profile value="http://hl7.org/fhir/StructureDefinition/shareablevalueset"/>
        </meta>
        <text>
          <status value="generated"/>
          <div xmlns="http://www.w3.org/1999/xhtml">
            <p>This value set contains 3 concepts</p>
            <p>All codes from system 
              <code>http://loinc.org</code>
            </p>
            <table class="codes">
              <tr>
                <td style="white-space:nowrap">
                  <b>Code</b>
                </td>
                <td>
                  <b>Display</b>
                </td>
              </tr>
              <tr>
                <td style="white-space:nowrap">
                  <a name="http---loinc.org-32406-1"> </a>
                  <a href="http://details.loinc.org/LOINC/32406-1.html">32406-1</a>
                </td>
                <td>1 minute Apgar Color</td>
              </tr>
              <tr>
                <td style="white-space:nowrap">
                  <a name="http---loinc.org-32411-1"> </a>
                  <a href="http://details.loinc.org/LOINC/32411-1.html">32411-1</a>
                </td>
                <td>5 minute Apgar Color</td>
              </tr>
              <tr>
                <td style="white-space:nowrap">
                  <a name="http---loinc.org-32401-2"> </a>
                  <a href="http://details.loinc.org/LOINC/32401-2.html">32401-2</a>
                </td>
                <td>10 minute Apgar Color</td>
              </tr>
            </table>
          </div>
        </text>
        <extension url="http://hl7.org/fhir/StructureDefinition/structuredefinition-ballot-status">
          <valueString value="Informative"/>
        </extension>
        <extension url="http://hl7.org/fhir/StructureDefinition/structuredefinition-fmm">
          <valueInteger value="0"/>
        </extension>
        <url value="http://hl7.org.au/fhir/ch/v1/ValueSet/apgar-colour"/>
        <version value="3.0.1"/>
        <name value="APGARColourObservationTypes"/>
        <title value="APGAR Colour ObservationTypes"/>
        <status value="draft"/>
        <experimental value="true"/>
        <date value="2018-09-18T00:00:00+10:00"/>
        <publisher value="HL7 Australia (Child Health WG)"/>
        <contact>
          <telecom>
            <system value="url"/>
            <value value="http://hl7.org.au"/>
          </telecom>
        </contact>
        <description value="APGAR colour observation types 1, 5, 10 minutes"/>
        <expansion>
          <identifier value="urn:uuid:5687e0ca-fb8e-41e8-b935-7bce0eae9c08"/>
          <timestamp value="2019-03-01T14:42:20+11:00"/>
          <total value="3"/>
          <parameter>
            <name value="excludeNested"/>
            <valueBoolean value="false"/>
          </parameter>
          <parameter>
            <name value="limitedExpansion"/>
            <valueString value="-1"/>
          </parameter>
          <parameter>
            <name value="version"/>
            <valueString value="http://loinc.org?version=2.64"/>
          </parameter>
          <contains>
            <system value="http://loinc.org"/>
            <code value="32406-1"/>
            <display value="1 minute Apgar Color"/>
          </contains>
          <contains>
            <system value="http://loinc.org"/>
            <code value="32411-1"/>
            <display value="5 minute Apgar Color"/>
          </contains>
          <contains>
            <system value="http://loinc.org"/>
            <code value="32401-2"/>
            <display value="10 minute Apgar Color"/>
          </contains>
        </expansion>
      </ValueSet>
    </resource>
  </entry>
  <entry>
    <fullUrl value="http://hl7.org.au/fhir/ch/v1/ValueSet/apgar-muscle-tone"/>
    <resource>
      <ValueSet>
        <id value="apgar-muscle-tone"/>
        <meta>
          <versionId value="1"/>
          <lastUpdated value="2018-09-18T09:41:00.000+10:00"/>
          <profile value="http://hl7.org/fhir/StructureDefinition/shareablevalueset"/>
        </meta>
        <text>
          <status value="generated"/>
          <div xmlns="http://www.w3.org/1999/xhtml">
            <p>This value set contains 3 concepts</p>
            <p>All codes from system 
              <code>http://loinc.org</code>
            </p>
            <table class="codes">
              <tr>
                <td style="white-space:nowrap">
                  <b>Code</b>
                </td>
                <td>
                  <b>Display</b>
                </td>
              </tr>
              <tr>
                <td style="white-space:nowrap">
                  <a name="http---loinc.org-32408-7"> </a>
                  <a href="http://details.loinc.org/LOINC/32408-7.html">32408-7</a>
                </td>
                <td>1 minute Apgar Muscle tone</td>
              </tr>
              <tr>
                <td style="white-space:nowrap">
                  <a name="http---loinc.org-32413-7"> </a>
                  <a href="http://details.loinc.org/LOINC/32413-7.html">32413-7</a>
                </td>
                <td>5 minute Apgar Muscle tone</td>
              </tr>
              <tr>
                <td style="white-space:nowrap">
                  <a name="http---loinc.org-32403-8"> </a>
                  <a href="http://details.loinc.org/LOINC/32403-8.html">32403-8</a>
                </td>
                <td>10 minute Apgar Muscle tone</td>
              </tr>
            </table>
          </div>
        </text>
        <extension url="http://hl7.org/fhir/StructureDefinition/structuredefinition-ballot-status">
          <valueString value="Informative"/>
        </extension>
        <extension url="http://hl7.org/fhir/StructureDefinition/structuredefinition-fmm">
          <valueInteger value="0"/>
        </extension>
        <url value="http://hl7.org.au/fhir/ch/v1/ValueSet/apgar-muscle-tone"/>
        <version value="3.0.1"/>
        <name value="APGARMuscleToneObservationTypes"/>
        <title value="APGAR Muscle Tone Observation Types"/>
        <status value="draft"/>
        <experimental value="true"/>
        <date value="2018-09-18T00:00:00+10:00"/>
        <publisher value="HL7 Australia (Child Health WG)"/>
        <contact>
          <telecom>
            <system value="url"/>
            <value value="http://hl7.org.au"/>
          </telecom>
        </contact>
        <description value="APGAR muscle tone observation types 1, 5, 10 minutes"/>
        <expansion>
          <identifier value="urn:uuid:c43fec40-feb6-40da-8fb0-871f2e1e48ce"/>
          <timestamp value="2019-03-01T14:42:20+11:00"/>
          <total value="3"/>
          <parameter>
            <name value="excludeNested"/>
            <valueBoolean value="false"/>
          </parameter>
          <parameter>
            <name value="limitedExpansion"/>
            <valueString value="-1"/>
          </parameter>
          <parameter>
            <name value="version"/>
            <valueString value="http://loinc.org?version=2.64"/>
          </parameter>
          <contains>
            <system value="http://loinc.org"/>
            <code value="32408-7"/>
            <display value="1 minute Apgar Muscle tone"/>
          </contains>
          <contains>
            <system value="http://loinc.org"/>
            <code value="32413-7"/>
            <display value="5 minute Apgar Muscle tone"/>
          </contains>
          <contains>
            <system value="http://loinc.org"/>
            <code value="32403-8"/>
            <display value="10 minute Apgar Muscle tone"/>
          </contains>
        </expansion>
      </ValueSet>
    </resource>
  </entry>
  <entry>
    <fullUrl value="http://hl7.org.au/fhir/ch/v1/ValueSet/ncdhc-observation-interpretation"/>
    <resource>
      <ValueSet>
        <id value="ncdhc-observation-interpretation"/>
        <text>
          <status value="generated"/>
          <div xmlns="http://www.w3.org/1999/xhtml">
            <p>This value set contains 3 concepts</p>
            <p style="border: black 1px dotted; background-color: #EEEEEE; padding: 8px">Expansion based on http://hl7.org.au/fhir/ch/v1/CodeSystem/ncdhc-observation-interpretation version 1.0.0</p>
            <p>All codes from system 
              <a href="CodeSystem-ncdhc-observation-interpretation.html">
                <code>http://hl7.org.au/fhir/ch/v1/CodeSystem/ncdhc-observation-interpretation</code>
              </a>
            </p>
            <table class="codes">
              <tr>
                <td style="white-space:nowrap">
                  <b>Code</b>
                </td>
                <td>
                  <b>Display</b>
                </td>
                <td>
                  <b>Definition</b>
                </td>
              </tr>
              <tr>
                <td style="white-space:nowrap">
                  <a name="http---hl7.org.au-fhir-ch-v1-CodeSystem-ncdhc-observation-interpretation-NRML"> </a>
                  <a href="CodeSystem-ncdhc-observation-interpretation.html#ncdhc-observation-interpretation-NRML">NRML</a>
                </td>
                <td>Normal</td>
                <td>The outcome of the observation was normal</td>
              </tr>
              <tr>
                <td style="white-space:nowrap">
                  <a name="http---hl7.org.au-fhir-ch-v1-CodeSystem-ncdhc-observation-interpretation-RVIW"> </a>
                  <a href="CodeSystem-ncdhc-observation-interpretation.html#ncdhc-observation-interpretation-RVIW">RVIW</a>
                </td>
                <td>Review</td>
                <td>The outcome of the observation was review</td>
              </tr>
              <tr>
                <td style="white-space:nowrap">
                  <a name="http---hl7.org.au-fhir-ch-v1-CodeSystem-ncdhc-observation-interpretation-RFFR"> </a>
                  <a href="CodeSystem-ncdhc-observation-interpretation.html#ncdhc-observation-interpretation-RFFR">RFFR</a>
                </td>
                <td>Refer</td>
                <td>The outcome of the observation was refer</td>
              </tr>
            </table>
          </div>
        </text>
        <url value="http://hl7.org.au/fhir/ch/v1/ValueSet/ncdhc-observation-interpretation"/>
        <version value="1.0.0"/>
        <name value="Observation Interpretation Type"/>
        <title value="Observation Interpretation Type"/>
        <status value="draft"/>
        <date value="2019-02-24T01:00:00+11:00"/>
        <publisher value="National Children&#39;s Digital Health Collaborative (NCDHC))"/>
        <contact>
          <name value="hl7.org.au"/>
        </contact>
        <description value="Observation Interpretation Type"/>
        <expansion>
          <identifier value="urn:uuid:3b01c99a-507a-4b1e-b36c-181cacb9db7a"/>
          <timestamp value="2019-03-01T14:42:20+11:00"/>
          <total value="3"/>
          <parameter>
            <name value="excludeNested"/>
            <valueBoolean value="false"/>
          </parameter>
          <parameter>
            <name value="version"/>
            <valueUri value="http://hl7.org.au/fhir/ch/v1/CodeSystem/ncdhc-observation-interpretation|1.0.0"/>
          </parameter>
          <contains>
            <system value="http://hl7.org.au/fhir/ch/v1/CodeSystem/ncdhc-observation-interpretation"/>
            <code value="NRML"/>
            <display value="Normal"/>
          </contains>
          <contains>
            <system value="http://hl7.org.au/fhir/ch/v1/CodeSystem/ncdhc-observation-interpretation"/>
            <code value="RVIW"/>
            <display value="Review"/>
          </contains>
          <contains>
            <system value="http://hl7.org.au/fhir/ch/v1/CodeSystem/ncdhc-observation-interpretation"/>
            <code value="RFFR"/>
            <display value="Refer"/>
          </contains>
        </expansion>
      </ValueSet>
    </resource>
  </entry>
  <entry>
    <fullUrl value="http://hl7.org.au/fhir/ch/v1/ValueSet/ncdhc-observation-completion-status"/>
    <resource>
      <ValueSet>
        <id value="ncdhc-observation-completion-status"/>
        <text>
          <status value="generated"/>
          <div xmlns="http://www.w3.org/1999/xhtml">
            <p>This value set contains 2 concepts</p>
            <p>All codes from system 
              <a href="http://hl7.org/fhir/STU3/codesystem-snomedct.html">
                <code>http://snomed.info/sct</code>
              </a>
            </p>
            <table class="codes">
              <tr>
                <td style="white-space:nowrap">
                  <b>Code</b>
                </td>
                <td>
                  <b>Display</b>
                </td>
                <td>
                  <b>Definition</b>
                </td>
              </tr>
              <tr>
                <td style="white-space:nowrap">
                  <a name="http---snomed.info-sct-255594003"> </a>
                  <a href="http://browser.ihtsdotools.org/?perspective=full&amp;conceptId1=255594003">255594003</a>
                </td>
                <td>Complete</td>
                <td/>
              </tr>
              <tr>
                <td style="white-space:nowrap">
                  <a name="http---snomed.info-sct-255599008"> </a>
                  <a href="http://browser.ihtsdotools.org/?perspective=full&amp;conceptId1=255599008">255599008</a>
                </td>
                <td>Incomplete</td>
                <td/>
              </tr>
            </table>
          </div>
        </text>
        <url value="http://hl7.org.au/fhir/ch/v1/ValueSet/ncdhc-observation-completion-status"/>
        <version value="1.0.0"/>
        <name value="Observation Completion Status Type"/>
        <title value="Observation Completion Status Type"/>
        <status value="draft"/>
        <date value="2019-02-24T01:00:00+11:00"/>
        <publisher value="National Children&#39;s Digital Health Collaborative (NCDHC))"/>
        <contact>
          <name value="hl7.org.au"/>
        </contact>
        <description value="Observation Completion Status Type"/>
        <expansion>
          <identifier value="urn:uuid:ba7f9067-a0ef-4a5c-af68-7dcf22eae423"/>
          <timestamp value="2019-03-01T14:42:20+11:00"/>
          <total value="2"/>
          <parameter>
            <name value="excludeNested"/>
            <valueBoolean value="false"/>
          </parameter>
          <parameter>
            <name value="limitedExpansion"/>
            <valueString value="-1"/>
          </parameter>
          <parameter>
            <name value="version"/>
            <valueString value="http://snomed.info/sct?version=http://snomed.info/sct/20611000087101/version/20161031"/>
          </parameter>
          <contains>
            <system value="http://snomed.info/sct"/>
            <code value="255594003"/>
            <display value="Complete"/>
          </contains>
          <contains>
            <system value="http://snomed.info/sct"/>
            <code value="255599008"/>
            <display value="Incomplete"/>
          </contains>
        </expansion>
      </ValueSet>
    </resource>
  </entry>
  <entry>
    <fullUrl value="http://hl7.org.au/fhir/ch/v1/ValueSet/ncdhc-consent-category"/>
    <resource>
      <ValueSet>
        <id value="ncdhc-consent-category"/>
        <text>
          <status value="generated"/>
          <div xmlns="http://www.w3.org/1999/xhtml">
            <p>This value set contains 2 concepts</p>
            <p style="border: black 1px dotted; background-color: #EEEEEE; padding: 8px">Expansion based on http://hl7.org.au/fhir/ch/v1/CodeSystem/ncdhc-consent-category version 1.0.0</p>
            <p>All codes from system 
              <a href="CodeSystem-ncdhc-consent-category.html">
                <code>http://hl7.org.au/fhir/ch/v1/CodeSystem/ncdhc-consent-category</code>
              </a>
            </p>
            <table class="codes">
              <tr>
                <td style="white-space:nowrap">
                  <b>Code</b>
                </td>
                <td>
                  <b>Display</b>
                </td>
                <td>
                  <b>Definition</b>
                </td>
              </tr>
              <tr>
                <td style="white-space:nowrap">
                  <a name="http---hl7.org.au-fhir-ch-v1-CodeSystem-ncdhc-consent-category-NBCR"> </a>
                  <a href="CodeSystem-ncdhc-consent-category.html#ncdhc-consent-category-NBCR">NBCR</a>
                </td>
                <td>Newborn Record Create Consent</td>
                <td>Consent for the creation of a Child Health record on the birth of a child. This will be held against the person having the parental responsibility of the child at birth, typically the mother</td>
              </tr>
              <tr>
                <td style="white-space:nowrap">
                  <a name="http---hl7.org.au-fhir-ch-v1-CodeSystem-ncdhc-consent-category-CROPT"> </a>
                  <a href="CodeSystem-ncdhc-consent-category.html#ncdhc-consent-category-CROPT">CROPT</a>
                </td>
                <td>Child Digital Health Record Operation Consent</td>
                <td>Consent for a child to have a operative child digital health record</td>
              </tr>
            </table>
          </div>
        </text>
        <url value="http://hl7.org.au/fhir/ch/v1/ValueSet/ncdhc-consent-category"/>
        <version value="1.0.0"/>
        <name value="NCDHC Consent Category Type"/>
        <title value="NCDHC Consent Category Type"/>
        <status value="draft"/>
        <date value="2019-02-24T01:00:00+11:00"/>
        <publisher value="National Children&#39;s Digital Health Collaborative (NCDHC))"/>
        <contact>
          <name value="hl7.org.au"/>
        </contact>
        <description value="NCDHC Consent Category Type"/>
        <expansion>
          <identifier value="urn:uuid:a433f091-139c-454c-a8a2-a757017e94a8"/>
          <timestamp value="2019-03-01T14:42:20+11:00"/>
          <total value="2"/>
          <parameter>
            <name value="excludeNested"/>
            <valueBoolean value="false"/>
          </parameter>
          <parameter>
            <name value="version"/>
            <valueUri value="http://hl7.org.au/fhir/ch/v1/CodeSystem/ncdhc-consent-category|1.0.0"/>
          </parameter>
          <contains>
            <system value="http://hl7.org.au/fhir/ch/v1/CodeSystem/ncdhc-consent-category"/>
            <code value="NBCR"/>
            <display value="Newborn Record Create Consent"/>
          </contains>
          <contains>
            <system value="http://hl7.org.au/fhir/ch/v1/CodeSystem/ncdhc-consent-category"/>
            <code value="CROPT"/>
            <display value="Child Digital Health Record Operation Consent"/>
          </contains>
        </expansion>
      </ValueSet>
    </resource>
  </entry>
  <entry>
    <fullUrl value="http://hl7.org.au/fhir/ch/v1/ValueSet/newborn-feeding-status"/>
    <resource>
      <ValueSet>
        <id value="newborn-feeding-status"/>
        <meta>
          <versionId value="1"/>
          <lastUpdated value="2019-01-18T10:41:00.000+11:00"/>
          <profile value="http://hl7.org/fhir/StructureDefinition/shareablevalueset"/>
        </meta>
        <text>
          <status value="generated"/>
          <div xmlns="http://www.w3.org/1999/xhtml">
            <p>This value set contains 2 concepts</p>
            <p>All codes from system 
              <a href="http://hl7.org/fhir/STU3/codesystem-snomedct.html">
                <code>http://snomed.info/sct</code>
              </a>
            </p>
            <table class="codes">
              <tr>
                <td style="white-space:nowrap">
                  <b>Code</b>
                </td>
                <td>
                  <b>Display</b>
                </td>
                <td>
                  <b>Definition</b>
                </td>
              </tr>
              <tr>
                <td style="white-space:nowrap">
                  <a name="http---snomed.info-sct-169643005"> </a>
                  <a href="http://browser.ihtsdotools.org/?perspective=full&amp;conceptId1=169643005">169643005</a>
                </td>
                <td>Feeding intention - breast</td>
                <td/>
              </tr>
              <tr>
                <td style="white-space:nowrap">
                  <a name="http---snomed.info-sct-169644004"> </a>
                  <a href="http://browser.ihtsdotools.org/?perspective=full&amp;conceptId1=169644004">169644004</a>
                </td>
                <td>Intends to bottle feed</td>
                <td/>
              </tr>
            </table>
          </div>
        </text>
        <extension url="http://hl7.org/fhir/StructureDefinition/structuredefinition-ballot-status">
          <valueString value="Informative"/>
        </extension>
        <extension url="http://hl7.org/fhir/StructureDefinition/structuredefinition-fmm">
          <valueInteger value="0"/>
        </extension>
        <url value="http://hl7.org.au/fhir/ch/v1/ValueSet/newborn-feeding-status"/>
        <version value="3.0.1"/>
        <name value="Newborn Feeding Status Type"/>
        <title value="Feeding Status Types applicable at the time of Birth"/>
        <status value="draft"/>
        <experimental value="false"/>
        <date value="2019-01-18T00:00:00+11:00"/>
        <publisher value="National Children&#39;s Digital Health Collaborative (NCDHC)"/>
        <contact>
          <telecom>
            <system value="url"/>
            <value value="http://hl7.org.au"/>
          </telecom>
        </contact>
        <description value="Feeding Status Types applicable at the time of Birth"/>
        <expansion>
          <identifier value="urn:uuid:52fa7631-78d7-465e-b0c1-a9995a28e50c"/>
          <timestamp value="2019-03-01T14:42:20+11:00"/>
          <total value="2"/>
          <parameter>
            <name value="excludeNested"/>
            <valueBoolean value="false"/>
          </parameter>
          <parameter>
            <name value="limitedExpansion"/>
            <valueString value="-1"/>
          </parameter>
          <parameter>
            <name value="version"/>
            <valueString value="http://snomed.info/sct?version=http://snomed.info/sct/20611000087101/version/20161031"/>
          </parameter>
          <contains>
            <system value="http://snomed.info/sct"/>
            <code value="169643005"/>
            <display value="Feeding intention - breast"/>
          </contains>
          <contains>
            <system value="http://snomed.info/sct"/>
            <code value="169644004"/>
            <display value="Intends to bottle feed"/>
          </contains>
        </expansion>
      </ValueSet>
    </resource>
  </entry>
  <entry>
    <fullUrl value="http://hl7.org.au/fhir/ch/v1/ValueSet/ncdhc-labour-initiation-type"/>
    <resource>
      <ValueSet>
        <id value="ncdhc-labour-initiation-type"/>
        <text>
          <status value="generated"/>
          <div xmlns="http://www.w3.org/1999/xhtml">
            <p>This value set contains 2 concepts</p>
            <p>All codes from system 
              <a href="http://hl7.org/fhir/STU3/codesystem-snomedct.html">
                <code>http://snomed.info/sct</code>
              </a>
            </p>
            <table class="codes">
              <tr>
                <td style="white-space:nowrap">
                  <b>Code</b>
                </td>
                <td>
                  <b>Display</b>
                </td>
                <td>
                  <b>Definition</b>
                </td>
              </tr>
              <tr>
                <td style="white-space:nowrap">
                  <a name="http---snomed.info-sct-112070001"> </a>
                  <a href="http://browser.ihtsdotools.org/?perspective=full&amp;conceptId1=112070001">112070001</a>
                </td>
                <td>Onset of labor induced</td>
                <td/>
              </tr>
              <tr>
                <td style="white-space:nowrap">
                  <a name="http---snomed.info-sct-84457005"> </a>
                  <a href="http://browser.ihtsdotools.org/?perspective=full&amp;conceptId1=84457005">84457005</a>
                </td>
                <td>Spontaneous onset of labor</td>
                <td/>
              </tr>
            </table>
          </div>
        </text>
        <url value="http://hl7.org.au/fhir/ch/v1/ValueSet/ncdhc-labour-initiation-type"/>
        <version value="1.0.0"/>
        <name value="Labour Initiation Type"/>
        <title value="Labour Initiation Type"/>
        <status value="draft"/>
        <date value="2019-02-24T01:00:00+11:00"/>
        <publisher value="National Children&#39;s Digital Health Collaborative (NCDHC))"/>
        <contact>
          <name value="hl7.org.au"/>
        </contact>
        <description value="Labour Initiation Type"/>
        <expansion>
          <identifier value="urn:uuid:9f250f7b-1943-49f4-a8f6-6b45f56f7bf3"/>
          <timestamp value="2019-03-01T14:42:20+11:00"/>
          <total value="2"/>
          <parameter>
            <name value="excludeNested"/>
            <valueBoolean value="false"/>
          </parameter>
          <parameter>
            <name value="limitedExpansion"/>
            <valueString value="-1"/>
          </parameter>
          <parameter>
            <name value="version"/>
            <valueString value="http://snomed.info/sct?version=http://snomed.info/sct/20611000087101/version/20161031"/>
          </parameter>
          <contains>
            <system value="http://snomed.info/sct"/>
            <code value="112070001"/>
            <display value="Onset of labor induced"/>
          </contains>
          <contains>
            <system value="http://snomed.info/sct"/>
            <code value="84457005"/>
            <display value="Spontaneous onset of labor"/>
          </contains>
        </expansion>
      </ValueSet>
    </resource>
  </entry>
  <entry>
    <fullUrl value="http://hl7.org.au/fhir/ch/v1/ValueSet/ncdhc-type-of-birth"/>
    <resource>
      <ValueSet>
        <id value="ncdhc-type-of-birth"/>
        <text>
          <status value="generated"/>
          <div xmlns="http://www.w3.org/1999/xhtml">
            <p>This value set contains 4 concepts</p>
            <p>All codes from system 
              <a href="http://hl7.org/fhir/STU3/codesystem-snomedct.html">
                <code>http://snomed.info/sct</code>
              </a>
            </p>
            <table class="codes">
              <tr>
                <td style="white-space:nowrap">
                  <b>Code</b>
                </td>
                <td>
                  <b>Display</b>
                </td>
                <td>
                  <b>Definition</b>
                </td>
              </tr>
              <tr>
                <td style="white-space:nowrap">
                  <a name="http---snomed.info-sct-289259007"> </a>
                  <a href="http://browser.ihtsdotools.org/?perspective=full&amp;conceptId1=289259007">289259007</a>
                </td>
                <td>Vaginal delivery</td>
                <td/>
              </tr>
              <tr>
                <td style="white-space:nowrap">
                  <a name="http---snomed.info-sct-200130005"> </a>
                  <a href="http://browser.ihtsdotools.org/?perspective=full&amp;conceptId1=200130005">200130005</a>
                </td>
                <td>Forceps delivery - delivered</td>
                <td/>
              </tr>
              <tr>
                <td style="white-space:nowrap">
                  <a name="http---snomed.info-sct-267278005"> </a>
                  <a href="http://browser.ihtsdotools.org/?perspective=full&amp;conceptId1=267278005">267278005</a>
                </td>
                <td>Deliveries by vacuum extractor</td>
                <td/>
              </tr>
              <tr>
                <td style="white-space:nowrap">
                  <a name="http---snomed.info-sct-271370008"> </a>
                  <a href="http://browser.ihtsdotools.org/?perspective=full&amp;conceptId1=271370008">271370008</a>
                </td>
                <td>Deliveries by breech extraction</td>
                <td/>
              </tr>
            </table>
          </div>
        </text>
        <url value="http://hl7.org.au/fhir/ch/v1/ValueSet/ncdhc-type-of-birth"/>
        <version value="1.0.0"/>
        <name value="Type of Birth"/>
        <title value="Type of Birth"/>
        <status value="draft"/>
        <date value="2019-02-24T01:00:00+11:00"/>
        <publisher value="National Children&#39;s Digital Health Collaborative (NCDHC))"/>
        <contact>
          <name value="hl7.org.au"/>
        </contact>
        <description value="Type of birth observed during the birthing procedure"/>
        <expansion>
          <identifier value="urn:uuid:1fce27ed-d36f-4af1-a2ac-45d49ff9d748"/>
          <timestamp value="2019-03-01T14:42:20+11:00"/>
          <total value="4"/>
          <parameter>
            <name value="excludeNested"/>
            <valueBoolean value="false"/>
          </parameter>
          <parameter>
            <name value="limitedExpansion"/>
            <valueString value="-1"/>
          </parameter>
          <parameter>
            <name value="version"/>
            <valueString value="http://snomed.info/sct?version=http://snomed.info/sct/20611000087101/version/20161031"/>
          </parameter>
          <contains>
            <system value="http://snomed.info/sct"/>
            <code value="289259007"/>
            <display value="Vaginal delivery"/>
          </contains>
          <contains>
            <system value="http://snomed.info/sct"/>
            <code value="200130005"/>
            <display value="Forceps delivery - delivered"/>
          </contains>
          <contains>
            <system value="http://snomed.info/sct"/>
            <code value="267278005"/>
            <display value="Deliveries by vacuum extractor"/>
          </contains>
          <contains>
            <system value="http://snomed.info/sct"/>
            <code value="271370008"/>
            <display value="Deliveries by breech extraction"/>
          </contains>
        </expansion>
      </ValueSet>
    </resource>
  </entry>
  <entry>
    <fullUrl value="http://hl7.org.au/fhir/ch/v1/ValueSet/ncdhc-vision-chart-types"/>
    <resource>
      <ValueSet>
        <id value="ncdhc-vision-chart-types"/>
        <text>
          <status value="generated"/>
          <div xmlns="http://www.w3.org/1999/xhtml">
            <p>This value set contains 4 concepts</p>
            <p>All codes from system 
              <a href="http://hl7.org/fhir/STU3/codesystem-snomedct.html">
                <code>http://snomed.info/sct</code>
              </a>
            </p>
            <table class="codes">
              <tr>
                <td style="white-space:nowrap">
                  <b>Code</b>
                </td>
                <td>
                  <b>Display</b>
                </td>
                <td>
                  <b>Definition</b>
                </td>
              </tr>
              <tr>
                <td style="white-space:nowrap">
                  <a name="http---snomed.info-sct-163936007"> </a>
                  <a href="http://browser.ihtsdotools.org/?perspective=full&amp;conceptId1=163936007">163936007</a>
                </td>
                <td>O/E - visual acuity R-eye =6/5</td>
                <td/>
              </tr>
              <tr>
                <td style="white-space:nowrap">
                  <a name="http---snomed.info-sct-163937003"> </a>
                  <a href="http://browser.ihtsdotools.org/?perspective=full&amp;conceptId1=163937003">163937003</a>
                </td>
                <td>O/E - visual acuity R-eye =6/6</td>
                <td/>
              </tr>
              <tr>
                <td style="white-space:nowrap">
                  <a name="http---snomed.info-sct-408302002"> </a>
                  <a href="http://browser.ihtsdotools.org/?perspective=full&amp;conceptId1=408302002">408302002</a>
                </td>
                <td>O/E - pinhole visual acuity left eye =6/6</td>
                <td/>
              </tr>
              <tr>
                <td style="white-space:nowrap">
                  <a name="http---snomed.info-sct-704110007"> </a>
                  <a href="http://browser.ihtsdotools.org/?perspective=full&amp;conceptId1=704110007">704110007</a>
                </td>
                <td>On examination - visual acuity left eye = 6/48</td>
                <td/>
              </tr>
            </table>
          </div>
        </text>
        <url value="http://hl7.org.au/fhir/ch/v1/ValueSet/ncdhc-vision-chart-types"/>
        <version value="1.0.0"/>
        <name value="Vision Chart Types"/>
        <title value="Vision Chart Types"/>
        <status value="draft"/>
        <date value="2019-02-24T01:00:00+11:00"/>
        <publisher value="National Children&#39;s Digital Health Collaborative (NCDHC))"/>
        <contact>
          <name value="hl7.org.au"/>
        </contact>
        <description value="Labour Initiation Type"/>
        <expansion>
          <identifier value="urn:uuid:02d9c05d-43b1-44d8-ab17-04e600c7f2d9"/>
          <timestamp value="2019-03-01T14:42:20+11:00"/>
          <total value="4"/>
          <parameter>
            <name value="excludeNested"/>
            <valueBoolean value="false"/>
          </parameter>
          <parameter>
            <name value="limitedExpansion"/>
            <valueString value="-1"/>
          </parameter>
          <parameter>
            <name value="version"/>
            <valueString value="http://snomed.info/sct?version=http://snomed.info/sct/20611000087101/version/20161031"/>
          </parameter>
          <contains>
            <system value="http://snomed.info/sct"/>
            <code value="163936007"/>
            <display value="O/E - visual acuity R-eye =6/5"/>
          </contains>
          <contains>
            <system value="http://snomed.info/sct"/>
            <code value="163937003"/>
            <display value="O/E - visual acuity R-eye =6/6"/>
          </contains>
          <contains>
            <system value="http://snomed.info/sct"/>
            <code value="408302002"/>
            <display value="O/E - pinhole visual acuity left eye =6/6"/>
          </contains>
          <contains>
            <system value="http://snomed.info/sct"/>
            <code value="704110007"/>
            <display value="On examination - visual acuity left eye = 6/48"/>
          </contains>
        </expansion>
      </ValueSet>
    </resource>
  </entry>
  <entry>
    <fullUrl value="http://hl7.org.au/fhir/ch/v1/ValueSet/ncdhc-document-type"/>
    <resource>
      <ValueSet>
        <id value="ncdhc-document-type"/>
        <text>
          <status value="generated"/>
          <div xmlns="http://www.w3.org/1999/xhtml">
            <p>This value set contains 3 concepts</p>
            <p style="border: black 1px dotted; background-color: #EEEEEE; padding: 8px">Expansion based on http://hl7.org.au/fhir/ch/v1/CodeSystem/ncdhc-document-type version 1.0.0</p>
            <p>All codes from system 
              <a href="CodeSystem-ncdhc-document-type.html">
                <code>http://hl7.org.au/fhir/ch/v1/CodeSystem/ncdhc-document-type</code>
              </a>
            </p>
            <table class="codes">
              <tr>
                <td style="white-space:nowrap">
                  <b>Code</b>
                </td>
                <td>
                  <b>Display</b>
                </td>
                <td>
                  <b>Definition</b>
                </td>
              </tr>
              <tr>
                <td style="white-space:nowrap">
                  <a name="http---hl7.org.au-fhir-ch-v1-CodeSystem-ncdhc-document-type-NBDEL"> </a>
                  <a href="CodeSystem-ncdhc-document-type.html#ncdhc-document-type-NBDEL">NBDEL</a>
                </td>
                <td>Newborn Delivery</td>
                <td>Newborn Delivery Health Interaction</td>
              </tr>
              <tr>
                <td style="white-space:nowrap">
                  <a name="http---hl7.org.au-fhir-ch-v1-CodeSystem-ncdhc-document-type-NBDSCHR"> </a>
                  <a href="CodeSystem-ncdhc-document-type.html#ncdhc-document-type-NBDSCHR">NBDSCHR</a>
                </td>
                <td>Newborn Discharge note</td>
                <td>Newborn discharge Health Interaction</td>
              </tr>
              <tr>
                <td style="white-space:nowrap">
                  <a name="http---hl7.org.au-fhir-ch-v1-CodeSystem-ncdhc-document-type-HLASS"> </a>
                  <a href="CodeSystem-ncdhc-document-type.html#ncdhc-document-type-HLASS">HLASS</a>
                </td>
                <td>Health Assessment</td>
                <td>Health Assessment details</td>
              </tr>
            </table>
          </div>
        </text>
        <url value="http://hl7.org.au/fhir/ch/v1/ValueSet/ncdhc-document-type"/>
        <version value="1.0.0"/>
        <name value="NCDHC Document Type"/>
        <title value="NCDHC Document Type"/>
        <status value="draft"/>
        <date value="2019-02-24T01:00:00+11:00"/>
        <publisher value="National Children&#39;s Digital Health Collaborative (NCDHC))"/>
        <contact>
          <name value="hl7.org.au"/>
        </contact>
        <description value="NCDHC Document Type codes"/>
        <expansion>
          <identifier value="urn:uuid:f248a827-c126-49e2-a1ed-ef6765eb7e93"/>
          <timestamp value="2019-03-01T14:42:20+11:00"/>
          <total value="3"/>
          <parameter>
            <name value="excludeNested"/>
            <valueBoolean value="false"/>
          </parameter>
          <parameter>
            <name value="version"/>
            <valueUri value="http://hl7.org.au/fhir/ch/v1/CodeSystem/ncdhc-document-type|1.0.0"/>
          </parameter>
          <contains>
            <system value="http://hl7.org.au/fhir/ch/v1/CodeSystem/ncdhc-document-type"/>
            <code value="NBDEL"/>
            <display value="Newborn Delivery"/>
          </contains>
          <contains>
            <system value="http://hl7.org.au/fhir/ch/v1/CodeSystem/ncdhc-document-type"/>
            <code value="NBDSCHR"/>
            <display value="Newborn Discharge note"/>
          </contains>
          <contains>
            <system value="http://hl7.org.au/fhir/ch/v1/CodeSystem/ncdhc-document-type"/>
            <code value="HLASS"/>
            <display value="Health Assessment"/>
          </contains>
        </expansion>
      </ValueSet>
    </resource>
  </entry>
</Bundle>