<?xml version="1.0" encoding="UTF-8"?>

<Immunization xmlns="http://hl7.org/fhir">
  <id value="241a72a8-df75-4484-ac89-ac4923f03b10"/>
  <meta>
    <versionId value="1"/>
    <lastUpdated value="2018-12-27T16:13:03Z"/>
    <profile value="http://hl7.org.au/fhir/StructureDefinition/ncdhc-immunisation"/>
  </meta>
  <text>
    <status value="generated"/><div xmlns="http://www.w3.org/1999/xhtml">
						
<p>HepB Immunoglobin</p>
					
</div>
  </text>
  <status value="completed"/>
  <notGiven value="false"/>
  <vaccineCode>
    <coding>
      <system value="http://snomed.info/sct"/>
      <code value="116802006"/>
      <display value="Intramuscular injection of Hepatitis B Virus immune globulin, human"/>
    </coding>
    <text value="HepB Immunoglobin"/>
  </vaccineCode>
  <patient>
    <reference value="https://ncdhc.health.gov.au/fhir/v1.0.0/Patient/dd78393f-37ca-4738-81d6-d9595b2e5d0f"/>
    <display value="Baby of Eve Bill"/>
  </patient>
  <date value="2018-12-27"/>
  <primarySource value="true"/>
  <practitioner>
    <role>
      <coding>
        <system value="http://hl7.org/fhir/v2/0443"/>
        <code value="AP"/>
        <display value="Administering Provider"/>
      </coding>
      <text value="Administering Provider"/>
    </role>
    <actor>
      <reference value="Practitioner/dd78393f-37ca-4738-81d6-d9595b2e5d0l"/>
      <display value="Dr Helen Mayo"/>
    </actor>
  </practitioner>
</Immunization>