<?xml version="1.0" encoding="UTF-8"?>

<ImplementationGuide xmlns="http://hl7.org/fhir">
  <id value="au-ch"/>
  <text>
    <status value="generated"/><div xmlns="http://www.w3.org/1999/xhtml"><h2>Child Health Implementation Guide</h2><p>The official URL for this implementation guide is: </p><pre>http://hl7.org.au/fhir/ch/ImplementationGuide/au-ch</pre></div>
  </text>
  <url value="http://hl7.org.au/fhir/ch/ImplementationGuide/au-ch"/>
  <version value="0.9.0"/>
  <name value="Child Health Implementation Guide"/>
  <status value="draft"/>
  <experimental value="true"/>
  <date value="2018-08-06T00:00:00+10:00"/>
  <publisher value="HL7 Australia"/>
  <contact>
    <name value="HL7 Australia Child Health Working Group"/>
    <telecom>
      <system value="url"/>
      <value value="https://confluence.hl7australia.com/display/CHWG/Child+Health+Working+Group"/>
      <use value="work"/>
    </telecom>
  </contact>
  <fhirVersion value="3.0.1"/>
  <package id="p1">
    <name value="base"/>
    <description value="Guidance on the implementation of child health related content using FHIR in an Australian usage context"/>
    <resource>
      <extension url="http://hl7.org/fhir/StructureDefinition/implementationguide-page">
        <valueUri value="StructureDefinition-ncdhc-observation-estimated-gestation.html"/>
      </extension>
      <example value="false"/>
      <sourceReference>
        <reference value="StructureDefinition/ncdhc-observation-estimated-gestation"/>
      </sourceReference>
    </resource>
    <resource>
      <extension url="http://hl7.org/fhir/StructureDefinition/implementationguide-page">
        <valueUri value="StructureDefinition-ncdhc-composition-birth.html"/>
      </extension>
      <example value="false"/>
      <sourceReference>
        <reference value="StructureDefinition/ncdhc-composition-birth"/>
      </sourceReference>
    </resource>
    <resource>
      <extension url="http://hl7.org/fhir/StructureDefinition/implementationguide-page">
        <valueUri value="StructureDefinition-ncdhc-observation-birth-complication.html"/>
      </extension>
      <example value="false"/>
      <sourceReference>
        <reference value="StructureDefinition/ncdhc-observation-birth-complication"/>
      </sourceReference>
    </resource>
    <resource>
      <extension url="http://hl7.org/fhir/StructureDefinition/implementationguide-page">
        <valueUri value="StructureDefinition-ncdhc-observation-pregnancy-complication.html"/>
      </extension>
      <example value="false"/>
      <sourceReference>
        <reference value="StructureDefinition/ncdhc-observation-pregnancy-complication"/>
      </sourceReference>
    </resource>
    <resource>
      <extension url="http://hl7.org/fhir/StructureDefinition/implementationguide-page">
        <valueUri value="StructureDefinition-ncdhc-observation-method-of-delivery.html"/>
      </extension>
      <example value="false"/>
      <sourceReference>
        <reference value="StructureDefinition/ncdhc-observation-method-of-delivery"/>
      </sourceReference>
    </resource>
    <resource>
      <extension url="http://hl7.org/fhir/StructureDefinition/implementationguide-page">
        <valueUri value="StructureDefinition-ncdhc-observation-apgar-score.html"/>
      </extension>
      <example value="false"/>
      <sourceReference>
        <reference value="StructureDefinition/ncdhc-observation-apgar-score"/>
      </sourceReference>
    </resource>
    <resource>
      <extension url="http://hl7.org/fhir/StructureDefinition/implementationguide-page">
        <valueUri value="StructureDefinition-ncdhc-observation-labour-induced.html"/>
      </extension>
      <example value="false"/>
      <sourceReference>
        <reference value="StructureDefinition/ncdhc-observation-labour-induced"/>
      </sourceReference>
    </resource>
    <resource>
      <extension url="http://hl7.org/fhir/StructureDefinition/implementationguide-page">
        <valueUri value="StructureDefinition-ncdhc-observation-birth-abnormalities.html"/>
      </extension>
      <example value="false"/>
      <sourceReference>
        <reference value="StructureDefinition/ncdhc-observation-birth-abnormalities"/>
      </sourceReference>
    </resource>
    <resource>
      <extension url="http://hl7.org/fhir/StructureDefinition/implementationguide-page">
        <valueUri value="StructureDefinition-ncdhc-observation-birth-weigth.html"/>
      </extension>
      <example value="false"/>
      <sourceReference>
        <reference value="StructureDefinition/ncdhc-observation-birth-weigth"/>
      </sourceReference>
    </resource>
    <resource>
      <extension url="http://hl7.org/fhir/StructureDefinition/implementationguide-page">
        <valueUri value="StructureDefinition-ncdhc-observation-birth-length.html"/>
      </extension>
      <example value="false"/>
      <sourceReference>
        <reference value="StructureDefinition/ncdhc-observation-birth-length"/>
      </sourceReference>
    </resource>
    <resource>
      <extension url="http://hl7.org/fhir/StructureDefinition/implementationguide-page">
        <valueUri value="StructureDefinition-ncdhc-observation-birth-head-circumference.html"/>
      </extension>
      <example value="false"/>
      <sourceReference>
        <reference value="StructureDefinition/ncdhc-observation-birth-head-circumference"/>
      </sourceReference>
    </resource>
    <resource>
      <extension url="http://hl7.org/fhir/StructureDefinition/implementationguide-page">
        <valueUri value="StructureDefinition-ncdhc-medicationstatement-vitamink.html"/>
      </extension>
      <example value="false"/>
      <sourceReference>
        <reference value="StructureDefinition/ncdhc-medicationstatement-vitamink"/>
      </sourceReference>
    </resource>
    <resource>
      <extension url="http://hl7.org/fhir/StructureDefinition/implementationguide-page">
        <valueUri value="StructureDefinition-ncdhc-immunization.html"/>
      </extension>
      <example value="false"/>
      <sourceReference>
        <reference value="StructureDefinition/ncdhc-immunization"/>
      </sourceReference>
    </resource>
    <resource>
      <extension url="http://hl7.org/fhir/StructureDefinition/implementationguide-page">
        <valueUri value="ValueSet-apgar-score-type.html"/>
      </extension>
      <example value="false"/>
      <sourceReference>
        <reference value="ValueSet/apgar-score-type"/>
      </sourceReference>
    </resource>
    <resource>
      <extension url="http://hl7.org/fhir/StructureDefinition/implementationguide-page">
        <valueUri value="ValueSet-apgar-score-type-snomedct.html"/>
      </extension>
      <example value="false"/>
      <sourceReference>
        <reference value="ValueSet/apgar-score-type-snomedct"/>
      </sourceReference>
    </resource>
    <resource>
      <extension url="http://hl7.org/fhir/StructureDefinition/implementationguide-page">
        <valueUri value="ValueSet-apgar-reflex-irritability.html"/>
      </extension>
      <example value="false"/>
      <sourceReference>
        <reference value="ValueSet/apgar-reflex-irritability"/>
      </sourceReference>
    </resource>
    <resource>
      <extension url="http://hl7.org/fhir/StructureDefinition/implementationguide-page">
        <valueUri value="ValueSet-apgar-respiratory-effort.html"/>
      </extension>
      <example value="false"/>
      <sourceReference>
        <reference value="ValueSet/apgar-respiratory-effort"/>
      </sourceReference>
    </resource>
    <resource>
      <extension url="http://hl7.org/fhir/StructureDefinition/implementationguide-page">
        <valueUri value="ValueSet-apgar-heart-rate.html"/>
      </extension>
      <example value="false"/>
      <sourceReference>
        <reference value="ValueSet/apgar-heart-rate"/>
      </sourceReference>
    </resource>
    <resource>
      <extension url="http://hl7.org/fhir/StructureDefinition/implementationguide-page">
        <valueUri value="ValueSet-apgar-colour.html"/>
      </extension>
      <example value="false"/>
      <sourceReference>
        <reference value="ValueSet/apgar-colour"/>
      </sourceReference>
    </resource>
    <resource>
      <extension url="http://hl7.org/fhir/StructureDefinition/implementationguide-page">
        <valueUri value="ValueSet-apgar-muscle-tone.html"/>
      </extension>
      <example value="false"/>
      <sourceReference>
        <reference value="ValueSet/apgar-muscle-tone"/>
      </sourceReference>
    </resource>
    <resource>
      <extension url="http://hl7.org/fhir/StructureDefinition/implementationguide-page">
        <valueUri value="ValueSet-apgar-reflex-irritability-finding.html"/>
      </extension>
      <example value="false"/>
      <sourceReference>
        <reference value="ValueSet/apgar-reflex-irritability-finding"/>
      </sourceReference>
    </resource>
    <resource>
      <extension url="http://hl7.org/fhir/StructureDefinition/implementationguide-page">
        <valueUri value="ValueSet-apgar-respiratory-effort-finding.html"/>
      </extension>
      <example value="false"/>
      <sourceReference>
        <reference value="ValueSet/apgar-respiratory-effort-finding"/>
      </sourceReference>
    </resource>
    <resource>
      <extension url="http://hl7.org/fhir/StructureDefinition/implementationguide-page">
        <valueUri value="ValueSet-apgar-heart-rate-finding.html"/>
      </extension>
      <example value="false"/>
      <sourceReference>
        <reference value="ValueSet/apgar-heart-rate-finding"/>
      </sourceReference>
    </resource>
    <resource>
      <extension url="http://hl7.org/fhir/StructureDefinition/implementationguide-page">
        <valueUri value="ValueSet-apgar-colour-finding.html"/>
      </extension>
      <example value="false"/>
      <sourceReference>
        <reference value="ValueSet/apgar-colour-finding"/>
      </sourceReference>
    </resource>
    <resource>
      <extension url="http://hl7.org/fhir/StructureDefinition/implementationguide-page">
        <valueUri value="ValueSet-apgar-muscle-tone-finding.html"/>
      </extension>
      <example value="false"/>
      <sourceReference>
        <reference value="ValueSet/apgar-muscle-tone-finding"/>
      </sourceReference>
    </resource>
    <resource>
      <extension url="http://hl7.org/fhir/StructureDefinition/implementationguide-page">
        <valueUri value="Observation-lengthOfGestation.html"/>
      </extension>
      <example value="true"/>
      <sourceReference>
        <reference value="Observation/541a72a8-df75-4484-ac89-ac4923f03b81"/>
      </sourceReference>
    </resource>
    <resource>
      <extension url="http://hl7.org/fhir/StructureDefinition/implementationguide-page">
        <valueUri value="Observation-birthAbnormalities.html"/>
      </extension>
      <example value="true"/>
      <sourceReference>
        <reference value="Observation/541a72a8-df75-4484-ac89-ac4923f03b82"/>
      </sourceReference>
    </resource>
    <resource>
      <extension url="http://hl7.org/fhir/StructureDefinition/implementationguide-page">
        <valueUri value="Observation-labour-induced.html"/>
      </extension>
      <example value="true"/>
      <sourceReference>
        <reference value="Observation/541a72a8-df75-4484-ac89-ac4923f03b61"/>
      </sourceReference>
    </resource>
    <resource>
      <extension url="http://hl7.org/fhir/StructureDefinition/implementationguide-page">
        <valueUri value="Observation-method-of-delivery.html"/>
      </extension>
      <example value="true"/>
      <sourceReference>
        <reference value="Observation/541a72a8-df75-4484-ac89-ac4923f03b62"/>
      </sourceReference>
    </resource>
    <resource>
      <extension url="http://hl7.org/fhir/StructureDefinition/implementationguide-page">
        <valueUri value="Observation-birth-weigth.html"/>
      </extension>
      <example value="true"/>
      <sourceReference>
        <reference value="Observation/541a72a8-df75-4484-ac89-ac4923f03b41"/>
      </sourceReference>
    </resource>
    <resource>
      <extension url="http://hl7.org/fhir/StructureDefinition/implementationguide-page">
        <valueUri value="Observation-birth-length.html"/>
      </extension>
      <example value="true"/>
      <sourceReference>
        <reference value="Observation/541a72a8-df75-4484-ac89-ac4923f03b42"/>
      </sourceReference>
    </resource>
    <resource>
      <extension url="http://hl7.org/fhir/StructureDefinition/implementationguide-page">
        <valueUri value="Observation-head-circumference.html"/>
      </extension>
      <example value="true"/>
      <sourceReference>
        <reference value="Observation/541a72a8-df75-4484-ac89-ac4923f03b43"/>
      </sourceReference>
    </resource>
    <resource>
      <extension url="http://hl7.org/fhir/StructureDefinition/implementationguide-page">
        <valueUri value="Observation-pregnancy-complications.html"/>
      </extension>
      <example value="true"/>
      <sourceReference>
        <reference value="Observation/541a72a8-df75-4484-ac89-ac4923f03b51"/>
      </sourceReference>
    </resource>
    <resource>
      <extension url="http://hl7.org/fhir/StructureDefinition/implementationguide-page">
        <valueUri value="Observation-birth-complications.html"/>
      </extension>
      <example value="true"/>
      <sourceReference>
        <reference value="Observation/541a72a8-df75-4484-ac89-ac4923f03b52"/>
      </sourceReference>
    </resource>
    <resource>
      <extension url="http://hl7.org/fhir/StructureDefinition/implementationguide-page">
        <valueUri value="MedicationStatement-vitamink1.html"/>
      </extension>
      <example value="true"/>
      <sourceReference>
        <reference value="MedicationStatement/141a72a8-df75-4484-ac89-ac4923f03b10"/>
      </sourceReference>
    </resource>
    <resource>
      <extension url="http://hl7.org/fhir/StructureDefinition/implementationguide-page">
        <valueUri value="MedicationStatement-vitamink2.html"/>
      </extension>
      <example value="true"/>
      <sourceReference>
        <reference value="MedicationStatement/141a72a8-df75-4484-ac89-ac4923f03b11"/>
      </sourceReference>
    </resource>
    <resource>
      <extension url="http://hl7.org/fhir/StructureDefinition/implementationguide-page">
        <valueUri value="MedicationStatement-vitamink3.html"/>
      </extension>
      <example value="true"/>
      <sourceReference>
        <reference value="MedicationStatement/141a72a8-df75-4484-ac89-ac4923f03b12"/>
      </sourceReference>
    </resource>
    <resource>
      <extension url="http://hl7.org/fhir/StructureDefinition/implementationguide-page">
        <valueUri value="Immunization-hepb-immunoglobin.html"/>
      </extension>
      <example value="true"/>
      <sourceReference>
        <reference value="Immunization/241a72a8-df75-4484-ac89-ac4923f03b10"/>
      </sourceReference>
    </resource>
    <resource>
      <extension url="http://hl7.org/fhir/StructureDefinition/implementationguide-page">
        <valueUri value="Immunization-hepb-immunisation.html"/>
      </extension>
      <example value="true"/>
      <sourceReference>
        <reference value="Immunization/241a72a8-df75-4484-ac89-ac4923f03b11"/>
      </sourceReference>
    </resource>
    <resource>
      <extension url="http://hl7.org/fhir/StructureDefinition/implementationguide-page">
        <valueUri value="CapabilityStatement-ncdhc-metadata.html"/>
      </extension>
      <example value="false"/>
      <sourceReference>
        <reference value="CapabilityStatement/ncdhc-metadata"/>
      </sourceReference>
    </resource>
  </package>
  <page>
    <source value="index.html"/>
    <title value="National Child Digital Health Implementation Guide"/>
    <kind value="page"/>
  </page>
</ImplementationGuide>