{
  "resourceType": "ImplementationGuide",
  "id": "au-ch",
  "text": {
    "status": "generated",
    "div": "<div xmlns=\"http://www.w3.org/1999/xhtml\"><h2>Child Health Implementation Guide</h2><p>The official URL for this implementation guide is: </p><pre>http://hl7.org.au/fhir/ch/ImplementationGuide/au-ch</pre></div>"
  },
  "url": "http://hl7.org.au/fhir/ch/ImplementationGuide/au-ch",
  "version": "0.9.0",
  "name": "Child Health Implementation Guide",
  "status": "draft",
  "experimental": true,
  "date": "2018-08-06T00:00:00+10:00",
  "publisher": "HL7 Australia",
  "contact": [
    {
      "name": "HL7 Australia Child Health Working Group",
      "telecom": [
        {
          "system": "url",
          "value": "https://confluence.hl7australia.com/display/CHWG/Child+Health+Working+Group",
          "use": "work"
        }
      ]
    }
  ],
  "fhirVersion": "3.0.1",
  "package": [
    {
      "id": "p1",
      "name": "base",
      "description": "Guidance on the implementation of child health related content using FHIR in an Australian usage context",
      "resource": [
        {
          "extension": [
            {
              "url": "http://hl7.org/fhir/StructureDefinition/implementationguide-page",
              "valueUri": "StructureDefinition-ncdhc-observation-estimated-gestation.html"
            }
          ],
          "example": false,
          "sourceReference": {
            "reference": "StructureDefinition/ncdhc-observation-estimated-gestation"
          }
        },
        {
          "extension": [
            {
              "url": "http://hl7.org/fhir/StructureDefinition/implementationguide-page",
              "valueUri": "StructureDefinition-ncdhc-composition-birth.html"
            }
          ],
          "example": false,
          "sourceReference": {
            "reference": "StructureDefinition/ncdhc-composition-birth"
          }
        },
        {
          "extension": [
            {
              "url": "http://hl7.org/fhir/StructureDefinition/implementationguide-page",
              "valueUri": "StructureDefinition-ncdhc-observation-birth-complication.html"
            }
          ],
          "example": false,
          "sourceReference": {
            "reference": "StructureDefinition/ncdhc-observation-birth-complication"
          }
        },
        {
          "extension": [
            {
              "url": "http://hl7.org/fhir/StructureDefinition/implementationguide-page",
              "valueUri": "StructureDefinition-ncdhc-observation-pregnancy-complication.html"
            }
          ],
          "example": false,
          "sourceReference": {
            "reference": "StructureDefinition/ncdhc-observation-pregnancy-complication"
          }
        },
        {
          "extension": [
            {
              "url": "http://hl7.org/fhir/StructureDefinition/implementationguide-page",
              "valueUri": "StructureDefinition-ncdhc-observation-method-of-delivery.html"
            }
          ],
          "example": false,
          "sourceReference": {
            "reference": "StructureDefinition/ncdhc-observation-method-of-delivery"
          }
        },
        {
          "extension": [
            {
              "url": "http://hl7.org/fhir/StructureDefinition/implementationguide-page",
              "valueUri": "StructureDefinition-ncdhc-observation-apgar-score.html"
            }
          ],
          "example": false,
          "sourceReference": {
            "reference": "StructureDefinition/ncdhc-observation-apgar-score"
          }
        },
        {
          "extension": [
            {
              "url": "http://hl7.org/fhir/StructureDefinition/implementationguide-page",
              "valueUri": "StructureDefinition-ncdhc-observation-labour-induced.html"
            }
          ],
          "example": false,
          "sourceReference": {
            "reference": "StructureDefinition/ncdhc-observation-labour-induced"
          }
        },
        {
          "extension": [
            {
              "url": "http://hl7.org/fhir/StructureDefinition/implementationguide-page",
              "valueUri": "StructureDefinition-ncdhc-observation-birth-abnormalities.html"
            }
          ],
          "example": false,
          "sourceReference": {
            "reference": "StructureDefinition/ncdhc-observation-birth-abnormalities"
          }
        },
        {
          "extension": [
            {
              "url": "http://hl7.org/fhir/StructureDefinition/implementationguide-page",
              "valueUri": "StructureDefinition-ncdhc-observation-birth-weigth.html"
            }
          ],
          "example": false,
          "sourceReference": {
            "reference": "StructureDefinition/ncdhc-observation-birth-weigth"
          }
        },
        {
          "extension": [
            {
              "url": "http://hl7.org/fhir/StructureDefinition/implementationguide-page",
              "valueUri": "StructureDefinition-ncdhc-observation-birth-length.html"
            }
          ],
          "example": false,
          "sourceReference": {
            "reference": "StructureDefinition/ncdhc-observation-birth-length"
          }
        },
        {
          "extension": [
            {
              "url": "http://hl7.org/fhir/StructureDefinition/implementationguide-page",
              "valueUri": "StructureDefinition-ncdhc-observation-birth-head-circumference.html"
            }
          ],
          "example": false,
          "sourceReference": {
            "reference": "StructureDefinition/ncdhc-observation-birth-head-circumference"
          }
        },
        {
          "extension": [
            {
              "url": "http://hl7.org/fhir/StructureDefinition/implementationguide-page",
              "valueUri": "StructureDefinition-ncdhc-medicationstatement-vitamink.html"
            }
          ],
          "example": false,
          "sourceReference": {
            "reference": "StructureDefinition/ncdhc-medicationstatement-vitamink"
          }
        },
        {
          "extension": [
            {
              "url": "http://hl7.org/fhir/StructureDefinition/implementationguide-page",
              "valueUri": "StructureDefinition-ncdhc-immunization.html"
            }
          ],
          "example": false,
          "sourceReference": {
            "reference": "StructureDefinition/ncdhc-immunization"
          }
        },
        {
          "extension": [
            {
              "url": "http://hl7.org/fhir/StructureDefinition/implementationguide-page",
              "valueUri": "ValueSet-apgar-score-type.html"
            }
          ],
          "example": false,
          "sourceReference": {
            "reference": "ValueSet/apgar-score-type"
          }
        },
        {
          "extension": [
            {
              "url": "http://hl7.org/fhir/StructureDefinition/implementationguide-page",
              "valueUri": "ValueSet-apgar-score-type-snomedct.html"
            }
          ],
          "example": false,
          "sourceReference": {
            "reference": "ValueSet/apgar-score-type-snomedct"
          }
        },
        {
          "extension": [
            {
              "url": "http://hl7.org/fhir/StructureDefinition/implementationguide-page",
              "valueUri": "ValueSet-apgar-reflex-irritability.html"
            }
          ],
          "example": false,
          "sourceReference": {
            "reference": "ValueSet/apgar-reflex-irritability"
          }
        },
        {
          "extension": [
            {
              "url": "http://hl7.org/fhir/StructureDefinition/implementationguide-page",
              "valueUri": "ValueSet-apgar-respiratory-effort.html"
            }
          ],
          "example": false,
          "sourceReference": {
            "reference": "ValueSet/apgar-respiratory-effort"
          }
        },
        {
          "extension": [
            {
              "url": "http://hl7.org/fhir/StructureDefinition/implementationguide-page",
              "valueUri": "ValueSet-apgar-heart-rate.html"
            }
          ],
          "example": false,
          "sourceReference": {
            "reference": "ValueSet/apgar-heart-rate"
          }
        },
        {
          "extension": [
            {
              "url": "http://hl7.org/fhir/StructureDefinition/implementationguide-page",
              "valueUri": "ValueSet-apgar-colour.html"
            }
          ],
          "example": false,
          "sourceReference": {
            "reference": "ValueSet/apgar-colour"
          }
        },
        {
          "extension": [
            {
              "url": "http://hl7.org/fhir/StructureDefinition/implementationguide-page",
              "valueUri": "ValueSet-apgar-muscle-tone.html"
            }
          ],
          "example": false,
          "sourceReference": {
            "reference": "ValueSet/apgar-muscle-tone"
          }
        },
        {
          "extension": [
            {
              "url": "http://hl7.org/fhir/StructureDefinition/implementationguide-page",
              "valueUri": "ValueSet-apgar-reflex-irritability-finding.html"
            }
          ],
          "example": false,
          "sourceReference": {
            "reference": "ValueSet/apgar-reflex-irritability-finding"
          }
        },
        {
          "extension": [
            {
              "url": "http://hl7.org/fhir/StructureDefinition/implementationguide-page",
              "valueUri": "ValueSet-apgar-respiratory-effort-finding.html"
            }
          ],
          "example": false,
          "sourceReference": {
            "reference": "ValueSet/apgar-respiratory-effort-finding"
          }
        },
        {
          "extension": [
            {
              "url": "http://hl7.org/fhir/StructureDefinition/implementationguide-page",
              "valueUri": "ValueSet-apgar-heart-rate-finding.html"
            }
          ],
          "example": false,
          "sourceReference": {
            "reference": "ValueSet/apgar-heart-rate-finding"
          }
        },
        {
          "extension": [
            {
              "url": "http://hl7.org/fhir/StructureDefinition/implementationguide-page",
              "valueUri": "ValueSet-apgar-colour-finding.html"
            }
          ],
          "example": false,
          "sourceReference": {
            "reference": "ValueSet/apgar-colour-finding"
          }
        },
        {
          "extension": [
            {
              "url": "http://hl7.org/fhir/StructureDefinition/implementationguide-page",
              "valueUri": "ValueSet-apgar-muscle-tone-finding.html"
            }
          ],
          "example": false,
          "sourceReference": {
            "reference": "ValueSet/apgar-muscle-tone-finding"
          }
        },
        {
          "extension": [
            {
              "url": "http://hl7.org/fhir/StructureDefinition/implementationguide-page",
              "valueUri": "Observation-lengthOfGestation.html"
            }
          ],
          "example": true,
          "sourceReference": {
            "reference": "Observation/541a72a8-df75-4484-ac89-ac4923f03b81"
          }
        },
        {
          "extension": [
            {
              "url": "http://hl7.org/fhir/StructureDefinition/implementationguide-page",
              "valueUri": "Observation-birthAbnormalities.html"
            }
          ],
          "example": true,
          "sourceReference": {
            "reference": "Observation/541a72a8-df75-4484-ac89-ac4923f03b82"
          }
        },
        {
          "extension": [
            {
              "url": "http://hl7.org/fhir/StructureDefinition/implementationguide-page",
              "valueUri": "Observation-labour-induced.html"
            }
          ],
          "example": true,
          "sourceReference": {
            "reference": "Observation/541a72a8-df75-4484-ac89-ac4923f03b61"
          }
        },
        {
          "extension": [
            {
              "url": "http://hl7.org/fhir/StructureDefinition/implementationguide-page",
              "valueUri": "Observation-method-of-delivery.html"
            }
          ],
          "example": true,
          "sourceReference": {
            "reference": "Observation/541a72a8-df75-4484-ac89-ac4923f03b62"
          }
        },
        {
          "extension": [
            {
              "url": "http://hl7.org/fhir/StructureDefinition/implementationguide-page",
              "valueUri": "Observation-birth-weigth.html"
            }
          ],
          "example": true,
          "sourceReference": {
            "reference": "Observation/541a72a8-df75-4484-ac89-ac4923f03b41"
          }
        },
        {
          "extension": [
            {
              "url": "http://hl7.org/fhir/StructureDefinition/implementationguide-page",
              "valueUri": "Observation-birth-length.html"
            }
          ],
          "example": true,
          "sourceReference": {
            "reference": "Observation/541a72a8-df75-4484-ac89-ac4923f03b42"
          }
        },
        {
          "extension": [
            {
              "url": "http://hl7.org/fhir/StructureDefinition/implementationguide-page",
              "valueUri": "Observation-head-circumference.html"
            }
          ],
          "example": true,
          "sourceReference": {
            "reference": "Observation/541a72a8-df75-4484-ac89-ac4923f03b43"
          }
        },
        {
          "extension": [
            {
              "url": "http://hl7.org/fhir/StructureDefinition/implementationguide-page",
              "valueUri": "Observation-pregnancy-complications.html"
            }
          ],
          "example": true,
          "sourceReference": {
            "reference": "Observation/541a72a8-df75-4484-ac89-ac4923f03b51"
          }
        },
        {
          "extension": [
            {
              "url": "http://hl7.org/fhir/StructureDefinition/implementationguide-page",
              "valueUri": "Observation-birth-complications.html"
            }
          ],
          "example": true,
          "sourceReference": {
            "reference": "Observation/541a72a8-df75-4484-ac89-ac4923f03b52"
          }
        },
        {
          "extension": [
            {
              "url": "http://hl7.org/fhir/StructureDefinition/implementationguide-page",
              "valueUri": "MedicationStatement-vitamink1.html"
            }
          ],
          "example": true,
          "sourceReference": {
            "reference": "MedicationStatement/141a72a8-df75-4484-ac89-ac4923f03b10"
          }
        },
        {
          "extension": [
            {
              "url": "http://hl7.org/fhir/StructureDefinition/implementationguide-page",
              "valueUri": "MedicationStatement-vitamink2.html"
            }
          ],
          "example": true,
          "sourceReference": {
            "reference": "MedicationStatement/141a72a8-df75-4484-ac89-ac4923f03b11"
          }
        },
        {
          "extension": [
            {
              "url": "http://hl7.org/fhir/StructureDefinition/implementationguide-page",
              "valueUri": "MedicationStatement-vitamink3.html"
            }
          ],
          "example": true,
          "sourceReference": {
            "reference": "MedicationStatement/141a72a8-df75-4484-ac89-ac4923f03b12"
          }
        },
        {
          "extension": [
            {
              "url": "http://hl7.org/fhir/StructureDefinition/implementationguide-page",
              "valueUri": "Immunization-hepb-immunoglobin.html"
            }
          ],
          "example": true,
          "sourceReference": {
            "reference": "Immunization/241a72a8-df75-4484-ac89-ac4923f03b10"
          }
        },
        {
          "extension": [
            {
              "url": "http://hl7.org/fhir/StructureDefinition/implementationguide-page",
              "valueUri": "Immunization-hepb-immunisation.html"
            }
          ],
          "example": true,
          "sourceReference": {
            "reference": "Immunization/241a72a8-df75-4484-ac89-ac4923f03b11"
          }
        },
        {
          "extension": [
            {
              "url": "http://hl7.org/fhir/StructureDefinition/implementationguide-page",
              "valueUri": "CapabilityStatement-ncdhc-metadata.html"
            }
          ],
          "example": false,
          "sourceReference": {
            "reference": "CapabilityStatement/ncdhc-metadata"
          }
        }
      ]
    }
  ],
  "page": {
    "source": "index.html",
    "title": "National Child Digital Health Implementation Guide",
    "kind": "page"
  }
}