<?xml version="1.0" encoding="UTF-8"?>

<ImplementationGuide xmlns="http://hl7.org/fhir">
  <id value="au-ch"/>
  <text>
    <status value="generated"/><div xmlns="http://www.w3.org/1999/xhtml"><h2>Child Health Implementation Guide</h2><p>The official URL for this implementation guide is: </p><pre>http://hl7.org.au/fhir/ch/v1/ImplementationGuide/au-ch</pre></div>
  </text>
  <url value="http://hl7.org.au/fhir/ch/v1/ImplementationGuide/au-ch"/>
  <version value="v1"/>
  <name value="Child Health Implementation Guide"/>
  <status value="draft"/>
  <experimental value="true"/>
  <date value="2018-08-06T00:00:00+10:00"/>
  <publisher value="National Children&#39;s Digital Health Collaborative (NCDHC)"/>
  <contact>
    <name value="HL7 Australia Child Health Working Group"/>
    <telecom>
      <system value="url"/>
      <value value="https://confluence.hl7australia.com/display/CHWG/Child+Health+Working+Group"/>
      <use value="work"/>
    </telecom>
  </contact>
  <fhirVersion value="3.0.1"/>
  <package id="p1">
    <name value="base"/>
    <description value="Guidance on the implementation of child health related content using FHIR in an Australian usage context"/>
    <resource>
      <extension url="http://hl7.org/fhir/StructureDefinition/implementationguide-page">
        <valueUri value="StructureDefinition-ncdhc-composition-base.html"/>
      </extension>
      <example value="false"/>
      <sourceReference>
        <reference value="StructureDefinition/ncdhc-composition-base"/>
      </sourceReference>
    </resource>
    <resource>
      <extension url="http://hl7.org/fhir/StructureDefinition/implementationguide-page">
        <valueUri value="StructureDefinition-ncdhc-observation-base.html"/>
      </extension>
      <example value="false"/>
      <sourceReference>
        <reference value="StructureDefinition/ncdhc-observation-base"/>
      </sourceReference>
    </resource>
    <resource>
      <extension url="http://hl7.org/fhir/StructureDefinition/implementationguide-page">
        <valueUri value="StructureDefinition-ncdhc-patient.html"/>
      </extension>
      <example value="false"/>
      <sourceReference>
        <reference value="StructureDefinition/ncdhc-patient"/>
      </sourceReference>
    </resource>
    <resource>
      <extension url="http://hl7.org/fhir/StructureDefinition/implementationguide-page">
        <valueUri value="StructureDefinition-ncdhc-observation-estimated-gestation.html"/>
      </extension>
      <example value="false"/>
      <sourceReference>
        <reference value="StructureDefinition/ncdhc-observation-estimated-gestation"/>
      </sourceReference>
    </resource>
    <resource>
      <extension url="http://hl7.org/fhir/StructureDefinition/implementationguide-page">
        <valueUri value="StructureDefinition-ncdhc-composition-birth.html"/>
      </extension>
      <example value="false"/>
      <sourceReference>
        <reference value="StructureDefinition/ncdhc-composition-birth"/>
      </sourceReference>
    </resource>
    <resource>
      <extension url="http://hl7.org/fhir/StructureDefinition/implementationguide-page">
        <valueUri value="StructureDefinition-ncdhc-encounter-discharge-details.html"/>
      </extension>
      <example value="false"/>
      <sourceReference>
        <reference value="StructureDefinition/ncdhc-encounter-discharge-details"/>
      </sourceReference>
    </resource>
    <resource>
      <extension url="http://hl7.org/fhir/StructureDefinition/implementationguide-page">
        <valueUri value="StructureDefinition-ncdhc-composition-discharge.html"/>
      </extension>
      <example value="false"/>
      <sourceReference>
        <reference value="StructureDefinition/ncdhc-composition-discharge"/>
      </sourceReference>
    </resource>
    <resource>
      <extension url="http://hl7.org/fhir/StructureDefinition/implementationguide-page">
        <valueUri value="StructureDefinition-ncdhc-observation-feeding-status.html"/>
      </extension>
      <example value="false"/>
      <sourceReference>
        <reference value="StructureDefinition/ncdhc-observation-feeding-status"/>
      </sourceReference>
    </resource>
    <resource>
      <extension url="http://hl7.org/fhir/StructureDefinition/implementationguide-page">
        <valueUri value="StructureDefinition-ncdhc-observation-birth-complication.html"/>
      </extension>
      <example value="false"/>
      <sourceReference>
        <reference value="StructureDefinition/ncdhc-observation-birth-complication"/>
      </sourceReference>
    </resource>
    <resource>
      <extension url="http://hl7.org/fhir/StructureDefinition/implementationguide-page">
        <valueUri value="StructureDefinition-ncdhc-observation-pregnancy-complication.html"/>
      </extension>
      <example value="false"/>
      <sourceReference>
        <reference value="StructureDefinition/ncdhc-observation-pregnancy-complication"/>
      </sourceReference>
    </resource>
    <resource>
      <extension url="http://hl7.org/fhir/StructureDefinition/implementationguide-page">
        <valueUri value="StructureDefinition-ncdhc-observation-method-of-delivery.html"/>
      </extension>
      <example value="false"/>
      <sourceReference>
        <reference value="StructureDefinition/ncdhc-observation-method-of-delivery"/>
      </sourceReference>
    </resource>
    <resource>
      <extension url="http://hl7.org/fhir/StructureDefinition/implementationguide-page">
        <valueUri value="StructureDefinition-ncdhc-observation-apgar-score.html"/>
      </extension>
      <example value="false"/>
      <sourceReference>
        <reference value="StructureDefinition/ncdhc-observation-apgar-score"/>
      </sourceReference>
    </resource>
    <resource>
      <extension url="http://hl7.org/fhir/StructureDefinition/implementationguide-page">
        <valueUri value="StructureDefinition-ncdhc-observation-labour-induced.html"/>
      </extension>
      <example value="false"/>
      <sourceReference>
        <reference value="StructureDefinition/ncdhc-observation-labour-induced"/>
      </sourceReference>
    </resource>
    <resource>
      <extension url="http://hl7.org/fhir/StructureDefinition/implementationguide-page">
        <valueUri value="StructureDefinition-ncdhc-observation-birth-abnormalities.html"/>
      </extension>
      <example value="false"/>
      <sourceReference>
        <reference value="StructureDefinition/ncdhc-observation-birth-abnormalities"/>
      </sourceReference>
    </resource>
    <resource>
      <extension url="http://hl7.org/fhir/StructureDefinition/implementationguide-page">
        <valueUri value="StructureDefinition-ncdhc-observation-vitalsign-bodyweight.html"/>
      </extension>
      <example value="false"/>
      <sourceReference>
        <reference value="StructureDefinition/ncdhc-observation-vitalsign-bodyweight"/>
      </sourceReference>
    </resource>
    <resource>
      <extension url="http://hl7.org/fhir/StructureDefinition/implementationguide-page">
        <valueUri value="StructureDefinition-ncdhc-observation-vitalsign-bodyheight.html"/>
      </extension>
      <example value="false"/>
      <sourceReference>
        <reference value="StructureDefinition/ncdhc-observation-vitalsign-bodyheight"/>
      </sourceReference>
    </resource>
    <resource>
      <extension url="http://hl7.org/fhir/StructureDefinition/implementationguide-page">
        <valueUri value="StructureDefinition-ncdhc-observation-vitalsign-headcircum.html"/>
      </extension>
      <example value="false"/>
      <sourceReference>
        <reference value="StructureDefinition/ncdhc-observation-vitalsign-headcircum"/>
      </sourceReference>
    </resource>
    <resource>
      <extension url="http://hl7.org/fhir/StructureDefinition/implementationguide-page">
        <valueUri value="StructureDefinition-ncdhc-observation-vitalsign-bmi.html"/>
      </extension>
      <example value="false"/>
      <sourceReference>
        <reference value="StructureDefinition/ncdhc-observation-vitalsign-bmi"/>
      </sourceReference>
    </resource>
    <resource>
      <extension url="http://hl7.org/fhir/StructureDefinition/implementationguide-page">
        <valueUri value="StructureDefinition-ncdhc-immunisation.html"/>
      </extension>
      <example value="false"/>
      <sourceReference>
        <reference value="StructureDefinition/ncdhc-immunisation"/>
      </sourceReference>
    </resource>
    <resource>
      <extension url="http://hl7.org/fhir/StructureDefinition/implementationguide-page">
        <valueUri value="StructureDefinition-ncdhc-familymemberhistory-discharge.html"/>
      </extension>
      <example value="false"/>
      <sourceReference>
        <reference value="StructureDefinition/ncdhc-familymemberhistory-discharge"/>
      </sourceReference>
    </resource>
    <resource>
      <extension url="http://hl7.org/fhir/StructureDefinition/implementationguide-page">
        <valueUri value="StructureDefinition-ncdhc-composition-bloodspot-screen.html"/>
      </extension>
      <example value="false"/>
      <sourceReference>
        <reference value="StructureDefinition/ncdhc-composition-bloodspot-screen"/>
      </sourceReference>
    </resource>
    <resource>
      <extension url="http://hl7.org/fhir/StructureDefinition/implementationguide-page">
        <valueUri value="StructureDefinition-ncdhc-composition-hearing-screen.html"/>
      </extension>
      <example value="false"/>
      <sourceReference>
        <reference value="StructureDefinition/ncdhc-composition-hearing-screen"/>
      </sourceReference>
    </resource>
    <resource>
      <extension url="http://hl7.org/fhir/StructureDefinition/implementationguide-page">
        <valueUri value="StructureDefinition-ncdhc-composition-exam.html"/>
      </extension>
      <example value="false"/>
      <sourceReference>
        <reference value="StructureDefinition/ncdhc-composition-exam"/>
      </sourceReference>
    </resource>
    <resource>
      <extension url="http://hl7.org/fhir/StructureDefinition/implementationguide-page">
        <valueUri value="StructureDefinition-ncdhc-composition-health-check-assessment.html"/>
      </extension>
      <example value="false"/>
      <sourceReference>
        <reference value="StructureDefinition/ncdhc-composition-health-check-assessment"/>
      </sourceReference>
    </resource>
    <resource>
      <extension url="http://hl7.org/fhir/StructureDefinition/implementationguide-page">
        <valueUri value="StructureDefinition-ncdhc-observation-head-shape.html"/>
      </extension>
      <example value="false"/>
      <sourceReference>
        <reference value="StructureDefinition/ncdhc-observation-head-shape"/>
      </sourceReference>
    </resource>
    <resource>
      <extension url="http://hl7.org/fhir/StructureDefinition/implementationguide-page">
        <valueUri value="StructureDefinition-ncdhc-observation-test-head-fontanelles.html"/>
      </extension>
      <example value="false"/>
      <sourceReference>
        <reference value="StructureDefinition/ncdhc-observation-test-head-fontanelles"/>
      </sourceReference>
    </resource>
    <resource>
      <extension url="http://hl7.org/fhir/StructureDefinition/implementationguide-page">
        <valueUri value="StructureDefinition-ncdhc-observation-test-eyes.html"/>
      </extension>
      <example value="false"/>
      <sourceReference>
        <reference value="StructureDefinition/ncdhc-observation-test-eyes"/>
      </sourceReference>
    </resource>
    <resource>
      <extension url="http://hl7.org/fhir/StructureDefinition/implementationguide-page">
        <valueUri value="StructureDefinition-ncdhc-observation-test-vision.html"/>
      </extension>
      <example value="false"/>
      <sourceReference>
        <reference value="StructureDefinition/ncdhc-observation-test-vision"/>
      </sourceReference>
    </resource>
    <resource>
      <extension url="http://hl7.org/fhir/StructureDefinition/implementationguide-page">
        <valueUri value="StructureDefinition-ncdhc-observation-vision-screen.html"/>
      </extension>
      <example value="false"/>
      <sourceReference>
        <reference value="StructureDefinition/ncdhc-observation-vision-screen"/>
      </sourceReference>
    </resource>
    <resource>
      <extension url="http://hl7.org/fhir/StructureDefinition/implementationguide-page">
        <valueUri value="StructureDefinition-ncdhc-observation-test-ears.html"/>
      </extension>
      <example value="false"/>
      <sourceReference>
        <reference value="StructureDefinition/ncdhc-observation-test-ears"/>
      </sourceReference>
    </resource>
    <resource>
      <extension url="http://hl7.org/fhir/StructureDefinition/implementationguide-page">
        <valueUri value="StructureDefinition-ncdhc-observation-hearing-check.html"/>
      </extension>
      <example value="false"/>
      <sourceReference>
        <reference value="StructureDefinition/ncdhc-observation-hearing-check"/>
      </sourceReference>
    </resource>
    <resource>
      <extension url="http://hl7.org/fhir/StructureDefinition/implementationguide-page">
        <valueUri value="StructureDefinition-ncdhc-observation-test-mouth.html"/>
      </extension>
      <example value="false"/>
      <sourceReference>
        <reference value="StructureDefinition/ncdhc-observation-test-mouth"/>
      </sourceReference>
    </resource>
    <resource>
      <extension url="http://hl7.org/fhir/StructureDefinition/implementationguide-page">
        <valueUri value="StructureDefinition-ncdhc-observation-oral-health.html"/>
      </extension>
      <example value="false"/>
      <sourceReference>
        <reference value="StructureDefinition/ncdhc-observation-oral-health"/>
      </sourceReference>
    </resource>
    <resource>
      <extension url="http://hl7.org/fhir/StructureDefinition/implementationguide-page">
        <valueUri value="StructureDefinition-ncdhc-observation-test-cardiovascular.html"/>
      </extension>
      <example value="false"/>
      <sourceReference>
        <reference value="StructureDefinition/ncdhc-observation-test-cardiovascular"/>
      </sourceReference>
    </resource>
    <resource>
      <extension url="http://hl7.org/fhir/StructureDefinition/implementationguide-page">
        <valueUri value="StructureDefinition-ncdhc-observation-test-femoral-pulses.html"/>
      </extension>
      <example value="false"/>
      <sourceReference>
        <reference value="StructureDefinition/ncdhc-observation-test-femoral-pulses"/>
      </sourceReference>
    </resource>
    <resource>
      <extension url="http://hl7.org/fhir/StructureDefinition/implementationguide-page">
        <valueUri value="StructureDefinition-ncdhc-observation-development.html"/>
      </extension>
      <example value="false"/>
      <sourceReference>
        <reference value="StructureDefinition/ncdhc-observation-development"/>
      </sourceReference>
    </resource>
    <resource>
      <extension url="http://hl7.org/fhir/StructureDefinition/implementationguide-page">
        <valueUri value="StructureDefinition-ncdhc-observation-abdomen.html"/>
      </extension>
      <example value="false"/>
      <sourceReference>
        <reference value="StructureDefinition/ncdhc-observation-abdomen"/>
      </sourceReference>
    </resource>
    <resource>
      <extension url="http://hl7.org/fhir/StructureDefinition/implementationguide-page">
        <valueUri value="StructureDefinition-ncdhc-observation-anus.html"/>
      </extension>
      <example value="false"/>
      <sourceReference>
        <reference value="StructureDefinition/ncdhc-observation-anus"/>
      </sourceReference>
    </resource>
    <resource>
      <extension url="http://hl7.org/fhir/StructureDefinition/implementationguide-page">
        <valueUri value="StructureDefinition-ncdhc-observation-gait.html"/>
      </extension>
      <example value="false"/>
      <sourceReference>
        <reference value="StructureDefinition/ncdhc-observation-gait"/>
      </sourceReference>
    </resource>
    <resource>
      <extension url="http://hl7.org/fhir/StructureDefinition/implementationguide-page">
        <valueUri value="StructureDefinition-ncdhc-observation-test-iron.html"/>
      </extension>
      <example value="false"/>
      <sourceReference>
        <reference value="StructureDefinition/ncdhc-observation-test-iron"/>
      </sourceReference>
    </resource>
    <resource>
      <extension url="http://hl7.org/fhir/StructureDefinition/implementationguide-page">
        <valueUri value="StructureDefinition-ncdhc-observation-fluoride-varnish.html"/>
      </extension>
      <example value="false"/>
      <sourceReference>
        <reference value="StructureDefinition/ncdhc-observation-fluoride-varnish"/>
      </sourceReference>
    </resource>
    <resource>
      <extension url="http://hl7.org/fhir/StructureDefinition/implementationguide-page">
        <valueUri value="StructureDefinition-ncdhc-observation-hips.html"/>
      </extension>
      <example value="false"/>
      <sourceReference>
        <reference value="StructureDefinition/ncdhc-observation-hips"/>
      </sourceReference>
    </resource>
    <resource>
      <extension url="http://hl7.org/fhir/StructureDefinition/implementationguide-page">
        <valueUri value="StructureDefinition-ncdhc-observation-skin.html"/>
      </extension>
      <example value="false"/>
      <sourceReference>
        <reference value="StructureDefinition/ncdhc-observation-skin"/>
      </sourceReference>
    </resource>
    <resource>
      <extension url="http://hl7.org/fhir/StructureDefinition/implementationguide-page">
        <valueUri value="StructureDefinition-ncdhc-observation-test-reflexes.html"/>
      </extension>
      <example value="false"/>
      <sourceReference>
        <reference value="StructureDefinition/ncdhc-observation-test-reflexes"/>
      </sourceReference>
    </resource>
    <resource>
      <extension url="http://hl7.org/fhir/StructureDefinition/implementationguide-page">
        <valueUri value="StructureDefinition-ncdhc-observation-bloodspot-screen.html"/>
      </extension>
      <example value="false"/>
      <sourceReference>
        <reference value="StructureDefinition/ncdhc-observation-bloodspot-screen"/>
      </sourceReference>
    </resource>
    <resource>
      <extension url="http://hl7.org/fhir/StructureDefinition/implementationguide-page">
        <valueUri value="StructureDefinition-ncdhc-observation-hearing-screen.html"/>
      </extension>
      <example value="false"/>
      <sourceReference>
        <reference value="StructureDefinition/ncdhc-observation-hearing-screen"/>
      </sourceReference>
    </resource>
    <resource>
      <extension url="http://hl7.org/fhir/StructureDefinition/implementationguide-page">
        <valueUri value="StructureDefinition-ncdhc-consent.html"/>
      </extension>
      <example value="false"/>
      <sourceReference>
        <reference value="StructureDefinition/ncdhc-consent"/>
      </sourceReference>
    </resource>
    <resource>
      <extension url="http://hl7.org/fhir/StructureDefinition/implementationguide-page">
        <valueUri value="ValueSet-apgar-score-type.html"/>
      </extension>
      <example value="false"/>
      <sourceReference>
        <reference value="ValueSet/apgar-score-type"/>
      </sourceReference>
    </resource>
    <resource>
      <extension url="http://hl7.org/fhir/StructureDefinition/implementationguide-page">
        <valueUri value="ValueSet-apgar-score-type-snomedct.html"/>
      </extension>
      <example value="false"/>
      <sourceReference>
        <reference value="ValueSet/apgar-score-type-snomedct"/>
      </sourceReference>
    </resource>
    <resource>
      <extension url="http://hl7.org/fhir/StructureDefinition/implementationguide-page">
        <valueUri value="ValueSet-apgar-reflex-irritability.html"/>
      </extension>
      <example value="false"/>
      <sourceReference>
        <reference value="ValueSet/apgar-reflex-irritability"/>
      </sourceReference>
    </resource>
    <resource>
      <extension url="http://hl7.org/fhir/StructureDefinition/implementationguide-page">
        <valueUri value="ValueSet-apgar-respiratory-effort.html"/>
      </extension>
      <example value="false"/>
      <sourceReference>
        <reference value="ValueSet/apgar-respiratory-effort"/>
      </sourceReference>
    </resource>
    <resource>
      <extension url="http://hl7.org/fhir/StructureDefinition/implementationguide-page">
        <valueUri value="ValueSet-apgar-heart-rate.html"/>
      </extension>
      <example value="false"/>
      <sourceReference>
        <reference value="ValueSet/apgar-heart-rate"/>
      </sourceReference>
    </resource>
    <resource>
      <extension url="http://hl7.org/fhir/StructureDefinition/implementationguide-page">
        <valueUri value="ValueSet-apgar-colour.html"/>
      </extension>
      <example value="false"/>
      <sourceReference>
        <reference value="ValueSet/apgar-colour"/>
      </sourceReference>
    </resource>
    <resource>
      <extension url="http://hl7.org/fhir/StructureDefinition/implementationguide-page">
        <valueUri value="ValueSet-apgar-muscle-tone.html"/>
      </extension>
      <example value="false"/>
      <sourceReference>
        <reference value="ValueSet/apgar-muscle-tone"/>
      </sourceReference>
    </resource>
    <resource>
      <extension url="http://hl7.org/fhir/StructureDefinition/implementationguide-page">
        <valueUri value="ValueSet-apgar-reflex-irritability-finding.html"/>
      </extension>
      <example value="false"/>
      <sourceReference>
        <reference value="ValueSet/apgar-reflex-irritability-finding"/>
      </sourceReference>
    </resource>
    <resource>
      <extension url="http://hl7.org/fhir/StructureDefinition/implementationguide-page">
        <valueUri value="ValueSet-apgar-respiratory-effort-finding.html"/>
      </extension>
      <example value="false"/>
      <sourceReference>
        <reference value="ValueSet/apgar-respiratory-effort-finding"/>
      </sourceReference>
    </resource>
    <resource>
      <extension url="http://hl7.org/fhir/StructureDefinition/implementationguide-page">
        <valueUri value="ValueSet-apgar-heart-rate-finding.html"/>
      </extension>
      <example value="false"/>
      <sourceReference>
        <reference value="ValueSet/apgar-heart-rate-finding"/>
      </sourceReference>
    </resource>
    <resource>
      <extension url="http://hl7.org/fhir/StructureDefinition/implementationguide-page">
        <valueUri value="ValueSet-apgar-colour-finding.html"/>
      </extension>
      <example value="false"/>
      <sourceReference>
        <reference value="ValueSet/apgar-colour-finding"/>
      </sourceReference>
    </resource>
    <resource>
      <extension url="http://hl7.org/fhir/StructureDefinition/implementationguide-page">
        <valueUri value="ValueSet-apgar-muscle-tone-finding.html"/>
      </extension>
      <example value="false"/>
      <sourceReference>
        <reference value="ValueSet/apgar-muscle-tone-finding"/>
      </sourceReference>
    </resource>
    <resource>
      <extension url="http://hl7.org/fhir/StructureDefinition/implementationguide-page">
        <valueUri value="ValueSet-ncdhc-observation-interpretation.html"/>
      </extension>
      <example value="false"/>
      <sourceReference>
        <reference value="ValueSet/ncdhc-observation-interpretation"/>
      </sourceReference>
    </resource>
    <resource>
      <extension url="http://hl7.org/fhir/StructureDefinition/implementationguide-page">
        <valueUri value="CodeSystem-ncdhc-observation-interpretation.html"/>
      </extension>
      <example value="false"/>
      <sourceReference>
        <reference value="CodeSystem/ncdhc-observation-interpretation"/>
      </sourceReference>
    </resource>
    <resource>
      <extension url="http://hl7.org/fhir/StructureDefinition/implementationguide-page">
        <valueUri value="ValueSet-ncdhc-observation-completion-status.html"/>
      </extension>
      <example value="false"/>
      <sourceReference>
        <reference value="ValueSet/ncdhc-observation-completion-status"/>
      </sourceReference>
    </resource>
    <resource>
      <extension url="http://hl7.org/fhir/StructureDefinition/implementationguide-page">
        <valueUri value="ValueSet-ncdhc-consent-category.html"/>
      </extension>
      <example value="false"/>
      <sourceReference>
        <reference value="ValueSet/ncdhc-consent-category"/>
      </sourceReference>
    </resource>
    <resource>
      <extension url="http://hl7.org/fhir/StructureDefinition/implementationguide-page">
        <valueUri value="ValueSet-newborn-feeding-status.html"/>
      </extension>
      <example value="false"/>
      <sourceReference>
        <reference value="ValueSet/newborn-feeding-status"/>
      </sourceReference>
    </resource>
    <resource>
      <extension url="http://hl7.org/fhir/StructureDefinition/implementationguide-page">
        <valueUri value="ValueSet-ncdhc-labour-initiation-type.html"/>
      </extension>
      <example value="false"/>
      <sourceReference>
        <reference value="ValueSet/ncdhc-labour-initiation-type"/>
      </sourceReference>
    </resource>
    <resource>
      <extension url="http://hl7.org/fhir/StructureDefinition/implementationguide-page">
        <valueUri value="ValueSet-ncdhc-type-of-birth.html"/>
      </extension>
      <example value="false"/>
      <sourceReference>
        <reference value="ValueSet/ncdhc-type-of-birth"/>
      </sourceReference>
    </resource>
    <resource>
      <extension url="http://hl7.org/fhir/StructureDefinition/implementationguide-page">
        <valueUri value="CodeSystem-ncdhc-consent-category.html"/>
      </extension>
      <example value="false"/>
      <sourceReference>
        <reference value="CodeSystem/ncdhc-consent-category"/>
      </sourceReference>
    </resource>
    <resource>
      <extension url="http://hl7.org/fhir/StructureDefinition/implementationguide-page">
        <valueUri value="ValueSet-ncdhc-vision-chart-types.html"/>
      </extension>
      <example value="false"/>
      <sourceReference>
        <reference value="ValueSet/ncdhc-vision-chart-types"/>
      </sourceReference>
    </resource>
    <resource>
      <extension url="http://hl7.org/fhir/StructureDefinition/implementationguide-page">
        <valueUri value="ValueSet-ncdhc-document-type.html"/>
      </extension>
      <example value="false"/>
      <sourceReference>
        <reference value="ValueSet/ncdhc-document-type"/>
      </sourceReference>
    </resource>
    <resource>
      <extension url="http://hl7.org/fhir/StructureDefinition/implementationguide-page">
        <valueUri value="CodeSystem-ncdhc-document-type.html"/>
      </extension>
      <example value="false"/>
      <sourceReference>
        <reference value="CodeSystem/ncdhc-document-type"/>
      </sourceReference>
    </resource>
    <resource>
      <extension url="http://hl7.org/fhir/StructureDefinition/implementationguide-page">
        <valueUri value="Patient-example-mother.html"/>
      </extension>
      <example value="true"/>
      <sourceReference>
        <reference value="Patient/example-mother"/>
      </sourceReference>
    </resource>
    <resource>
      <extension url="http://hl7.org/fhir/StructureDefinition/implementationguide-page">
        <valueUri value="Patient-example-newborn.html"/>
      </extension>
      <example value="true"/>
      <sourceReference>
        <reference value="Patient/example-newborn"/>
      </sourceReference>
    </resource>
    <resource>
      <extension url="http://hl7.org/fhir/StructureDefinition/implementationguide-page">
        <valueUri value="Bundle-document-healthcheck-response-payload.html"/>
      </extension>
      <example value="true"/>
      <sourceReference>
        <reference value="Bundle/28900024-070c-4141-8109-9d9fa34dd24b"/>
      </sourceReference>
    </resource>
  </package>
  <page>
    <source value="index.html"/>
    <title value="National Child Digital Health Implementation Guide"/>
    <kind value="page"/>
  </page>
</ImplementationGuide>