{
  "resourceType": "ImplementationGuide",
  "id": "au-ch",
  "text": {
    "status": "generated",
    "div": "<div xmlns=\"http://www.w3.org/1999/xhtml\"><h2>Child Health Implementation Guide</h2><p>The official URL for this implementation guide is: </p><pre>http://hl7.org.au/fhir/ch/v1/ImplementationGuide/au-ch</pre></div>"
  },
  "url": "http://hl7.org.au/fhir/ch/v1/ImplementationGuide/au-ch",
  "version": "v1",
  "name": "Child Health Implementation Guide",
  "status": "draft",
  "experimental": true,
  "date": "2018-08-06T00:00:00+10:00",
  "publisher": "National Children's Digital Health Collaborative (NCDHC)",
  "contact": [
    {
      "name": "HL7 Australia Child Health Working Group",
      "telecom": [
        {
          "system": "url",
          "value": "https://confluence.hl7australia.com/display/CHWG/Child+Health+Working+Group",
          "use": "work"
        }
      ]
    }
  ],
  "fhirVersion": "3.0.1",
  "package": [
    {
      "id": "p1",
      "name": "base",
      "description": "Guidance on the implementation of child health related content using FHIR in an Australian usage context",
      "resource": [
        {
          "extension": [
            {
              "url": "http://hl7.org/fhir/StructureDefinition/implementationguide-page",
              "valueUri": "StructureDefinition-ncdhc-composition-base.html"
            }
          ],
          "example": false,
          "sourceReference": {
            "reference": "StructureDefinition/ncdhc-composition-base"
          }
        },
        {
          "extension": [
            {
              "url": "http://hl7.org/fhir/StructureDefinition/implementationguide-page",
              "valueUri": "StructureDefinition-ncdhc-observation-base.html"
            }
          ],
          "example": false,
          "sourceReference": {
            "reference": "StructureDefinition/ncdhc-observation-base"
          }
        },
        {
          "extension": [
            {
              "url": "http://hl7.org/fhir/StructureDefinition/implementationguide-page",
              "valueUri": "StructureDefinition-ncdhc-patient.html"
            }
          ],
          "example": false,
          "sourceReference": {
            "reference": "StructureDefinition/ncdhc-patient"
          }
        },
        {
          "extension": [
            {
              "url": "http://hl7.org/fhir/StructureDefinition/implementationguide-page",
              "valueUri": "StructureDefinition-ncdhc-observation-estimated-gestation.html"
            }
          ],
          "example": false,
          "sourceReference": {
            "reference": "StructureDefinition/ncdhc-observation-estimated-gestation"
          }
        },
        {
          "extension": [
            {
              "url": "http://hl7.org/fhir/StructureDefinition/implementationguide-page",
              "valueUri": "StructureDefinition-ncdhc-composition-birth.html"
            }
          ],
          "example": false,
          "sourceReference": {
            "reference": "StructureDefinition/ncdhc-composition-birth"
          }
        },
        {
          "extension": [
            {
              "url": "http://hl7.org/fhir/StructureDefinition/implementationguide-page",
              "valueUri": "StructureDefinition-ncdhc-encounter-discharge-details.html"
            }
          ],
          "example": false,
          "sourceReference": {
            "reference": "StructureDefinition/ncdhc-encounter-discharge-details"
          }
        },
        {
          "extension": [
            {
              "url": "http://hl7.org/fhir/StructureDefinition/implementationguide-page",
              "valueUri": "StructureDefinition-ncdhc-composition-discharge.html"
            }
          ],
          "example": false,
          "sourceReference": {
            "reference": "StructureDefinition/ncdhc-composition-discharge"
          }
        },
        {
          "extension": [
            {
              "url": "http://hl7.org/fhir/StructureDefinition/implementationguide-page",
              "valueUri": "StructureDefinition-ncdhc-observation-feeding-status.html"
            }
          ],
          "example": false,
          "sourceReference": {
            "reference": "StructureDefinition/ncdhc-observation-feeding-status"
          }
        },
        {
          "extension": [
            {
              "url": "http://hl7.org/fhir/StructureDefinition/implementationguide-page",
              "valueUri": "StructureDefinition-ncdhc-observation-birth-complication.html"
            }
          ],
          "example": false,
          "sourceReference": {
            "reference": "StructureDefinition/ncdhc-observation-birth-complication"
          }
        },
        {
          "extension": [
            {
              "url": "http://hl7.org/fhir/StructureDefinition/implementationguide-page",
              "valueUri": "StructureDefinition-ncdhc-observation-pregnancy-complication.html"
            }
          ],
          "example": false,
          "sourceReference": {
            "reference": "StructureDefinition/ncdhc-observation-pregnancy-complication"
          }
        },
        {
          "extension": [
            {
              "url": "http://hl7.org/fhir/StructureDefinition/implementationguide-page",
              "valueUri": "StructureDefinition-ncdhc-observation-method-of-delivery.html"
            }
          ],
          "example": false,
          "sourceReference": {
            "reference": "StructureDefinition/ncdhc-observation-method-of-delivery"
          }
        },
        {
          "extension": [
            {
              "url": "http://hl7.org/fhir/StructureDefinition/implementationguide-page",
              "valueUri": "StructureDefinition-ncdhc-observation-apgar-score.html"
            }
          ],
          "example": false,
          "sourceReference": {
            "reference": "StructureDefinition/ncdhc-observation-apgar-score"
          }
        },
        {
          "extension": [
            {
              "url": "http://hl7.org/fhir/StructureDefinition/implementationguide-page",
              "valueUri": "StructureDefinition-ncdhc-observation-labour-induced.html"
            }
          ],
          "example": false,
          "sourceReference": {
            "reference": "StructureDefinition/ncdhc-observation-labour-induced"
          }
        },
        {
          "extension": [
            {
              "url": "http://hl7.org/fhir/StructureDefinition/implementationguide-page",
              "valueUri": "StructureDefinition-ncdhc-observation-birth-abnormalities.html"
            }
          ],
          "example": false,
          "sourceReference": {
            "reference": "StructureDefinition/ncdhc-observation-birth-abnormalities"
          }
        },
        {
          "extension": [
            {
              "url": "http://hl7.org/fhir/StructureDefinition/implementationguide-page",
              "valueUri": "StructureDefinition-ncdhc-observation-vitalsign-bodyweight.html"
            }
          ],
          "example": false,
          "sourceReference": {
            "reference": "StructureDefinition/ncdhc-observation-vitalsign-bodyweight"
          }
        },
        {
          "extension": [
            {
              "url": "http://hl7.org/fhir/StructureDefinition/implementationguide-page",
              "valueUri": "StructureDefinition-ncdhc-observation-vitalsign-bodyheight.html"
            }
          ],
          "example": false,
          "sourceReference": {
            "reference": "StructureDefinition/ncdhc-observation-vitalsign-bodyheight"
          }
        },
        {
          "extension": [
            {
              "url": "http://hl7.org/fhir/StructureDefinition/implementationguide-page",
              "valueUri": "StructureDefinition-ncdhc-observation-vitalsign-headcircum.html"
            }
          ],
          "example": false,
          "sourceReference": {
            "reference": "StructureDefinition/ncdhc-observation-vitalsign-headcircum"
          }
        },
        {
          "extension": [
            {
              "url": "http://hl7.org/fhir/StructureDefinition/implementationguide-page",
              "valueUri": "StructureDefinition-ncdhc-observation-vitalsign-bmi.html"
            }
          ],
          "example": false,
          "sourceReference": {
            "reference": "StructureDefinition/ncdhc-observation-vitalsign-bmi"
          }
        },
        {
          "extension": [
            {
              "url": "http://hl7.org/fhir/StructureDefinition/implementationguide-page",
              "valueUri": "StructureDefinition-ncdhc-immunisation.html"
            }
          ],
          "example": false,
          "sourceReference": {
            "reference": "StructureDefinition/ncdhc-immunisation"
          }
        },
        {
          "extension": [
            {
              "url": "http://hl7.org/fhir/StructureDefinition/implementationguide-page",
              "valueUri": "StructureDefinition-ncdhc-familymemberhistory-discharge.html"
            }
          ],
          "example": false,
          "sourceReference": {
            "reference": "StructureDefinition/ncdhc-familymemberhistory-discharge"
          }
        },
        {
          "extension": [
            {
              "url": "http://hl7.org/fhir/StructureDefinition/implementationguide-page",
              "valueUri": "StructureDefinition-ncdhc-composition-bloodspot-screen.html"
            }
          ],
          "example": false,
          "sourceReference": {
            "reference": "StructureDefinition/ncdhc-composition-bloodspot-screen"
          }
        },
        {
          "extension": [
            {
              "url": "http://hl7.org/fhir/StructureDefinition/implementationguide-page",
              "valueUri": "StructureDefinition-ncdhc-composition-hearing-screen.html"
            }
          ],
          "example": false,
          "sourceReference": {
            "reference": "StructureDefinition/ncdhc-composition-hearing-screen"
          }
        },
        {
          "extension": [
            {
              "url": "http://hl7.org/fhir/StructureDefinition/implementationguide-page",
              "valueUri": "StructureDefinition-ncdhc-composition-exam.html"
            }
          ],
          "example": false,
          "sourceReference": {
            "reference": "StructureDefinition/ncdhc-composition-exam"
          }
        },
        {
          "extension": [
            {
              "url": "http://hl7.org/fhir/StructureDefinition/implementationguide-page",
              "valueUri": "StructureDefinition-ncdhc-composition-health-check-assessment.html"
            }
          ],
          "example": false,
          "sourceReference": {
            "reference": "StructureDefinition/ncdhc-composition-health-check-assessment"
          }
        },
        {
          "extension": [
            {
              "url": "http://hl7.org/fhir/StructureDefinition/implementationguide-page",
              "valueUri": "StructureDefinition-ncdhc-observation-head-shape.html"
            }
          ],
          "example": false,
          "sourceReference": {
            "reference": "StructureDefinition/ncdhc-observation-head-shape"
          }
        },
        {
          "extension": [
            {
              "url": "http://hl7.org/fhir/StructureDefinition/implementationguide-page",
              "valueUri": "StructureDefinition-ncdhc-observation-test-head-fontanelles.html"
            }
          ],
          "example": false,
          "sourceReference": {
            "reference": "StructureDefinition/ncdhc-observation-test-head-fontanelles"
          }
        },
        {
          "extension": [
            {
              "url": "http://hl7.org/fhir/StructureDefinition/implementationguide-page",
              "valueUri": "StructureDefinition-ncdhc-observation-test-eyes.html"
            }
          ],
          "example": false,
          "sourceReference": {
            "reference": "StructureDefinition/ncdhc-observation-test-eyes"
          }
        },
        {
          "extension": [
            {
              "url": "http://hl7.org/fhir/StructureDefinition/implementationguide-page",
              "valueUri": "StructureDefinition-ncdhc-observation-test-vision.html"
            }
          ],
          "example": false,
          "sourceReference": {
            "reference": "StructureDefinition/ncdhc-observation-test-vision"
          }
        },
        {
          "extension": [
            {
              "url": "http://hl7.org/fhir/StructureDefinition/implementationguide-page",
              "valueUri": "StructureDefinition-ncdhc-observation-vision-screen.html"
            }
          ],
          "example": false,
          "sourceReference": {
            "reference": "StructureDefinition/ncdhc-observation-vision-screen"
          }
        },
        {
          "extension": [
            {
              "url": "http://hl7.org/fhir/StructureDefinition/implementationguide-page",
              "valueUri": "StructureDefinition-ncdhc-observation-test-ears.html"
            }
          ],
          "example": false,
          "sourceReference": {
            "reference": "StructureDefinition/ncdhc-observation-test-ears"
          }
        },
        {
          "extension": [
            {
              "url": "http://hl7.org/fhir/StructureDefinition/implementationguide-page",
              "valueUri": "StructureDefinition-ncdhc-observation-hearing-check.html"
            }
          ],
          "example": false,
          "sourceReference": {
            "reference": "StructureDefinition/ncdhc-observation-hearing-check"
          }
        },
        {
          "extension": [
            {
              "url": "http://hl7.org/fhir/StructureDefinition/implementationguide-page",
              "valueUri": "StructureDefinition-ncdhc-observation-test-mouth.html"
            }
          ],
          "example": false,
          "sourceReference": {
            "reference": "StructureDefinition/ncdhc-observation-test-mouth"
          }
        },
        {
          "extension": [
            {
              "url": "http://hl7.org/fhir/StructureDefinition/implementationguide-page",
              "valueUri": "StructureDefinition-ncdhc-observation-oral-health.html"
            }
          ],
          "example": false,
          "sourceReference": {
            "reference": "StructureDefinition/ncdhc-observation-oral-health"
          }
        },
        {
          "extension": [
            {
              "url": "http://hl7.org/fhir/StructureDefinition/implementationguide-page",
              "valueUri": "StructureDefinition-ncdhc-observation-test-cardiovascular.html"
            }
          ],
          "example": false,
          "sourceReference": {
            "reference": "StructureDefinition/ncdhc-observation-test-cardiovascular"
          }
        },
        {
          "extension": [
            {
              "url": "http://hl7.org/fhir/StructureDefinition/implementationguide-page",
              "valueUri": "StructureDefinition-ncdhc-observation-test-femoral-pulses.html"
            }
          ],
          "example": false,
          "sourceReference": {
            "reference": "StructureDefinition/ncdhc-observation-test-femoral-pulses"
          }
        },
        {
          "extension": [
            {
              "url": "http://hl7.org/fhir/StructureDefinition/implementationguide-page",
              "valueUri": "StructureDefinition-ncdhc-observation-development.html"
            }
          ],
          "example": false,
          "sourceReference": {
            "reference": "StructureDefinition/ncdhc-observation-development"
          }
        },
        {
          "extension": [
            {
              "url": "http://hl7.org/fhir/StructureDefinition/implementationguide-page",
              "valueUri": "StructureDefinition-ncdhc-observation-abdomen.html"
            }
          ],
          "example": false,
          "sourceReference": {
            "reference": "StructureDefinition/ncdhc-observation-abdomen"
          }
        },
        {
          "extension": [
            {
              "url": "http://hl7.org/fhir/StructureDefinition/implementationguide-page",
              "valueUri": "StructureDefinition-ncdhc-observation-anus.html"
            }
          ],
          "example": false,
          "sourceReference": {
            "reference": "StructureDefinition/ncdhc-observation-anus"
          }
        },
        {
          "extension": [
            {
              "url": "http://hl7.org/fhir/StructureDefinition/implementationguide-page",
              "valueUri": "StructureDefinition-ncdhc-observation-gait.html"
            }
          ],
          "example": false,
          "sourceReference": {
            "reference": "StructureDefinition/ncdhc-observation-gait"
          }
        },
        {
          "extension": [
            {
              "url": "http://hl7.org/fhir/StructureDefinition/implementationguide-page",
              "valueUri": "StructureDefinition-ncdhc-observation-test-iron.html"
            }
          ],
          "example": false,
          "sourceReference": {
            "reference": "StructureDefinition/ncdhc-observation-test-iron"
          }
        },
        {
          "extension": [
            {
              "url": "http://hl7.org/fhir/StructureDefinition/implementationguide-page",
              "valueUri": "StructureDefinition-ncdhc-observation-fluoride-varnish.html"
            }
          ],
          "example": false,
          "sourceReference": {
            "reference": "StructureDefinition/ncdhc-observation-fluoride-varnish"
          }
        },
        {
          "extension": [
            {
              "url": "http://hl7.org/fhir/StructureDefinition/implementationguide-page",
              "valueUri": "StructureDefinition-ncdhc-observation-hips.html"
            }
          ],
          "example": false,
          "sourceReference": {
            "reference": "StructureDefinition/ncdhc-observation-hips"
          }
        },
        {
          "extension": [
            {
              "url": "http://hl7.org/fhir/StructureDefinition/implementationguide-page",
              "valueUri": "StructureDefinition-ncdhc-observation-skin.html"
            }
          ],
          "example": false,
          "sourceReference": {
            "reference": "StructureDefinition/ncdhc-observation-skin"
          }
        },
        {
          "extension": [
            {
              "url": "http://hl7.org/fhir/StructureDefinition/implementationguide-page",
              "valueUri": "StructureDefinition-ncdhc-observation-test-reflexes.html"
            }
          ],
          "example": false,
          "sourceReference": {
            "reference": "StructureDefinition/ncdhc-observation-test-reflexes"
          }
        },
        {
          "extension": [
            {
              "url": "http://hl7.org/fhir/StructureDefinition/implementationguide-page",
              "valueUri": "StructureDefinition-ncdhc-observation-bloodspot-screen.html"
            }
          ],
          "example": false,
          "sourceReference": {
            "reference": "StructureDefinition/ncdhc-observation-bloodspot-screen"
          }
        },
        {
          "extension": [
            {
              "url": "http://hl7.org/fhir/StructureDefinition/implementationguide-page",
              "valueUri": "StructureDefinition-ncdhc-observation-hearing-screen.html"
            }
          ],
          "example": false,
          "sourceReference": {
            "reference": "StructureDefinition/ncdhc-observation-hearing-screen"
          }
        },
        {
          "extension": [
            {
              "url": "http://hl7.org/fhir/StructureDefinition/implementationguide-page",
              "valueUri": "StructureDefinition-ncdhc-consent.html"
            }
          ],
          "example": false,
          "sourceReference": {
            "reference": "StructureDefinition/ncdhc-consent"
          }
        },
        {
          "extension": [
            {
              "url": "http://hl7.org/fhir/StructureDefinition/implementationguide-page",
              "valueUri": "ValueSet-apgar-score-type.html"
            }
          ],
          "example": false,
          "sourceReference": {
            "reference": "ValueSet/apgar-score-type"
          }
        },
        {
          "extension": [
            {
              "url": "http://hl7.org/fhir/StructureDefinition/implementationguide-page",
              "valueUri": "ValueSet-apgar-score-type-snomedct.html"
            }
          ],
          "example": false,
          "sourceReference": {
            "reference": "ValueSet/apgar-score-type-snomedct"
          }
        },
        {
          "extension": [
            {
              "url": "http://hl7.org/fhir/StructureDefinition/implementationguide-page",
              "valueUri": "ValueSet-apgar-reflex-irritability.html"
            }
          ],
          "example": false,
          "sourceReference": {
            "reference": "ValueSet/apgar-reflex-irritability"
          }
        },
        {
          "extension": [
            {
              "url": "http://hl7.org/fhir/StructureDefinition/implementationguide-page",
              "valueUri": "ValueSet-apgar-respiratory-effort.html"
            }
          ],
          "example": false,
          "sourceReference": {
            "reference": "ValueSet/apgar-respiratory-effort"
          }
        },
        {
          "extension": [
            {
              "url": "http://hl7.org/fhir/StructureDefinition/implementationguide-page",
              "valueUri": "ValueSet-apgar-heart-rate.html"
            }
          ],
          "example": false,
          "sourceReference": {
            "reference": "ValueSet/apgar-heart-rate"
          }
        },
        {
          "extension": [
            {
              "url": "http://hl7.org/fhir/StructureDefinition/implementationguide-page",
              "valueUri": "ValueSet-apgar-colour.html"
            }
          ],
          "example": false,
          "sourceReference": {
            "reference": "ValueSet/apgar-colour"
          }
        },
        {
          "extension": [
            {
              "url": "http://hl7.org/fhir/StructureDefinition/implementationguide-page",
              "valueUri": "ValueSet-apgar-muscle-tone.html"
            }
          ],
          "example": false,
          "sourceReference": {
            "reference": "ValueSet/apgar-muscle-tone"
          }
        },
        {
          "extension": [
            {
              "url": "http://hl7.org/fhir/StructureDefinition/implementationguide-page",
              "valueUri": "ValueSet-apgar-reflex-irritability-finding.html"
            }
          ],
          "example": false,
          "sourceReference": {
            "reference": "ValueSet/apgar-reflex-irritability-finding"
          }
        },
        {
          "extension": [
            {
              "url": "http://hl7.org/fhir/StructureDefinition/implementationguide-page",
              "valueUri": "ValueSet-apgar-respiratory-effort-finding.html"
            }
          ],
          "example": false,
          "sourceReference": {
            "reference": "ValueSet/apgar-respiratory-effort-finding"
          }
        },
        {
          "extension": [
            {
              "url": "http://hl7.org/fhir/StructureDefinition/implementationguide-page",
              "valueUri": "ValueSet-apgar-heart-rate-finding.html"
            }
          ],
          "example": false,
          "sourceReference": {
            "reference": "ValueSet/apgar-heart-rate-finding"
          }
        },
        {
          "extension": [
            {
              "url": "http://hl7.org/fhir/StructureDefinition/implementationguide-page",
              "valueUri": "ValueSet-apgar-colour-finding.html"
            }
          ],
          "example": false,
          "sourceReference": {
            "reference": "ValueSet/apgar-colour-finding"
          }
        },
        {
          "extension": [
            {
              "url": "http://hl7.org/fhir/StructureDefinition/implementationguide-page",
              "valueUri": "ValueSet-apgar-muscle-tone-finding.html"
            }
          ],
          "example": false,
          "sourceReference": {
            "reference": "ValueSet/apgar-muscle-tone-finding"
          }
        },
        {
          "extension": [
            {
              "url": "http://hl7.org/fhir/StructureDefinition/implementationguide-page",
              "valueUri": "ValueSet-ncdhc-observation-interpretation.html"
            }
          ],
          "example": false,
          "sourceReference": {
            "reference": "ValueSet/ncdhc-observation-interpretation"
          }
        },
        {
          "extension": [
            {
              "url": "http://hl7.org/fhir/StructureDefinition/implementationguide-page",
              "valueUri": "CodeSystem-ncdhc-observation-interpretation.html"
            }
          ],
          "example": false,
          "sourceReference": {
            "reference": "CodeSystem/ncdhc-observation-interpretation"
          }
        },
        {
          "extension": [
            {
              "url": "http://hl7.org/fhir/StructureDefinition/implementationguide-page",
              "valueUri": "ValueSet-ncdhc-observation-completion-status.html"
            }
          ],
          "example": false,
          "sourceReference": {
            "reference": "ValueSet/ncdhc-observation-completion-status"
          }
        },
        {
          "extension": [
            {
              "url": "http://hl7.org/fhir/StructureDefinition/implementationguide-page",
              "valueUri": "ValueSet-ncdhc-consent-category.html"
            }
          ],
          "example": false,
          "sourceReference": {
            "reference": "ValueSet/ncdhc-consent-category"
          }
        },
        {
          "extension": [
            {
              "url": "http://hl7.org/fhir/StructureDefinition/implementationguide-page",
              "valueUri": "ValueSet-newborn-feeding-status.html"
            }
          ],
          "example": false,
          "sourceReference": {
            "reference": "ValueSet/newborn-feeding-status"
          }
        },
        {
          "extension": [
            {
              "url": "http://hl7.org/fhir/StructureDefinition/implementationguide-page",
              "valueUri": "ValueSet-ncdhc-labour-initiation-type.html"
            }
          ],
          "example": false,
          "sourceReference": {
            "reference": "ValueSet/ncdhc-labour-initiation-type"
          }
        },
        {
          "extension": [
            {
              "url": "http://hl7.org/fhir/StructureDefinition/implementationguide-page",
              "valueUri": "ValueSet-ncdhc-type-of-birth.html"
            }
          ],
          "example": false,
          "sourceReference": {
            "reference": "ValueSet/ncdhc-type-of-birth"
          }
        },
        {
          "extension": [
            {
              "url": "http://hl7.org/fhir/StructureDefinition/implementationguide-page",
              "valueUri": "CodeSystem-ncdhc-consent-category.html"
            }
          ],
          "example": false,
          "sourceReference": {
            "reference": "CodeSystem/ncdhc-consent-category"
          }
        },
        {
          "extension": [
            {
              "url": "http://hl7.org/fhir/StructureDefinition/implementationguide-page",
              "valueUri": "ValueSet-ncdhc-vision-chart-types.html"
            }
          ],
          "example": false,
          "sourceReference": {
            "reference": "ValueSet/ncdhc-vision-chart-types"
          }
        },
        {
          "extension": [
            {
              "url": "http://hl7.org/fhir/StructureDefinition/implementationguide-page",
              "valueUri": "ValueSet-ncdhc-document-type.html"
            }
          ],
          "example": false,
          "sourceReference": {
            "reference": "ValueSet/ncdhc-document-type"
          }
        },
        {
          "extension": [
            {
              "url": "http://hl7.org/fhir/StructureDefinition/implementationguide-page",
              "valueUri": "CodeSystem-ncdhc-document-type.html"
            }
          ],
          "example": false,
          "sourceReference": {
            "reference": "CodeSystem/ncdhc-document-type"
          }
        },
        {
          "extension": [
            {
              "url": "http://hl7.org/fhir/StructureDefinition/implementationguide-page",
              "valueUri": "Patient-example-mother.html"
            }
          ],
          "example": true,
          "sourceReference": {
            "reference": "Patient/example-mother"
          }
        },
        {
          "extension": [
            {
              "url": "http://hl7.org/fhir/StructureDefinition/implementationguide-page",
              "valueUri": "Patient-example-newborn.html"
            }
          ],
          "example": true,
          "sourceReference": {
            "reference": "Patient/example-newborn"
          }
        },
        {
          "extension": [
            {
              "url": "http://hl7.org/fhir/StructureDefinition/implementationguide-page",
              "valueUri": "Bundle-document-healthcheck-response-payload.html"
            }
          ],
          "example": true,
          "sourceReference": {
            "reference": "Bundle/28900024-070c-4141-8109-9d9fa34dd24b"
          }
        }
      ]
    }
  ],
  "page": {
    "source": "index.html",
    "title": "National Child Digital Health Implementation Guide",
    "kind": "page"
  }
}