<?xml version="1.0" encoding="UTF-8"?>

<MedicationStatement xmlns="http://hl7.org/fhir">
  <id value="141a72a8-df75-4484-ac89-ac4923f03b10"/>
  <meta>
    <versionId value="1"/>
    <lastUpdated value="2018-12-27T16:13:03Z"/>
    <profile value="http://hl7.org.au/fhir/StructureDefinition/ncdhc-medicationstatement-vitamink"/>
  </meta>
  <text>
    <status value="generated"/><div xmlns="http://www.w3.org/1999/xhtml">
						
<p>Vitamin K1</p>
					
</div>
  </text>
  <status value="completed"/>
  <medicationCodeableConcept>
    <coding>
      <system value="http://snomed.info/sct"/>
      <code value="66656000"/>
      <display value="Phytomenadione"/>
    </coding>
    <text value="Vitamin K1"/>
  </medicationCodeableConcept>
  <effectiveDateTime value="2018-12-27T16:13:03Z"/>
  <dateAsserted value="2018-12-27T16:13:03Z"/>
  <informationSource>
    <reference value="https://ncdhc.health.gov.au/fhir/v1.0.0/Practitioner/kk78393f-37ca-4738-81d6-d9595b2e5d0f"/>
    <display value="Dr. Rob Boston"/>
  </informationSource>
  <subject>
    <reference value="https://ncdhc.health.gov.au/fhir/v1.0.0/Patient/dd78393f-37ca-4738-81d6-d9595b2e5d0f"/>
    <display value="Baby of Eve Bill"/>
  </subject>
  <taken value="y"/>
  <dosage>
    <sequence value="1"/>
    <route>
      <coding>
        <system value="http://snomed.info/sct"/>
        <code value="59108006"/>
        <display value="Injection"/>
      </coding>
    </route>
  </dosage>
</MedicationStatement>