{
  "resourceType": "MedicationStatement",
  "id": "141a72a8-df75-4484-ac89-ac4923f03b12",
  "meta": {
    "versionId": "1",
    "lastUpdated": "2018-12-27T16:13:03Z",
    "profile": [
      "http://hl7.org.au/fhir/StructureDefinition/ncdhc-medicationstatement-vitamink"
    ]
  },
  "text": {
    "status": "generated",
    "div": "<div xmlns=\"http://www.w3.org/1999/xhtml\">\n\t\t\t\t\t\t\n<p>Vitamin K3</p>\n\t\t\t\t\t\n</div>"
  },
  "status": "completed",
  "medicationCodeableConcept": {
    "coding": [
      {
        "system": "http://snomed.info/sct",
        "code": "69169004",
        "display": "Vitamin K>3<"
      }
    ],
    "text": "Vitamin K>3<"
  },
  "effectiveDateTime": "2018-12-27T16:13:03Z",
  "dateAsserted": "2018-12-27T16:13:03Z",
  "informationSource": {
    "reference": "https://ncdhc.health.gov.au/fhir/v1.0.0/Practitioner/kk78393f-37ca-4738-81d6-d9595b2e5d0f",
    "display": "Dr. Rob Boston"
  },
  "subject": {
    "reference": "https://ncdhc.health.gov.au/fhir/v1.0.0/Patient/dd78393f-37ca-4738-81d6-d9595b2e5d0f",
    "display": "Baby of Eve Bill"
  },
  "taken": "y",
  "dosage": [
    {
      "sequence": 2,
      "route": {
        "coding": [
          {
            "system": "http://snomed.info/sct",
            "code": "59108006",
            "display": "Injection"
          }
        ]
      }
    }
  ]
}