{
  "resourceType": "Observation",
  "id": "541a72a8-df75-4484-ac89-ac4923f03b82",
  "meta": {
    "versionId": "1",
    "lastUpdated": "2018-12-27T16:13:03Z",
    "profile": [
      "http://hl7.org.au/fhir/StructureDefinition/v1.0.0/ncdhc-observation-birth-abnormalities"
    ]
  },
  "text": {
    "status": "additional",
    "div": "<div xmlns=\"http://www.w3.org/1999/xhtml\">Abnormalities noted at birth</div>"
  },
  "status": "final",
  "code": {
    "coding": [
      {
        "system": "http://loinc.org",
        "code": "LP172858-5"
      },
      {
        "system": "http://snomed.info/sct",
        "code": "414025005"
      }
    ],
    "text": "Congenital anomalies of the newborn"
  },
  "subject": {
    "reference": "https://ncdhc.health.gov.au/fhir/v1.0.0/Patient/dd78393f-37ca-4738-81d6-d9595b2e5d0f",
    "display": "Baby of Eve Bill"
  },
  "effectiveDateTime": "2018-12-27T16:13:03Z",
  "performer": [
    {
      "reference": "https://ncdhc.health.gov.au/fhir/v1.0.0/Practitioner/dd78393f-37ca-4738-81d6-d9595b2e5d0d",
      "display": "Dr. Carla Smith"
    }
  ],
  "valueString": "The foot is twisted out of shape or position",
  "comment": "Additional Comments on the abnormalities"
}