{
  "resourceType": "Observation",
  "id": "541a72a8-df75-4484-ac89-ac4923f03b51",
  "meta": {
    "versionId": "1",
    "lastUpdated": "2018-12-27T16:13:03Z",
    "profile": [
      "http://hl7.org.au/fhir/StructureDefinition/v1.0.0/ncdhc-observation-pregnancy-complication"
    ]
  },
  "text": {
    "status": "additional",
    "div": "<div xmlns=\"http://www.w3.org/1999/xhtml\">Pregnancy Complications</div>"
  },
  "status": "final",
  "code": {
    "coding": [
      {
        "system": "http://loinc.org",
        "code": "TBD"
      },
      {
        "system": "http://snomed.info/sct",
        "code": "609496007"
      }
    ],
    "text": "Complication occurring during pregnancy"
  },
  "subject": {
    "reference": "https://ncdhc.health.gov.au/fhir/v1.0.0/Patient/dd78393f-37ca-4738-81d6-e9595b2e5d0k",
    "display": "Eve Bill"
  },
  "effectiveDateTime": "2018-12-27T16:13:03Z",
  "performer": [
    {
      "reference": "https://ncdhc.health.gov.au/fhir/v1.0.0/Practitioner/dd78393f-37ca-4738-81d6-d9595b2e5d0d",
      "display": "Dr. Carla Smith"
    }
  ],
  "valueString": "Low amniotic fluid (oligohydramnios)"
}