<?xml version="1.0" encoding="UTF-8"?>

<Observation xmlns="http://hl7.org/fhir">
  <id value="541a72a8-df75-4484-ac89-ac4923f03b81"/>
  <meta>
    <versionId value="1"/>
    <lastUpdated value="2018-12-27T16:13:03Z"/>
    <profile value="http://hl7.org.au/fhir/StructureDefinition/v1.0.0/ncdhc-observation-estimated-gestation"/>
  </meta>
  <text>
    <status value="additional"/><div xmlns="http://www.w3.org/1999/xhtml">Length of gestation : 17 weeks 5 days.</div>
  </text>
  <status value="final"/>
  <code>
    <coding>
      <system value="http://loinc.org"/>
      <code value="LP97564-6"/>
    </coding>
    <coding>
      <system value="http://snomed.info/sct"/>
      <code value="412726003"/>
    </coding>
    <text value="Length of gestation"/>
  </code>
  <subject>
    <reference value="https://ncdhc.health.gov.au/fhir/v1.0.0/Patient/dd78393f-37ca-4738-81d6-d9595b2e5d0f"/>
    <display value="Baby of Eve Bill"/>
  </subject>
  <effectiveDateTime value="2018-12-27T16:13:03Z"/>
  <performer>
    <reference value="https://ncdhc.health.gov.au/fhir/v1.0.0/Practitioner/dd78393f-37ca-4738-81d6-d9595b2e5d0d"/>
    <display value="Dr. Carla Smith"/>
  </performer>
  <valueQuantity>
    <value value="124"/>
    <unit value="days"/>
    <system value="http://unitsofmeasure.org"/>
    <code value="d"/>
  </valueQuantity>
  <comment value="17 weeks 5 days"/>
</Observation>