{
  "resourceType": "Observation",
  "id": "541a72a8-df75-4484-ac89-ac4923f03b52",
  "meta": {
    "versionId": "1",
    "lastUpdated": "2018-12-27T16:13:03Z",
    "profile": [
      "http://hl7.org.au/fhir/StructureDefinition/v1.0.0/ncdhc-observation-birth-complication"
    ]
  },
  "text": {
    "status": "additional",
    "div": "<div xmlns=\"http://www.w3.org/1999/xhtml\">Birth Complication</div>"
  },
  "status": "final",
  "code": {
    "coding": [
      {
        "system": "http://loinc.org",
        "code": "TBD"
      },
      {
        "system": "http://snomed.info/sct",
        "code": "198609003"
      }
    ],
    "text": "Complication of pregnancy, childbirth and/or the puerperium"
  },
  "subject": {
    "reference": "https://ncdhc.health.gov.au/fhir/v1.0.0/Patient/dd78393f-37ca-4738-81d6-d9595b2e5d0f",
    "display": "Baby of Eve Bill"
  },
  "valueString": "Cephalopelvic disproportion (CPD)"
}