{
  "resourceType": "Patient",
  "id": "example-mother",
  "meta": {
    "versionId": "1",
    "lastUpdated": "2018-12-27T16:13:03Z",
    "profile": [
      "http://hl7.org.au/fhir/ch/v1/StructureDefinition/ncdhc-patient"
    ]
  },
  "text": {
    "status": "generated",
    "div": "<div xmlns=\"http://www.w3.org/1999/xhtml\">\n\t\t\t\t\t\t\n<h1>Eve Bill</h1>\n\t\t\t\t\t\n</div>"
  },
  "identifier": [
    {
      "type": {
        "coding": [
          {
            "system": "http://hl7.org/fhir/v2/0203",
            "code": "MR",
            "display": "Medical Record Number"
          }
        ],
        "text": "Medical Record Number"
      },
      "system": "http://ns.electronichealth.net.au/id/hpio-scoped/medicalrecord/1.0",
      "value": "8003620000000000",
      "assigner": {
        "display": "Blacktown Hospital"
      }
    }
  ],
  "active": true,
  "name": [
    {
      "text": "Eve Bill",
      "family": "Bill",
      "given": [
        "Eve"
      ]
    }
  ],
  "gender": "female"
}