<?xml version="1.0" encoding="UTF-8"?>

<Patient xmlns="http://hl7.org/fhir">
  <id value="example-mother"/>
  <meta>
    <versionId value="1"/>
    <lastUpdated value="2018-12-27T16:13:03Z"/>
    <profile value="http://hl7.org.au/fhir/ch/v1/StructureDefinition/ncdhc-patient"/>
  </meta>
  <text>
    <status value="generated"/><div xmlns="http://www.w3.org/1999/xhtml">
						
<h1>Eve Bill</h1>
					
</div>
  </text>
  <identifier>
    <type>
      <coding>
        <system value="http://hl7.org/fhir/v2/0203"/>
        <code value="MR"/>
        <display value="Medical Record Number"/>
      </coding>
      <text value="Medical Record Number"/>
    </type>
    <system value="http://ns.electronichealth.net.au/id/hpio-scoped/medicalrecord/1.0"/>
    <value value="8003620000000000"/>
    <assigner>
      <display value="Blacktown Hospital"/>
    </assigner>
  </identifier>
  <active value="true"/>
  <name>
    <text value="Eve Bill"/>
    <family value="Bill"/>
    <given value="Eve"/>
  </name>
  <gender value="female"/>
</Patient>