<?xml version="1.0" encoding="UTF-8"?>

<Patient xmlns="http://hl7.org/fhir">
  <id value="example-newborn"/>
  <meta>
    <versionId value="1"/>
    <lastUpdated value="2018-12-27T16:13:03Z"/>
    <profile value="http://hl7.org.au/fhir/ch/v1/StructureDefinition/ncdhc-patient"/>
  </meta>
  <text>
    <status value="generated"/><div xmlns="http://www.w3.org/1999/xhtml">
						
<h1>Baby of Eve Bill</h1>
					
</div>
  </text>
  <extension url="http://hl7.org/fhir/StructureDefinition/birthPlace">
    <valueAddress>
      <text value="Blacktown Hospital"/>
    </valueAddress>
  </extension>
  <identifier>
    <type>
      <coding>
        <system value="http://hl7.org/fhir/v2/0203"/>
        <code value="NI"/>
        <display value="National unique individual identifier"/>
      </coding>
      <text value="IHI"/>
    </type>
    <system value="http://ns.electronichealth.net.au/id/hi/ihi/1.0"/>
    <value value="8003608000024083"/>
  </identifier>
  <identifier>
    <type>
      <coding>
        <system value="http://hl7.org/fhir/v2/0203"/>
        <code value="MR"/>
        <display value="Medical Record Number"/>
      </coding>
      <text value="Medical Record Number"/>
    </type>
    <system value="http://ns.electronichealth.net.au/id/hpio-scoped/medicalrecord/1.0"/>
    <value value="8003620000000000"/>
    <assigner>
      <display value="Blacktown Hospital"/>
    </assigner>
  </identifier>
  <active value="true"/>
  <name>
    <text value="Baby of Eve Bill"/>
    <family value="Bill"/>
    <given value="Baby of Eve"/>
  </name>
  <gender value="female"/>
  <birthDate value="2018-12-24">
    <extension url="http://hl7.org/fhir/StructureDefinition/patient-birthTime">
      <valueDateTime value="2018-12-24T14:35:45-05:00"/>
    </extension>
  </birthDate>
  <address>
    <text value="home"/>
    <line value="31 Pacquola Street"/>
    <city value="Blacktown"/>
    <state value="NSW"/>
    <postalCode value="2148"/>
    <country value="Australia"/>
  </address>
  <contact>
    <relationship>
      <coding>
        <system value="http://hl7.org/fhir/v3/RoleCode"/>
        <code value="MTH"/>
        <display value="mother"/>
      </coding>
      <text value="Mother"/>
    </relationship>
    <name>
      <text value="Eve Bill"/>
      <family value="Bill"/>
      <given value="Eve"/>
    </name>
  </contact>
  <contact>
    <relationship>
      <coding>
        <system value="http://hl7.org/fhir/v3/RoleCode"/>
        <code value="FTH"/>
        <display value="father"/>
      </coding>
      <text value="Father"/>
    </relationship>
    <name>
      <text value="Simmons Bill"/>
      <family value="Bill"/>
      <given value="Simmons"/>
    </name>
  </contact>
</Patient>