<?xml version="1.0" encoding="UTF-8"?><Bundle xmlns="http://hl7.org/fhir"><type value="collection"/><entry><resource><OperationOutcome><issue><extension url="http://hl7.org/fhir/StructureDefinition/operationoutcome-issue-source"><valueCode value="Publisher"/></extension><severity value="error"/><code value="invariant"/><details><text value="The reference official could not be resolved"/></details><location value="??"/></issue><issue><extension url="http://hl7.org/fhir/StructureDefinition/operationoutcome-issue-source"><valueCode value="Publisher"/></extension><severity value="error"/><code value="invariant"/><details><text value="The reference http://hl7.org/fhir/ValueSet/condition-snomed-code could not be resolved"/></details><location value="FamilyMemberHistory.condition.code.coding"/></issue><issue><extension url="http://hl7.org/fhir/StructureDefinition/operationoutcome-issue-source"><valueCode value="Publisher"/></extension><severity value="error"/><code value="not-found"/><details><text value="The link &#39;CapabilityStatement-ncdhc-metadata.html&#39; for &quot;NCDHC CapabilityStatement&quot; cannot be resolved"/></details><location value="C:\Users\60166876\git\au-fhir-childhealth\output\capstmnts.html#/html/head/body/div/div/div/div/div/ul/li/p/a at Line 107, column 9"/></issue><issue><extension url="http://hl7.org/fhir/StructureDefinition/operationoutcome-issue-source"><valueCode value="Publisher"/></extension><severity value="error"/><code value="not-found"/><details><text value="The link &#39;Bundle-document-dischargeHI-response-payload.html&#39; for &quot;Newborn Discharge Health Interaction document&quot; cannot be resolved"/></details><location value="C:\Users\60166876\git\au-fhir-childhealth\output\StructureDefinition-ncdhc-composition-discharge.html#/html/head/body/div/div/div/div/div/ul/li/a at Line 308, column 8"/></issue><issue><extension url="http://hl7.org/fhir/StructureDefinition/operationoutcome-issue-source"><valueCode value="Publisher"/></extension><severity value="error"/><code value="not-found"/><details><text value="The link &#39;Observation-method-of-delivery.html&#39; for &quot;Birth Type&quot; cannot be resolved"/></details><location value="C:\Users\60166876\git\au-fhir-childhealth\output\StructureDefinition-ncdhc-observation-method-of-delivery.html#/html/head/body/div/div/div/div/div/ul/li/a at Line 191, column 8"/></issue><issue><extension url="http://hl7.org/fhir/StructureDefinition/operationoutcome-issue-source"><valueCode value="Publisher"/></extension><severity value="error"/><code value="not-found"/><details><text value="The link &#39;Observation-lengthOfGestation.html&#39; for &quot;Estimated Gestation&quot; cannot be resolved"/></details><location value="C:\Users\60166876\git\au-fhir-childhealth\output\StructureDefinition-ncdhc-observation-estimated-gestation.html#/html/head/body/div/div/div/div/div/ul/li/a at Line 198, column 8"/></issue><issue><extension url="http://hl7.org/fhir/StructureDefinition/operationoutcome-issue-source"><valueCode value="Publisher"/></extension><severity value="error"/><code value="not-found"/><details><text value="The link &#39;Observation-pregnancy-complications.html&#39; for &quot;Pregnancy Complications&quot; cannot be resolved"/></details><location value="C:\Users\60166876\git\au-fhir-childhealth\output\StructureDefinition-ncdhc-observation-pregnancy-complication.html#/html/head/body/div/div/div/div/div/ul/li/a at Line 192, column 8"/></issue><issue><extension url="http://hl7.org/fhir/StructureDefinition/operationoutcome-issue-source"><valueCode value="Publisher"/></extension><severity value="error"/><code value="not-found"/><details><text value="The link &#39;http://hl7.org.au/fhir/base2018Oct/StructureDefinition-au-composition.html&#39; for &quot;Composition&quot; cannot be resolved"/></details><location value="C:\Users\60166876\git\au-fhir-childhealth\output\StructureDefinition-ncdhc-composition-bloodspot-screen.html#/html/head/body/div/div/div/div/div/p/a at Line 130, column 115"/></issue><issue><extension url="http://hl7.org/fhir/StructureDefinition/operationoutcome-issue-source"><valueCode value="Publisher"/></extension><severity value="error"/><code value="not-found"/><details><text value="The link &#39;Bundle-document-bloodspot-screen-payload.html&#39; for &quot;Newborn Blood spot Health Interaction document&quot; cannot be resolved"/></details><location value="C:\Users\60166876\git\au-fhir-childhealth\output\StructureDefinition-ncdhc-composition-bloodspot-screen.html#/html/head/body/div/div/div/div/div/ul/li/a at Line 219, column 8"/></issue><issue><extension url="http://hl7.org/fhir/StructureDefinition/operationoutcome-issue-source"><valueCode value="Publisher"/></extension><severity value="error"/><code value="not-found"/><details><text value="The link &#39;Observation-head-circumference.html&#39; for &quot;Head Circumference&quot; cannot be resolved"/></details><location value="C:\Users\60166876\git\au-fhir-childhealth\output\StructureDefinition-ncdhc-observation-vitalsign-headcircum.html#/html/head/body/div/div/div/div/div/ul/li/a at Line 199, column 8"/></issue><issue><extension url="http://hl7.org/fhir/StructureDefinition/operationoutcome-issue-source"><valueCode value="Publisher"/></extension><severity value="error"/><code value="not-found"/><details><text value="The link &#39;Observation-birth-head-circumference.html&#39; for &quot;Birth Head Circumference&quot; cannot be resolved"/></details><location value="C:\Users\60166876\git\au-fhir-childhealth\output\StructureDefinition-ncdhc-observation-vitalsign-headcircum.html#/html/head/body/div/div/div/div/div/ul/li/a at Line 200, column 8"/></issue><issue><extension url="http://hl7.org/fhir/StructureDefinition/operationoutcome-issue-source"><valueCode value="Publisher"/></extension><severity value="error"/><code value="not-found"/><details><text value="The link &#39;Observation-body-height.html&#39; for &quot;Body Height&quot; cannot be resolved"/></details><location value="C:\Users\60166876\git\au-fhir-childhealth\output\StructureDefinition-ncdhc-observation-vitalsign-bodyheight.html#/html/head/body/div/div/div/div/div/ul/li/a at Line 199, column 8"/></issue><issue><extension url="http://hl7.org/fhir/StructureDefinition/operationoutcome-issue-source"><valueCode value="Publisher"/></extension><severity value="error"/><code value="not-found"/><details><text value="The link &#39;Observation-birth-length.html&#39; for &quot;Birth Height&quot; cannot be resolved"/></details><location value="C:\Users\60166876\git\au-fhir-childhealth\output\StructureDefinition-ncdhc-observation-vitalsign-bodyheight.html#/html/head/body/div/div/div/div/div/ul/li/a at Line 200, column 8"/></issue><issue><extension url="http://hl7.org/fhir/StructureDefinition/operationoutcome-issue-source"><valueCode value="Publisher"/></extension><severity value="error"/><code value="not-found"/><details><text value="The link &#39;Encounter-discharge-details.html&#39; for &quot;Discharge Encounter Details&quot; cannot be resolved"/></details><location value="C:\Users\60166876\git\au-fhir-childhealth\output\StructureDefinition-ncdhc-encounter-discharge-details.html#/html/head/body/div/div/div/div/div/ul/li/a at Line 189, column 8"/></issue><issue><extension url="http://hl7.org/fhir/StructureDefinition/operationoutcome-issue-source"><valueCode value="Publisher"/></extension><severity value="error"/><code value="not-found"/><details><text value="The link &#39;http://hl7.org.au/fhir/ch/v1/ValueSet/ncdhc-document-class&#39; for &quot;http://hl7.org.au/fhir/ch/v1/ValueSet/ncdhc-document-class&quot; cannot be resolved"/></details><location value="C:\Users\60166876\git\au-fhir-childhealth\output\StructureDefinition-ncdhc-composition-base-definitions.html#/html/head/body/div/div/div/div/div/table/tr/td/a at Line 225, column 117"/></issue><issue><extension url="http://hl7.org/fhir/StructureDefinition/operationoutcome-issue-source"><valueCode value="Publisher"/></extension><severity value="error"/><code value="not-found"/><details><text value="The link &#39;Observation-body-weight.html&#39; for &quot;Body Weight&quot; cannot be resolved"/></details><location value="C:\Users\60166876\git\au-fhir-childhealth\output\StructureDefinition-ncdhc-observation-vitalsign-bodyweight.html#/html/head/body/div/div/div/div/div/ul/li/a at Line 205, column 8"/></issue><issue><extension url="http://hl7.org/fhir/StructureDefinition/operationoutcome-issue-source"><valueCode value="Publisher"/></extension><severity value="error"/><code value="not-found"/><details><text value="The link &#39;Observation-birth-weight.html&#39; for &quot;Birth Weight&quot; cannot be resolved"/></details><location value="C:\Users\60166876\git\au-fhir-childhealth\output\StructureDefinition-ncdhc-observation-vitalsign-bodyweight.html#/html/head/body/div/div/div/div/div/ul/li/a at Line 206, column 8"/></issue><issue><extension url="http://hl7.org/fhir/StructureDefinition/operationoutcome-issue-source"><valueCode value="Publisher"/></extension><severity value="error"/><code value="not-found"/><details><text value="The link &#39;StructureDefinition-ncdhc-audit-event.html&#39; for &quot;NCDHC Audit Details&quot; cannot be resolved"/></details><location value="C:\Users\60166876\git\au-fhir-childhealth\output\profiles.html#/html/head/body/div/div/div/div/div/ul/li/a at Line 117, column 8"/></issue><issue><extension url="http://hl7.org/fhir/StructureDefinition/operationoutcome-issue-source"><valueCode value="Publisher"/></extension><severity value="error"/><code value="not-found"/><details><text value="The link &#39;StructureDefinition-ncdhc-medicationstatement-vitamink.html&#39; for &quot;NCDHC Medication Administered&quot; cannot be resolved"/></details><location value="C:\Users\60166876\git\au-fhir-childhealth\output\profiles.html#/html/head/body/div/div/div/div/div/ul/li/a at Line 145, column 8"/></issue><issue><extension url="http://hl7.org/fhir/StructureDefinition/operationoutcome-issue-source"><valueCode value="Publisher"/></extension><severity value="error"/><code value="not-found"/><details><text value="The link &#39;StructureDefinition-ncdhc-immunization.html&#39; for &quot;NCDHC Immunisation&quot; cannot be resolved"/></details><location value="C:\Users\60166876\git\au-fhir-childhealth\output\profiles.html#/html/head/body/div/div/div/div/div/ul/li/a at Line 150, column 8"/></issue><issue><extension url="http://hl7.org/fhir/StructureDefinition/operationoutcome-issue-source"><valueCode value="Publisher"/></extension><severity value="error"/><code value="not-found"/><details><text value="The link &#39;Observation-hearing-screen.html&#39; for &quot;Newborn Hearing Screen&quot; cannot be resolved"/></details><location value="C:\Users\60166876\git\au-fhir-childhealth\output\StructureDefinition-ncdhc-observation-hearing-screen.html#/html/head/body/div/div/div/div/div/ul/li/a at Line 191, column 8"/></issue><issue><extension url="http://hl7.org/fhir/StructureDefinition/operationoutcome-issue-source"><valueCode value="Publisher"/></extension><severity value="error"/><code value="not-found"/><details><text value="The link &#39;Observation-bloodspot-screen.html&#39; for &quot;Newborn Bloodspot Screen&quot; cannot be resolved"/></details><location value="C:\Users\60166876\git\au-fhir-childhealth\output\StructureDefinition-ncdhc-observation-bloodspot-screen.html#/html/head/body/div/div/div/div/div/ul/li/a at Line 191, column 8"/></issue><issue><extension url="http://hl7.org/fhir/StructureDefinition/operationoutcome-issue-source"><valueCode value="Publisher"/></extension><severity value="error"/><code value="not-found"/><details><text value="The link &#39;/StructureDefinition-au-pd-organisation.html#search&#39; for &quot;Organization&quot; cannot be resolved"/></details><location value="C:\Users\60166876\git\au-fhir-childhealth\output\capstatements.html#/html/head/body/div/div/div/div/div/table/tbody/tr/td/a at Line 167, column 12"/></issue><issue><extension url="http://hl7.org/fhir/StructureDefinition/operationoutcome-issue-source"><valueCode value="Publisher"/></extension><severity value="error"/><code value="not-found"/><details><text value="The link &#39;/StructureDefinition-au-pd-practitioner.html#search&#39; for &quot;Practitioner&quot; cannot be resolved"/></details><location value="C:\Users\60166876\git\au-fhir-childhealth\output\capstatements.html#/html/head/body/div/div/div/div/div/table/tbody/tr/td/a at Line 173, column 12"/></issue><issue><extension url="http://hl7.org/fhir/StructureDefinition/operationoutcome-issue-source"><valueCode value="Publisher"/></extension><severity value="error"/><code value="not-found"/><details><text value="The link &#39;/StructureDefinition-au-pd-practitionerrole.html#search&#39; for &quot;PractitionerRole&quot; cannot be resolved"/></details><location value="C:\Users\60166876\git\au-fhir-childhealth\output\capstatements.html#/html/head/body/div/div/div/div/div/table/tbody/tr/td/a at Line 179, column 12"/></issue><issue><extension url="http://hl7.org/fhir/StructureDefinition/operationoutcome-issue-source"><valueCode value="Publisher"/></extension><severity value="error"/><code value="not-found"/><details><text value="The link &#39;/StructureDefinition-au-pd-healthcareservice.html#search&#39; for &quot;HealthcareService&quot; cannot be resolved"/></details><location value="C:\Users\60166876\git\au-fhir-childhealth\output\capstatements.html#/html/head/body/div/div/div/div/div/table/tbody/tr/td/a at Line 185, column 12"/></issue><issue><extension url="http://hl7.org/fhir/StructureDefinition/operationoutcome-issue-source"><valueCode value="Publisher"/></extension><severity value="error"/><code value="not-found"/><details><text value="The link &#39;/StructureDefinition-au-pd-location.html#search&#39; for &quot;Location&quot; cannot be resolved"/></details><location value="C:\Users\60166876\git\au-fhir-childhealth\output\capstatements.html#/html/head/body/div/div/div/div/div/table/tbody/tr/td/a at Line 191, column 12"/></issue><issue><extension url="http://hl7.org/fhir/StructureDefinition/operationoutcome-issue-source"><valueCode value="Publisher"/></extension><severity value="error"/><code value="not-found"/><details><text value="The link &#39;/StructureDefinition-au-pd-sm-endpoint.html#search&#39; for &quot;Endpoint&quot; cannot be resolved"/></details><location value="C:\Users\60166876\git\au-fhir-childhealth\output\capstatements.html#/html/head/body/div/div/div/div/div/table/tbody/tr/td/a at Line 197, column 12"/></issue><issue><extension url="http://hl7.org/fhir/StructureDefinition/operationoutcome-issue-source"><valueCode value="Publisher"/></extension><severity value="error"/><code value="not-found"/><details><text value="The link &#39;Observation-birthAbnormalities.html&#39; for &quot;Abnormalities noted at birth&quot; cannot be resolved"/></details><location value="C:\Users\60166876\git\au-fhir-childhealth\output\StructureDefinition-ncdhc-observation-birth-abnormalities.html#/html/head/body/div/div/div/div/div/ul/li/a at Line 191, column 8"/></issue><issue><extension url="http://hl7.org/fhir/StructureDefinition/operationoutcome-issue-source"><valueCode value="Publisher"/></extension><severity value="error"/><code value="not-found"/><details><text value="The link &#39;Observation-lengthOfGestation.html&#39; for &quot;Estimated Gestation&quot; cannot be resolved"/></details><location value="C:\Users\60166876\git\au-fhir-childhealth\output\StructureDefinition-ncdhc-observation-head-shape.html#/html/head/body/div/div/div/div/div/ul/li/a at Line 198, column 8"/></issue><issue><extension url="http://hl7.org/fhir/StructureDefinition/operationoutcome-issue-source"><valueCode value="Publisher"/></extension><severity value="error"/><code value="not-found"/><details><text value="The link &#39;Observation-birth-complications.html&#39; for &quot;Birth Complication&quot; cannot be resolved"/></details><location value="C:\Users\60166876\git\au-fhir-childhealth\output\StructureDefinition-ncdhc-observation-birth-complication.html#/html/head/body/div/div/div/div/div/ul/li/a at Line 191, column 8"/></issue><issue><extension url="http://hl7.org/fhir/StructureDefinition/operationoutcome-issue-source"><valueCode value="Publisher"/></extension><severity value="error"/><code value="not-found"/><details><text value="The link &#39;Bundle-document-birthHI-response-payload.html&#39; for &quot;Newborn Delivery Health Interaction document&quot; cannot be resolved"/></details><location value="C:\Users\60166876\git\au-fhir-childhealth\output\StructureDefinition-ncdhc-composition-birth.html#/html/head/body/div/div/div/div/div/ul/li/a at Line 350, column 8"/></issue><issue><extension url="http://hl7.org/fhir/StructureDefinition/operationoutcome-issue-source"><valueCode value="Publisher"/></extension><severity value="error"/><code value="not-found"/><details><text value="The link &#39;unknown.html&#39; for &quot;??&quot; cannot be resolved"/></details><location value="C:\Users\60166876\git\au-fhir-childhealth\output\StructureDefinition-ncdhc-composition-birth.html#/html/head/body/div/div/div/div/div/div/div/div/div/table/tr/td/a at Line 510, column 1516"/></issue><issue><extension url="http://hl7.org/fhir/StructureDefinition/operationoutcome-issue-source"><valueCode value="Publisher"/></extension><severity value="error"/><code value="not-found"/><details><text value="The link &#39;unknown.html&#39; for &quot;??&quot; cannot be resolved"/></details><location value="C:\Users\60166876\git\au-fhir-childhealth\output\StructureDefinition-ncdhc-composition-birth.html#/html/head/body/div/div/div/div/div/div/div/div/div/table/tr/td/a at Line 949, column 1516"/></issue><issue><extension url="http://hl7.org/fhir/StructureDefinition/operationoutcome-issue-source"><valueCode value="Publisher"/></extension><severity value="error"/><code value="not-found"/><details><text value="The link &#39;http://hl7.org.au/fhir/ch/v1/ValueSet/ncdhc-document-class&#39; for &quot;http://hl7.org.au/fhir/ch/v1/ValueSet/ncdhc-document-class&quot; cannot be resolved"/></details><location value="C:\Users\60166876\git\au-fhir-childhealth\output\StructureDefinition-ncdhc-composition-base.html#/html/head/body/div/div/div/div/div/div/div/div/div/table/tr/td/a at Line 215, column 1615"/></issue><issue><extension url="http://hl7.org/fhir/StructureDefinition/operationoutcome-issue-source"><valueCode value="Publisher"/></extension><severity value="error"/><code value="not-found"/><details><text value="The link &#39;http://hl7.org.au/fhir/ch/v1/ValueSet/ncdhc-document-class&#39; for &quot;http://hl7.org.au/fhir/ch/v1/ValueSet/ncdhc-document-class&quot; cannot be resolved"/></details><location value="C:\Users\60166876\git\au-fhir-childhealth\output\StructureDefinition-ncdhc-composition-base.html#/html/head/body/div/div/div/div/div/div/div/div/div/table/tr/td/a at Line 248, column 1837"/></issue><issue><extension url="http://hl7.org/fhir/StructureDefinition/operationoutcome-issue-source"><valueCode value="Publisher"/></extension><severity value="error"/><code value="not-found"/><details><text value="The link &#39;http://hl7.org.au/fhir/ch/v1/ValueSet/ncdhc-document-class&#39; for &quot;http://hl7.org.au/fhir/ch/v1/ValueSet/ncdhc-document-class&quot; cannot be resolved"/></details><location value="C:\Users\60166876\git\au-fhir-childhealth\output\StructureDefinition-ncdhc-composition-base.html#/html/head/body/div/div/div/div/div/div/div/div/div/table/tr/td/a at Line 445, column 1615"/></issue><issue><extension url="http://hl7.org/fhir/StructureDefinition/operationoutcome-issue-source"><valueCode value="Publisher"/></extension><severity value="error"/><code value="not-found"/><details><text value="The link &#39;http://hl7.org.au/fhir/ch/v1/ValueSet/ncdhc-document-class&#39; for &quot;http://hl7.org.au/fhir/ch/v1/ValueSet/ncdhc-document-class&quot; cannot be resolved"/></details><location value="C:\Users\60166876\git\au-fhir-childhealth\output\StructureDefinition-ncdhc-composition-base.html#/html/head/body/div/div/div/div/div/div/div/div/div/table/tr/td/a at Line 476, column 1837"/></issue><issue><extension url="http://hl7.org/fhir/StructureDefinition/operationoutcome-issue-source"><valueCode value="Publisher"/></extension><severity value="error"/><code value="not-found"/><details><text value="The link &#39;FamilyMemberHistory-family-history-discharge.html&#39; for &quot;Family History&quot; cannot be resolved"/></details><location value="C:\Users\60166876\git\au-fhir-childhealth\output\StructureDefinition-ncdhc-familymemberhistory-discharge.html#/html/head/body/div/div/div/div/div/ul/li/a at Line 164, column 8"/></issue><issue><extension url="http://hl7.org/fhir/StructureDefinition/operationoutcome-issue-source"><valueCode value="Publisher"/></extension><severity value="error"/><code value="not-found"/><details><text value="The link &#39;condition-snomed-code.html&#39; for &quot;condition-snomed-code&quot; cannot be resolved"/></details><location value="C:\Users\60166876\git\au-fhir-childhealth\output\StructureDefinition-ncdhc-familymemberhistory-discharge.html#/html/head/body/div/div/div/div/div/div/div/div/div/table/tr/td/a at Line 292, column 2140"/></issue><issue><extension url="http://hl7.org/fhir/StructureDefinition/operationoutcome-issue-source"><valueCode value="Publisher"/></extension><severity value="error"/><code value="not-found"/><details><text value="The link &#39;condition-snomed-code.html&#39; for &quot;condition-snomed-code&quot; cannot be resolved"/></details><location value="C:\Users\60166876\git\au-fhir-childhealth\output\StructureDefinition-ncdhc-familymemberhistory-discharge.html#/html/head/body/div/div/div/div/div/div/div/div/div/table/tr/td/a at Line 454, column 2140"/></issue><issue><extension url="http://hl7.org/fhir/StructureDefinition/operationoutcome-issue-source"><valueCode value="Publisher"/></extension><severity value="error"/><code value="not-found"/><details><text value="The link &#39;Bundle-document-exam-payload.html&#39; for &quot;Newborn Exam Health Interaction document&quot; cannot be resolved"/></details><location value="C:\Users\60166876\git\au-fhir-childhealth\output\StructureDefinition-ncdhc-composition-exam.html#/html/head/body/div/div/div/div/div/ul/li/a at Line 320, column 8"/></issue><issue><extension url="http://hl7.org/fhir/StructureDefinition/operationoutcome-issue-source"><valueCode value="Publisher"/></extension><severity value="error"/><code value="not-found"/><details><text value="The link &#39;http://hl7.org.au/fhir/base2018Oct/StructureDefinition-au-immunisation.html&#39; for &quot;Immunization&quot; cannot be resolved"/></details><location value="C:\Users\60166876\git\au-fhir-childhealth\output\StructureDefinition-ncdhc-immunisation.html#/html/head/body/div/div/div/div/div/p/a at Line 130, column 52"/></issue><issue><extension url="http://hl7.org/fhir/StructureDefinition/operationoutcome-issue-source"><valueCode value="Publisher"/></extension><severity value="error"/><code value="not-found"/><details><text value="The link &#39;Immunization-hepb-immunoglobin.html&#39; for &quot;HepB Immunoglobin&quot; cannot be resolved"/></details><location value="C:\Users\60166876\git\au-fhir-childhealth\output\StructureDefinition-ncdhc-immunisation.html#/html/head/body/div/div/div/div/div/ul/li/a at Line 193, column 8"/></issue><issue><extension url="http://hl7.org/fhir/StructureDefinition/operationoutcome-issue-source"><valueCode value="Publisher"/></extension><severity value="error"/><code value="not-found"/><details><text value="The link &#39;Immunization-hepb-immunisation.html&#39; for &quot;HepB Immunisation&quot; cannot be resolved"/></details><location value="C:\Users\60166876\git\au-fhir-childhealth\output\StructureDefinition-ncdhc-immunisation.html#/html/head/body/div/div/div/div/div/ul/li/a at Line 194, column 8"/></issue><issue><extension url="http://hl7.org/fhir/StructureDefinition/operationoutcome-issue-source"><valueCode value="Publisher"/></extension><severity value="error"/><code value="not-found"/><details><text value="The link &#39;http://hl7.org.au/fhir/ch/v1/ValueSet/ncdhc-document-class&#39; for &quot;http://hl7.org.au/fhir/ch/v1/ValueSet/ncdhc-document-class&quot; cannot be resolved"/></details><location value="C:\Users\60166876\git\au-fhir-childhealth\output\StructureDefinition-ncdhc-composition-hearing-screen-definitions.html#/html/head/body/div/div/div/div/div/table/tr/td/a at Line 226, column 117"/></issue><issue><extension url="http://hl7.org/fhir/StructureDefinition/operationoutcome-issue-source"><valueCode value="Publisher"/></extension><severity value="error"/><code value="not-found"/><details><text value="The link &#39;Consent-expected-mother-for-child.html&#39; for &quot;Consent from Expected Mother to have a record created when the child is born&quot; cannot be resolved"/></details><location value="C:\Users\60166876\git\au-fhir-childhealth\output\StructureDefinition-ncdhc-consent.html#/html/head/body/div/div/div/div/div/ul/li/a at Line 212, column 8"/></issue><issue><extension url="http://hl7.org/fhir/StructureDefinition/operationoutcome-issue-source"><valueCode value="Publisher"/></extension><severity value="error"/><code value="not-found"/><details><text value="The link &#39;Consent-child.html&#39; for &quot;Child Consent&quot; cannot be resolved"/></details><location value="C:\Users\60166876\git\au-fhir-childhealth\output\StructureDefinition-ncdhc-consent.html#/html/head/body/div/div/div/div/div/ul/li/a at Line 213, column 8"/></issue><issue><extension url="http://hl7.org/fhir/StructureDefinition/operationoutcome-issue-source"><valueCode value="Publisher"/></extension><severity value="error"/><code value="not-found"/><details><text value="The link &#39;http://hl7.org.au/fhir/ch/v1/ValueSet/ncdhc-consent-category&#39; for &quot;NCDHC Consent Category&quot; cannot be resolved"/></details><location value="C:\Users\60166876\git\au-fhir-childhealth\output\StructureDefinition-ncdhc-consent.html#/html/head/body/div/div/div/div/div/div/div/div/div/ol/li/ul/li/a at Line 287, column 193"/></issue><issue><extension url="http://hl7.org/fhir/StructureDefinition/operationoutcome-issue-source"><valueCode value="Publisher"/></extension><severity value="error"/><code value="not-found"/><details><text value="The link &#39;http://hl7.org.au/fhir/ch/v1/StructureDefinition/ncdhc-patient&#39; for &quot;(NCDHC Patient)&quot; cannot be resolved"/></details><location value="C:\Users\60166876\git\au-fhir-childhealth\output\StructureDefinition-ncdhc-consent.html#/html/head/body/div/div/div/div/div/div/div/div/div/ol/li/ul/li/a at Line 288, column 55"/></issue><issue><extension url="http://hl7.org/fhir/StructureDefinition/operationoutcome-issue-source"><valueCode value="Publisher"/></extension><severity value="error"/><code value="not-found"/><details><text value="The link &#39;http://hl7.org.au/fhir/ch/v1/StructureDefinition/ncdhc-patient&#39; for &quot;(NCDHC Patient)&quot; cannot be resolved"/></details><location value="C:\Users\60166876\git\au-fhir-childhealth\output\StructureDefinition-ncdhc-consent.html#/html/head/body/div/div/div/div/div/div/div/div/div/ol/li/ul/li/a at Line 290, column 173"/></issue><issue><extension url="http://hl7.org/fhir/StructureDefinition/operationoutcome-issue-source"><valueCode value="Publisher"/></extension><severity value="error"/><code value="not-found"/><details><text value="The link &#39;http://hl7.org.au/fhir/ch/v1/ValueSet/ncdhc-consent-category&#39; for &quot;NCDHC Consent Category&quot; cannot be resolved"/></details><location value="C:\Users\60166876\git\au-fhir-childhealth\output\StructureDefinition-ncdhc-consent.html#/html/head/body/div/div/div/div/div/div/div/div/div/ol/li/ul/li/a at Line 498, column 193"/></issue><issue><extension url="http://hl7.org/fhir/StructureDefinition/operationoutcome-issue-source"><valueCode value="Publisher"/></extension><severity value="error"/><code value="not-found"/><details><text value="The link &#39;http://hl7.org.au/fhir/ch/v1/StructureDefinition/ncdhc-patient&#39; for &quot;(NCDHC Patient)&quot; cannot be resolved"/></details><location value="C:\Users\60166876\git\au-fhir-childhealth\output\StructureDefinition-ncdhc-consent.html#/html/head/body/div/div/div/div/div/div/div/div/div/ol/li/ul/li/a at Line 499, column 55"/></issue><issue><extension url="http://hl7.org/fhir/StructureDefinition/operationoutcome-issue-source"><valueCode value="Publisher"/></extension><severity value="error"/><code value="not-found"/><details><text value="The link &#39;http://hl7.org.au/fhir/ch/v1/StructureDefinition/ncdhc-patient&#39; for &quot;(NCDHC Patient)&quot; cannot be resolved"/></details><location value="C:\Users\60166876\git\au-fhir-childhealth\output\StructureDefinition-ncdhc-consent.html#/html/head/body/div/div/div/div/div/div/div/div/div/ol/li/ul/li/a at Line 501, column 173"/></issue><issue><extension url="http://hl7.org/fhir/StructureDefinition/operationoutcome-issue-source"><valueCode value="Publisher"/></extension><severity value="error"/><code value="not-found"/><details><text value="The link &#39;Observation-feeding-status.html&#39; for &quot;Feeding Status&quot; cannot be resolved"/></details><location value="C:\Users\60166876\git\au-fhir-childhealth\output\StructureDefinition-ncdhc-observation-feeding-status.html#/html/head/body/div/div/div/div/div/ul/li/a at Line 191, column 8"/></issue><issue><extension url="http://hl7.org/fhir/StructureDefinition/operationoutcome-issue-source"><valueCode value="Publisher"/></extension><severity value="error"/><code value="not-found"/><details><text value="The link &#39;Observation-vitalsing.bmi.html&#39; for &quot;Body Mass Index (BMI)&quot; cannot be resolved"/></details><location value="C:\Users\60166876\git\au-fhir-childhealth\output\StructureDefinition-ncdhc-observation-vitalsign-bmi.html#/html/head/body/div/div/div/div/div/ul/li/a at Line 197, column 8"/></issue><issue><extension url="http://hl7.org/fhir/StructureDefinition/operationoutcome-issue-source"><valueCode value="Publisher"/></extension><severity value="error"/><code value="not-found"/><details><text value="The link &#39;http://hl7.org.au/fhir/base2018Oct/StructureDefinition-au-composition.html&#39; for &quot;Composition&quot; cannot be resolved"/></details><location value="C:\Users\60166876\git\au-fhir-childhealth\output\StructureDefinition-ncdhc-composition-hearing-screen.html#/html/head/body/div/div/div/div/div/p/a at Line 130, column 112"/></issue><issue><extension url="http://hl7.org/fhir/StructureDefinition/operationoutcome-issue-source"><valueCode value="Publisher"/></extension><severity value="error"/><code value="not-found"/><details><text value="The link &#39;Bundle-document-hearing-screen-payload.html&#39; for &quot;Newborn Hearing Screen Health Interaction document&quot; cannot be resolved"/></details><location value="C:\Users\60166876\git\au-fhir-childhealth\output\StructureDefinition-ncdhc-composition-hearing-screen.html#/html/head/body/div/div/div/div/div/ul/li/a at Line 219, column 8"/></issue><issue><extension url="http://hl7.org/fhir/StructureDefinition/operationoutcome-issue-source"><valueCode value="Publisher"/></extension><severity value="error"/><code value="not-found"/><details><text value="The link &#39;http://hl7.org.au/fhir/ch/v1/ValueSet/ncdhc-document-class&#39; for &quot;http://hl7.org.au/fhir/ch/v1/ValueSet/ncdhc-document-class&quot; cannot be resolved"/></details><location value="C:\Users\60166876\git\au-fhir-childhealth\output\StructureDefinition-ncdhc-composition-hearing-screen.html#/html/head/body/div/div/div/div/div/div/div/div/div/table/tr/td/a at Line 320, column 1847"/></issue><issue><extension url="http://hl7.org/fhir/StructureDefinition/operationoutcome-issue-source"><valueCode value="Publisher"/></extension><severity value="error"/><code value="not-found"/><details><text value="The link &#39;http://hl7.org.au/fhir/ch/v1/ValueSet/ncdhc-document-class&#39; for &quot;http://hl7.org.au/fhir/ch/v1/ValueSet/ncdhc-document-class&quot; cannot be resolved"/></details><location value="C:\Users\60166876\git\au-fhir-childhealth\output\StructureDefinition-ncdhc-composition-hearing-screen.html#/html/head/body/div/div/div/div/div/div/div/div/div/table/tr/td/a at Line 525, column 1847"/></issue></OperationOutcome></resource></entry><entry><resource><OperationOutcome><extension url="http://hl7.org/fhir/StructureDefinition/operationoutcome-file"><valueString value="C:\Users\60166876\git\au-fhir-childhealth\examples\Bundle-document-healthcheck-response-payload"/></extension><issue><extension url="http://hl7.org/fhir/StructureDefinition/operationoutcome-issue-source"><valueCode value="InstanceValidator"/></extension><severity value="information"/><code value="informational"/><details><text value="This element does not match any known slice for the profile http://hl7.org.au/fhir/ch/v1/StructureDefinition/ncdhc-patient"/></details><location value="Bundle/28900024-070c-4141-8109-9d9fa34dd24b: Bundle.entry[2].resource.identifier[2] (line 147, col12)"/></issue><issue><extension url="http://hl7.org/fhir/StructureDefinition/operationoutcome-issue-source"><valueCode value="InstanceValidator"/></extension><severity value="warning"/><code value="code-invalid"/><details><text value="No code provided, and a code should be provided from the value set http://hl7.org/fhir/ValueSet/identifier-type (http://hl7.org/fhir/ValueSet/identifier-type"/></details><location value="Bundle/28900024-070c-4141-8109-9d9fa34dd24b: Bundle.entry[3].resource.identifier.type"/></issue><issue><extension url="http://hl7.org/fhir/StructureDefinition/operationoutcome-issue-source"><valueCode value="InstanceValidator"/></extension><severity value="error"/><code value="processing"/><details><text value="Could not match discriminator (type) for slice Practitioner.identifier:careAgencyEmployeeIdentifier in profile http://hl7.org.au/fhir/StructureDefinition/au-practitioner - does not have fixed value, binding or existence assertions"/></details><location value="Bundle/28900024-070c-4141-8109-9d9fa34dd24b: Bundle.entry[4].resource.identifier (line 296, col12)"/></issue><issue><extension url="http://hl7.org/fhir/StructureDefinition/operationoutcome-issue-source"><valueCode value="InstanceValidator"/></extension><severity value="error"/><code value="processing"/><details><text value="Could not match discriminator (type) for slice Practitioner.identifier:ahpraRegistration in profile http://hl7.org.au/fhir/StructureDefinition/au-practitioner - does not have fixed value, binding or existence assertions"/></details><location value="Bundle/28900024-070c-4141-8109-9d9fa34dd24b: Bundle.entry[4].resource.identifier (line 296, col12)"/></issue><issue><extension url="http://hl7.org/fhir/StructureDefinition/operationoutcome-issue-source"><valueCode value="TerminologyEngine"/></extension><severity value="information"/><code value="code-invalid"/><details><text value="None of the codes provided are in the value set http://hl7.org/fhir/ValueSet/observation-category (http://hl7.org/fhir/ValueSet/observation-category, and a code is recommended to come from this value set) (codes = http://terminology.hl7.org/CodeSystem/observation-category#vital-signs)"/></details><location value="Bundle/28900024-070c-4141-8109-9d9fa34dd24b: Bundle.entry[6].resource.category (line 504, col12)"/></issue><issue><extension url="http://hl7.org/fhir/StructureDefinition/operationoutcome-issue-source"><valueCode value="InstanceValidator"/></extension><severity value="information"/><code value="informational"/><details><text value="This element does not match any known slice for the profile http://hl7.org.au/fhir/ch/v1/StructureDefinition/ncdhc-observation-vitalsign-bodyweight"/></details><location value="Bundle/28900024-070c-4141-8109-9d9fa34dd24b: Bundle.entry[6].resource.code.coding[1] (line 458, col14)"/></issue><issue><extension url="http://hl7.org/fhir/StructureDefinition/operationoutcome-issue-source"><valueCode value="InstanceValidator"/></extension><severity value="error"/><code value="structure"/><details><text value="Profile http://hl7.org.au/fhir/ch/v1/StructureDefinition/ncdhc-observation-vitalsign-bodyweight, Element &#39;Bundle.entry[6].resource.code.coding[BodyWeightCode]&#39;: minimum required = 1, but only found 0"/></details><location value="Bundle/28900024-070c-4141-8109-9d9fa34dd24b: Bundle.entry[6].resource.code"/></issue><issue><extension url="http://hl7.org/fhir/StructureDefinition/operationoutcome-issue-source"><valueCode value="TerminologyEngine"/></extension><severity value="information"/><code value="code-invalid"/><details><text value="None of the codes provided are in the value set http://hl7.org/fhir/ValueSet/observation-category (http://hl7.org/fhir/ValueSet/observation-category, and a code is recommended to come from this value set) (codes = http://terminology.hl7.org/CodeSystem/observation-category#vital-signs)"/></details><location value="Bundle/28900024-070c-4141-8109-9d9fa34dd24b: Bundle.entry[7].resource.category (line 504, col12)"/></issue><issue><extension url="http://hl7.org/fhir/StructureDefinition/operationoutcome-issue-source"><valueCode value="InstanceValidator"/></extension><severity value="error"/><code value="processing"/><details><text value="Could not match discriminator (type) for slice Practitioner.identifier:careAgencyEmployeeIdentifier in profile http://hl7.org.au/fhir/StructureDefinition/au-practitioner - does not have fixed value, binding or existence assertions"/></details><location value="Bundle/28900024-070c-4141-8109-9d9fa34dd24b: Bundle.entry[7].resource.performer.resource.identifier (line 368, col12)"/></issue><issue><extension url="http://hl7.org/fhir/StructureDefinition/operationoutcome-issue-source"><valueCode value="InstanceValidator"/></extension><severity value="error"/><code value="processing"/><details><text value="Could not match discriminator (type) for slice Practitioner.identifier:ahpraRegistration in profile http://hl7.org.au/fhir/StructureDefinition/au-practitioner - does not have fixed value, binding or existence assertions"/></details><location value="Bundle/28900024-070c-4141-8109-9d9fa34dd24b: Bundle.entry[7].resource.performer.resource.identifier (line 368, col12)"/></issue><issue><extension url="http://hl7.org/fhir/StructureDefinition/operationoutcome-issue-source"><valueCode value="InstanceValidator"/></extension><severity value="information"/><code value="informational"/><details><text value="This element does not match any known slice for the profile http://hl7.org.au/fhir/ch/v1/StructureDefinition/ncdhc-observation-vitalsign-bodyweight"/></details><location value="Bundle/28900024-070c-4141-8109-9d9fa34dd24b: Bundle.entry[7].resource.code.coding[1] (line 517, col14)"/></issue><issue><extension url="http://hl7.org/fhir/StructureDefinition/operationoutcome-issue-source"><valueCode value="InstanceValidator"/></extension><severity value="information"/><code value="informational"/><details><text value="This element does not match any known slice for the profile http://hl7.org.au/fhir/ch/v1/StructureDefinition/ncdhc-observation-vitalsign-bodyweight"/></details><location value="Bundle/28900024-070c-4141-8109-9d9fa34dd24b: Bundle.entry[7].resource.code.coding[2] (line 522, col14)"/></issue><issue><extension url="http://hl7.org/fhir/StructureDefinition/operationoutcome-issue-source"><valueCode value="InstanceValidator"/></extension><severity value="error"/><code value="structure"/><details><text value="Profile http://hl7.org.au/fhir/ch/v1/StructureDefinition/ncdhc-observation-vitalsign-bodyweight, Element &#39;Bundle.entry[7].resource.code.coding[BodyWeightCode]&#39;: minimum required = 1, but only found 0"/></details><location value="Bundle/28900024-070c-4141-8109-9d9fa34dd24b: Bundle.entry[7].resource.code"/></issue><issue><extension url="http://hl7.org/fhir/StructureDefinition/operationoutcome-issue-source"><valueCode value="InstanceValidator"/></extension><severity value="error"/><code value="structure"/><details><text value="Profile http://hl7.org.au/fhir/ch/v1/StructureDefinition/ncdhc-observation-vitalsign-bodyweight, Element &#39;Bundle.entry[7].resource.code.coding[BodyWeightSNOMEDCTAUCode]&#39;: minimum required = 1, but only found 0"/></details><location value="Bundle/28900024-070c-4141-8109-9d9fa34dd24b: Bundle.entry[7].resource.code"/></issue><issue><extension url="http://hl7.org/fhir/StructureDefinition/operationoutcome-issue-source"><valueCode value="TerminologyEngine"/></extension><severity value="error"/><code value="code-invalid"/><details><text value="The value provided (&#39;kg/m2&#39;) is not in the value set http://hl7.org/fhir/ValueSet/ucum-bodyweight (http://hl7.org/fhir/ValueSet/ucum-bodyweight, and a code is required from this value set) (error message = The code system &quot;&quot; is not known; The code provided (#kg/m2) is not  valid in the value set Body Weight Units)"/></details><location value="Bundle/28900024-070c-4141-8109-9d9fa34dd24b: Bundle.entry[7].resource.valueQuantity.code (line 544, col10)"/></issue><issue><extension url="http://hl7.org/fhir/StructureDefinition/operationoutcome-issue-source"><valueCode value="InstanceValidator"/></extension><severity value="error"/><code value="structure"/><details><text value="Profile http://hl7.org.au/fhir/ch/v1/StructureDefinition/ncdhc-observation-head-shape, Element &#39;Bundle.entry[8].resource.valueCodeableConcept[valueCodeableConcept]&#39;: minimum required = 1, but only found 0"/></details><location value="Bundle/28900024-070c-4141-8109-9d9fa34dd24b: Bundle.entry[8].resource"/></issue><issue><extension url="http://hl7.org/fhir/StructureDefinition/operationoutcome-issue-source"><valueCode value="InstanceValidator"/></extension><severity value="error"/><code value="value"/><details><text value="Value is &#39;249537008&#39; but must be &#39;301312002&#39;"/></details><location value="Bundle/28900024-070c-4141-8109-9d9fa34dd24b: Bundle.entry[8].resource.code.coding.code (line 567, col14)"/></issue></OperationOutcome></resource></entry><entry><resource><OperationOutcome><extension url="http://hl7.org/fhir/StructureDefinition/operationoutcome-file"><valueString value="C:\Users\60166876\git\au-fhir-childhealth\examples\patient-example-mother"/></extension><issue><extension url="http://hl7.org/fhir/StructureDefinition/operationoutcome-issue-source"><valueCode value="InstanceValidator"/></extension><severity value="information"/><code value="informational"/><details><text value="This element does not match any known slice for the profile http://hl7.org.au/fhir/ch/v1/StructureDefinition/ncdhc-patient"/></details><location value="Patient/example-mother: Patient.identifier (line 14, col6)"/></issue></OperationOutcome></resource></entry><entry><resource><OperationOutcome><extension url="http://hl7.org/fhir/StructureDefinition/operationoutcome-file"><valueString value="C:\Users\60166876\git\au-fhir-childhealth\examples\patient-example-newborn"/></extension><issue><extension url="http://hl7.org/fhir/StructureDefinition/operationoutcome-issue-source"><valueCode value="InstanceValidator"/></extension><severity value="information"/><code value="informational"/><details><text value="This element does not match any known slice for the profile http://hl7.org.au/fhir/ch/v1/StructureDefinition/ncdhc-patient"/></details><location value="Patient/example-newborn: Patient.identifier[2] (line 36, col6)"/></issue></OperationOutcome></resource></entry><entry><resource><OperationOutcome><extension url="http://hl7.org/fhir/StructureDefinition/operationoutcome-file"><valueString value="C:\Users\60166876\git\au-fhir-childhealth\resources\structuredefinition-ncdhc-composition-base"/></extension><issue><extension url="http://hl7.org/fhir/StructureDefinition/operationoutcome-issue-source"><valueCode value="InstanceValidator"/></extension><severity value="error"/><code value="structure"/><details><text value="Unable to resolve resource &#39;http://hl7.org.au/fhir/ch/v1/ValueSet/ncdhc-document-class&#39;"/></details><location value="StructureDefinition/ncdhc-composition-base: StructureDefinition.differential.element[3].binding.valueSetReference"/></issue></OperationOutcome></resource></entry><entry><resource><OperationOutcome><extension url="http://hl7.org/fhir/StructureDefinition/operationoutcome-file"><valueString value="C:\Users\60166876\git\au-fhir-childhealth\resources\structuredefinition-ncdhc-composition-birth"/></extension><issue><extension url="http://hl7.org/fhir/StructureDefinition/operationoutcome-issue-source"><valueCode value="InstanceValidator"/></extension><severity value="error"/><code value="code-invalid"/><details><text value="Error null validating Coding"/></details><location value="StructureDefinition/ncdhc-composition-birth: StructureDefinition.differential.element[24].fixedCodeableConcept.coding (line 291, col14)"/></issue></OperationOutcome></resource></entry><entry><resource><OperationOutcome><extension url="http://hl7.org/fhir/StructureDefinition/operationoutcome-file"><valueString value="C:\Users\60166876\git\au-fhir-childhealth\resources\structuredefinition-ncdhc-familymemberhistory-discharge"/></extension><issue><extension url="http://hl7.org/fhir/StructureDefinition/operationoutcome-issue-source"><valueCode value="InstanceValidator"/></extension><severity value="error"/><code value="structure"/><details><text value="Unable to resolve resource &#39;https://healthterminologies.gov.au/fhir/ValueSet/clinical-finding-1&#39;"/></details><location value="StructureDefinition/ncdhc-familymemberhistory-discharge: StructureDefinition.snapshot.element[34].binding.valueSetReference"/></issue><issue><extension url="http://hl7.org/fhir/StructureDefinition/operationoutcome-issue-source"><valueCode value="InstanceValidator"/></extension><severity value="error"/><code value="structure"/><details><text value="Unable to resolve resource &#39;https://healthterminologies.gov.au/fhir/ValueSet/clinical-finding-1&#39;"/></details><location value="StructureDefinition/ncdhc-familymemberhistory-discharge: StructureDefinition.differential.element[3].binding.valueSetReference"/></issue></OperationOutcome></resource></entry><entry><resource><OperationOutcome><extension url="http://hl7.org/fhir/StructureDefinition/operationoutcome-file"><valueString value="C:\Users\60166876\git\au-fhir-childhealth\resources\structuredefinition-ncdhc-immunisation"/></extension><issue><extension url="http://hl7.org/fhir/StructureDefinition/operationoutcome-issue-source"><valueCode value="InstanceValidator"/></extension><severity value="error"/><code value="structure"/><details><text value="Unable to resolve resource &#39;https://healthterminologies.gov.au/fhir/ValueSet/amt-vaccine-1&#39;"/></details><location value="StructureDefinition/ncdhc-immunisation: StructureDefinition.snapshot.element[17].binding.valueSetReference"/></issue><issue><extension url="http://hl7.org/fhir/StructureDefinition/operationoutcome-issue-source"><valueCode value="InstanceValidator"/></extension><severity value="error"/><code value="structure"/><details><text value="Unable to resolve resource &#39;https://healthterminologies.gov.au/fhir/ValueSet/australian-immunisation-register-vaccine-1&#39;"/></details><location value="StructureDefinition/ncdhc-immunisation: StructureDefinition.snapshot.element[18].binding.valueSetReference"/></issue><issue><extension url="http://hl7.org/fhir/StructureDefinition/operationoutcome-issue-source"><valueCode value="InstanceValidator"/></extension><severity value="error"/><code value="structure"/><details><text value="Unable to resolve resource &#39;https://healthterminologies.gov.au/fhir/ValueSet/immunisation-anatomical-site-1&#39;"/></details><location value="StructureDefinition/ncdhc-immunisation: StructureDefinition.snapshot.element[32].binding.valueSetReference"/></issue><issue><extension url="http://hl7.org/fhir/StructureDefinition/operationoutcome-issue-source"><valueCode value="InstanceValidator"/></extension><severity value="error"/><code value="structure"/><details><text value="Unable to resolve resource &#39;https://healthterminologies.gov.au/fhir/ValueSet/immunisation-route-of-administration-1&#39;"/></details><location value="StructureDefinition/ncdhc-immunisation: StructureDefinition.snapshot.element[38].binding.valueSetReference"/></issue><issue><extension url="http://hl7.org/fhir/StructureDefinition/operationoutcome-issue-source"><valueCode value="InstanceValidator"/></extension><severity value="error"/><code value="structure"/><details><text value="Unable to resolve resource &#39;https://healthterminologies.gov.au/fhir/ValueSet/reason-vaccine-not-administered-1&#39;"/></details><location value="StructureDefinition/ncdhc-immunisation: StructureDefinition.snapshot.element[82].binding.valueSetReference"/></issue><issue><extension url="http://hl7.org/fhir/StructureDefinition/operationoutcome-issue-source"><valueCode value="InstanceValidator"/></extension><severity value="error"/><code value="structure"/><details><text value="Unable to resolve resource &#39;https://healthterminologies.gov.au/fhir/ValueSet/amt-vaccine-1&#39;"/></details><location value="StructureDefinition/ncdhc-immunisation: StructureDefinition.differential.element[2].binding.valueSetReference"/></issue><issue><extension url="http://hl7.org/fhir/StructureDefinition/operationoutcome-issue-source"><valueCode value="InstanceValidator"/></extension><severity value="error"/><code value="structure"/><details><text value="Unable to resolve resource &#39;https://healthterminologies.gov.au/fhir/ValueSet/australian-immunisation-register-vaccine-1&#39;"/></details><location value="StructureDefinition/ncdhc-immunisation: StructureDefinition.differential.element[3].binding.valueSetReference"/></issue><issue><extension url="http://hl7.org/fhir/StructureDefinition/operationoutcome-issue-source"><valueCode value="InstanceValidator"/></extension><severity value="error"/><code value="structure"/><details><text value="Unable to resolve resource &#39;https://healthterminologies.gov.au/fhir/ValueSet/immunisation-anatomical-site-1&#39;"/></details><location value="StructureDefinition/ncdhc-immunisation: StructureDefinition.differential.element[5].binding.valueSetReference"/></issue><issue><extension url="http://hl7.org/fhir/StructureDefinition/operationoutcome-issue-source"><valueCode value="InstanceValidator"/></extension><severity value="error"/><code value="structure"/><details><text value="Unable to resolve resource &#39;https://healthterminologies.gov.au/fhir/ValueSet/immunisation-route-of-administration-1&#39;"/></details><location value="StructureDefinition/ncdhc-immunisation: StructureDefinition.differential.element[6].binding.valueSetReference"/></issue><issue><extension url="http://hl7.org/fhir/StructureDefinition/operationoutcome-issue-source"><valueCode value="InstanceValidator"/></extension><severity value="error"/><code value="structure"/><details><text value="Unable to resolve resource &#39;https://healthterminologies.gov.au/fhir/ValueSet/reason-vaccine-not-administered-1&#39;"/></details><location value="StructureDefinition/ncdhc-immunisation: StructureDefinition.differential.element[7].binding.valueSetReference"/></issue></OperationOutcome></resource></entry><entry><resource><OperationOutcome><extension url="http://hl7.org/fhir/StructureDefinition/operationoutcome-file"><valueString value="C:\Users\60166876\git\au-fhir-childhealth\resources\structuredefinition-ncdhc-patient"/></extension><issue><extension url="http://hl7.org/fhir/StructureDefinition/operationoutcome-issue-source"><valueCode value="InstanceValidator"/></extension><severity value="error"/><code value="structure"/><details><text value="The extension http://hl7.org/fhir/StructureDefinition/structuredefinition-standards-status is unknown, and not allowed here"/></details><location value="StructureDefinition/ncdhc-patient: StructureDefinition.differential.element[1].extension (line 22, col12)"/></issue></OperationOutcome></resource></entry><entry><resource><OperationOutcome><extension url="http://hl7.org/fhir/StructureDefinition/operationoutcome-file"><valueString value="C:\Users\60166876\git\au-fhir-childhealth\resources\valueset-apgar-colour-finding"/></extension><issue><extension url="http://hl7.org/fhir/StructureDefinition/operationoutcome-issue-source"><valueCode value="TerminologyEngine"/></extension><severity value="error"/><code value="exception"/><details><text value="Error from Server: unable to find LA6722-8 in http://loinc.org"/></details><location value="apgar-colour-finding"/></issue></OperationOutcome></resource></entry><entry><resource><OperationOutcome><extension url="http://hl7.org/fhir/StructureDefinition/operationoutcome-file"><valueString value="C:\Users\60166876\git\au-fhir-childhealth\resources\valueset-apgar-heart-rate-finding"/></extension><issue><extension url="http://hl7.org/fhir/StructureDefinition/operationoutcome-issue-source"><valueCode value="TerminologyEngine"/></extension><severity value="error"/><code value="exception"/><details><text value="Error from Server: unable to find LA6716-0 in http://loinc.org"/></details><location value="apgar-heart-rate-finding"/></issue></OperationOutcome></resource></entry><entry><resource><OperationOutcome><extension url="http://hl7.org/fhir/StructureDefinition/operationoutcome-file"><valueString value="C:\Users\60166876\git\au-fhir-childhealth\resources\valueset-apgar-muscle-tone-finding"/></extension><issue><extension url="http://hl7.org/fhir/StructureDefinition/operationoutcome-issue-source"><valueCode value="TerminologyEngine"/></extension><severity value="error"/><code value="exception"/><details><text value="Error from Server: unable to find LA6713-7 in http://loinc.org"/></details><location value="apgar-muscle-tone-finding"/></issue></OperationOutcome></resource></entry><entry><resource><OperationOutcome><extension url="http://hl7.org/fhir/StructureDefinition/operationoutcome-file"><valueString value="C:\Users\60166876\git\au-fhir-childhealth\resources\valueset-apgar-reflex-irritability-finding"/></extension><issue><extension url="http://hl7.org/fhir/StructureDefinition/operationoutcome-issue-source"><valueCode value="TerminologyEngine"/></extension><severity value="error"/><code value="exception"/><details><text value="Error from Server: unable to find LA6719-4 in http://loinc.org"/></details><location value="apgar-reflex-irritability-finding"/></issue></OperationOutcome></resource></entry><entry><resource><OperationOutcome><extension url="http://hl7.org/fhir/StructureDefinition/operationoutcome-file"><valueString value="C:\Users\60166876\git\au-fhir-childhealth\resources\valueset-apgar-respiratory-effort-finding"/></extension><issue><extension url="http://hl7.org/fhir/StructureDefinition/operationoutcome-issue-source"><valueCode value="TerminologyEngine"/></extension><severity value="error"/><code value="exception"/><details><text value="Error from Server: unable to find LA6725-1 in http://loinc.org"/></details><location value="apgar-respiratory-effort-finding"/></issue></OperationOutcome></resource></entry></Bundle>