{
  "resourceType": "ValueSet",
  "id": "apgar-score-type-snomedct",
  "meta": {
    "versionId": "1",
    "lastUpdated": "2018-09-18T09:41:00.000+10:00",
    "profile": [
      "http://hl7.org/fhir/StructureDefinition/shareablevalueset"
    ]
  },
  "text": {
    "status": "generated",
    "div": "<div xmlns=\"http://www.w3.org/1999/xhtml\">\n        <p>APGAR score observation type</p>\n    </div>"
  },
  "extension": [
    {
      "url": "http://hl7.org/fhir/StructureDefinition/structuredefinition-ballot-status",
      "valueString": "Informative"
    },
    {
      "url": "http://hl7.org/fhir/StructureDefinition/structuredefinition-fmm",
      "valueInteger": 0
    }
  ],
  "url": "http://hl7.org.au/fhir/ch/ValueSet/apgar-score-type-snomedct",
  "version": "3.0.1",
  "name": "APGARScoreObservationTypesSNOMEDCT",
  "title": "APGAR Score Observation Types (SNOMED CT)",
  "status": "draft",
  "experimental": true,
  "date": "2018-09-18",
  "publisher": "HL7 Australia (Child Health WG)",
  "contact": [
    {
      "telecom": [
        {
          "system": "url",
          "value": "http://hl7.org.au"
        }
      ]
    }
  ],
  "description": "APGAR score observation types 1, 5, 10 minutes, SNOMED CT binding",
  "compose": {
    "include": [
      {
        "system": "http://snomed.info/sct",
        "concept": [
          {
            "code": "169895004"
          }
        ]
      },
      {
        "system": "http://snomed.info/sct",
        "concept": [
          {
            "code": "169909004"
          }
        ]
      },
      {
        "system": "http://snomed.info/sct",
        "concept": [
          {
            "code": "169922007"
          }
        ]
      }
    ]
  }
}