<?xml version="1.0" encoding="UTF-8"?>

<ValueSet xmlns="http://hl7.org/fhir">
  <id value="apgar-score-type-snomedct"/>
  <meta>
    <versionId value="1"/>
    <lastUpdated value="2018-09-18T09:41:00.000+10:00"/>
    <profile value="http://hl7.org/fhir/StructureDefinition/shareablevalueset"/>
  </meta>
  <text>
    <status value="generated"/><div xmlns="http://www.w3.org/1999/xhtml">
        <p>APGAR score observation type</p>
    </div>
  </text>
  <extension url="http://hl7.org/fhir/StructureDefinition/structuredefinition-ballot-status">
    <valueString value="Informative"/>
  </extension>
  <extension url="http://hl7.org/fhir/StructureDefinition/structuredefinition-fmm">
    <valueInteger value="0"/>
  </extension>
  <url value="http://hl7.org.au/fhir/ch/ValueSet/apgar-score-type-snomedct"/>
  <version value="3.0.1"/>
  <name value="APGARScoreObservationTypesSNOMEDCT"/>
  <title value="APGAR Score Observation Types (SNOMED CT)"/>
  <status value="draft"/>
  <experimental value="true"/>
  <date value="2018-09-18"/>
  <publisher value="HL7 Australia (Child Health WG)"/>
  <contact>
    <telecom>
      <system value="url"/>
      <value value="http://hl7.org.au"/>
    </telecom>
  </contact>
  <description value="APGAR score observation types 1, 5, 10 minutes, SNOMED CT binding"/>
  <compose>
    <include>
      <system value="http://snomed.info/sct"/>
      <concept>
        <code value="169895004"/>
      </concept>
    </include>
    <include>
      <system value="http://snomed.info/sct"/>
      <concept>
        <code value="169909004"/>
      </concept>
    </include>
    <include>
      <system value="http://snomed.info/sct"/>
      <concept>
        <code value="169922007"/>
      </concept>
    </include>
  </compose>
</ValueSet>