{
  "resourceType": "StructureDefinition",
  "id": "au-condition",
  "url": "http://hl7.org.au/fhir/StructureDefinition/au-condition",
  "version": "1.0.0",
  "name": "AUBaseCondition",
  "title": "AU Base Condition",
  "status": "draft",
  "date": "2018-07-16",
  "publisher": "Health Level Seven Australia",
  "contact": [
    {
      "telecom": [
        {
          "system": "url",
          "value": "http://hl7.org.au/fhir",
          "use": "work"
        }
      ]
    }
  ],
  "description": "Australian realm Base Condition profile.",
  "fhirVersion": "3.0.2",
  "kind": "resource",
  "abstract": false,
  "type": "Condition",
  "baseDefinition": "http://hl7.org/fhir/StructureDefinition/Condition",
  "derivation": "constraint",
  "differential": {
    "element": [
      {
        "id": "Condition",
        "path": "Condition",
        "short": "A condition, problem or diagnosis statement in an Australian healthcare context"
      },
      {
        "id": "Condition.extension",
        "path": "Condition.extension",
        "slicing": {
          "discriminator": [
            {
              "type": "value",
              "path": "url"
            }
          ],
          "rules": "open"
        }
      },
      {
        "id": "Condition.extension:recorder",
        "path": "Condition.extension",
        "sliceName": "recorder",
        "short": "Who recorded the condition",
        "definition": "Reference to an individual who recorded the condition and takes responsibility for its content.",
        "type": [
          {
            "code": "Extension",
            "profile": "http://hl7.org.au/fhir/StructureDefinition/recorder"
          }
        ]
      },
      {
        "id": "Condition.code.coding",
        "path": "Condition.code.coding",
        "slicing": {
          "discriminator": [
            {
              "type": "value",
              "path": "system"
            }
          ],
          "ordered": false,
          "rules": "open"
        }
      },
      {
        "id": "Condition.code.coding:snomedCondition",
        "path": "Condition.code.coding",
        "sliceName": "snomedCondition",
        "short": "Clinical Condition (SNOMED CT)",
        "max": "1",
        "binding": {
          "strength": "required",
          "valueSetUri": "http://hl7.org.au/fhir/ch/v1/ValueSet/clinical-condition-1"
        }
      },
      {
        "id": "Condition.bodySite.coding",
        "path": "Condition.bodySite.coding",
        "max": "1",
        "binding": {
          "strength": "required",
          "valueSetUri": "http://hl7.org.au/fhir/ch/v1/ValueSet/body-site-1"
        }
      },
      {
        "id": "Condition.evidence.code.coding",
        "path": "Condition.evidence.code.coding",
        "slicing": {
          "discriminator": [
            {
              "type": "value",
              "path": "system"
            }
          ],
          "ordered": false,
          "rules": "open"
        }
      },
      {
        "id": "Condition.evidence.code.coding:snomedFinding",
        "path": "Condition.evidence.code.coding",
        "sliceName": "snomedFinding",
        "short": "Clinical Finding (SNOMED CT)",
        "max": "1",
        "binding": {
          "strength": "required",
          "valueSetUri": "http://hl7.org.au/fhir/ch/v1/ValueSet/clinical-finding-1"
        }
      }
    ]
  }
}