{
  "resourceType": "CapabilityStatement",
  "id": "ncdhc-metadata",
  "text": {
    "status": "generated",
    "div": "<div xmlns=\"http://www.w3.org/1999/xhtml\">\n     \nConsumer Capability Statement</div>"
  },
  "name": "National Children's Digital Health Collaborative CapabilityStatement",
  "title": "National Children's Digital Health Collaborative CapabilityStatement",
  "status": "draft",
  "date": "2018-12-18",
  "publisher": "National Children's Digital Health Collaborative",
  "contact": [
    {
      "telecom": [
        {
          "system": "url",
          "value": "http://hl7.org/fhir"
        }
      ]
    }
  ],
  "description": "Capability Statement for National Children's Digital Health Collaborative",
  "kind": "instance",
  "software": {
    "name": "NCDHC FHIR Server",
    "version": "v1.0.0",
    "releaseDate": "2019-12-02"
  },
  "implementation": {
    "description": "NCDHC FHIR Server",
    "url": "https://ncdhc.gov.au"
  },
  "fhirVersion": "3.0.2",
  "acceptUnknown": "no",
  "format": [
    "json"
  ],
  "rest": [
    {
      "mode": "server",
      "documentation": "Capability Statement for National Children's Digital Health Collaborative",
      "security": {
        "extension": [
          {
            "url": "http://fhir-registry.smarthealthit.org/StructureDefinition/oauth-uris",
            "extension": [
              {
                "url": "authorize",
                "valueUri": "https://authncdhc.b2clogin.com/authncdhc.onmicrosoft.com/oauth2/v2.0/authorize"
              },
              {
                "url": "token",
                "valueUri": "https://authncdhc.b2clogin.com/authncdhc.onmicrosoft.com/B2C_1_signin/oauth2/v2.0/token"
              }
            ]
          }
        ],
        "cors": true,
        "service": [
          {
            "coding": [
              {
                "system": "http://hl7.org/fhir/restful-security-service",
                "code": "SMART-on-FHIR"
              }
            ]
          }
        ],
        "description": "NCDHC FHIR server uses standard OAuth 2.0 for Consumer interactions. Consumer interactsion are supported by Smart-On-FHIR Launch sequences"
      },
      "resource": [
        {
          "type": "Person",
          "profile": {
            "reference": "http://hl7.org/fhir/StructureDefinition/Person"
          },
          "documentation": "Provide details on what can be done on the Person resource",
          "interaction": [
            {
              "code": "read",
              "documentation": "Reads a Patient instance based on the input Person.id"
            },
            {
              "code": "search-type",
              "documentation": "When a client searches Person with no search criteria, they get a list of all Person instances they have access too. Servers may elect to offer additional search parameters, but this is not required"
            }
          ],
          "versioning": "versioned",
          "searchParam": [
            {
              "name": "identifier",
              "type": "token",
              "documentation": "A Person identifier. 'family', 'gender', 'birthdate' is mandatory when searched with identifier"
            },
            {
              "name": "given",
              "type": "string",
              "documentation": "A portion of the family name of the Person. This is mandatory and allowed when searched using identifier. FHIR type is string"
            },
            {
              "name": "family",
              "type": "string",
              "documentation": "A portion of the given name of the Person. This can only be provided when searched with identifier."
            },
            {
              "name": "birthdate",
              "type": "date",
              "documentation": "The Person's date of birth. only 'eq' is supporrted. This is mandatory and allowed when searched using identifier."
            },
            {
              "name": "gender",
              "type": "token",
              "documentation": "Gender of the Person. This is mandator and allowed when searched using identifier."
            }
          ]
        },
        {
          "type": "RelatedPerson",
          "profile": {
            "reference": "http://hl7.org.au/fhir/StructureDefinition/au-relatedperson"
          },
          "documentation": "Provide details on what can be done on the RelatedPerson resource",
          "interaction": [
            {
              "code": "read",
              "documentation": "Reads a RelatedPerson instance based on the input RelatedPerson.id"
            }
          ]
        },
        {
          "type": "Patient",
          "profile": {
            "reference": "http://hl7.org.au/fhir/ch/v1/StructureDefinition/ncdhc-patient-baby"
          },
          "documentation": "Provide details on what can be done on the Patient resource",
          "interaction": [
            {
              "code": "read",
              "documentation": "Reads a Patient instance based on the input Patient.id"
            },
            {
              "code": "search-type",
              "documentation": "When a client searches patients with no search criteria, they get a list of all patients they have access too. Servers may elect to offer additional search parameters, but this is not required"
            }
          ],
          "versioning": "versioned",
          "searchParam": [
            {
              "name": "identifier",
              "type": "token",
              "documentation": "A patient identifier. 'family', 'gender', 'birthdate' is mandatory when searched with identifier"
            },
            {
              "name": "given",
              "type": "string",
              "documentation": "A portion of the family name of the patient. This is mandatory and allowed when searched using identifier. FHIR type is string"
            },
            {
              "name": "family",
              "type": "string",
              "documentation": "A portion of the given name of the patient. This can only be provided when searched with identifier."
            },
            {
              "name": "birthdate",
              "type": "date",
              "documentation": "The patient's date of birth. only 'eq' is supporrted. This is mandatory and allowed when searched using identifier."
            },
            {
              "name": "gender",
              "type": "token",
              "documentation": "Gender of the patient. This is mandator and allowed when searched using identifier."
            }
          ]
        },
        {
          "type": "Consent",
          "profile": {
            "reference": "http://hl7.org.au/fhir/ch/v1/StructureDefinition/ncdhc-consent"
          },
          "documentation": "Provide details on what can be done on the Consent resource",
          "interaction": [
            {
              "code": "search-type",
              "documentation": "Searches Consent instances based on the search criteria provided"
            }
          ],
          "versioning": "versioned",
          "searchParam": [
            {
              "name": "category",
              "type": "token",
              "documentation": "Classification of the consent statement - for indexing/retrieval"
            },
            {
              "name": "consentor",
              "type": "reference",
              "documentation": "Who is agreeing to the policy and rules"
            },
            {
              "name": "date",
              "type": "date",
              "documentation": "When this Consent was created or indexed"
            }
          ]
        }
      ],
      "operation": [
        {
          "name": "NCDHC OperationDefination $access",
          "definition": {
            "reference": "http://hl7.org.au/fhir/ch/v1/OperationDefinition/ncdhc-patient-access"
          }
        },
        {
          "name": "NCDHC OperationDefination $view-document",
          "definition": {
            "reference": "http://hl7.org.au/fhir/ch/v1/OperationDefinition/ncdhc-composition-view-document"
          }
        }
      ]
    }
  ],
  "document": [
    {
      "mode": "consumer",
      "documentation": "FHIR Document Support for Health Check Assessment Health Interaction",
      "profile": {
        "reference": "http://hl7.org.au/fhir/ch/v1/StructureDefinition/ncdhc-composition-health-check-assessment"
      }
    },
    {
      "mode": "consumer",
      "documentation": "FHIR Document Support for Newborn Delivery Health Interaction",
      "profile": {
        "reference": "http://hl7.org.au/fhir/ch/v1/StructureDefinition/ncdhc-composition-nbdelivery"
      }
    }
  ]
}