{
  "resourceType": "CodeSystem",
  "id": "ncdhc-audit-subtype-1",
  "meta": {
    "versionId": "1",
    "lastUpdated": "2019-10-10T03:06:34.061+00:00",
    "profile": [
      "http://hl7.org/fhir/StructureDefinition/shareablecodesystem",
	  "https://healthterminologies.gov.au/fhir/StructureDefinition/complete-code-system-2"
    ]
  },
  "text": {
    "status": "generated",
    "div": "<div xmlns=\"http://www.w3.org/1999/xhtml\"><h2>NCDHC Audit SubType</h2><tt>http://hl7.org.au/fhir/ch/v1/CodeSystem/ncdhc-audit-subtype-1</tt><p>National Children's Digital Health Collaborative - Audit SubType which is recorded to capture the category of the event. In this instance the specific Health Interaction name will be derived.</p></div>"
  },
  "url": "http://hl7.org.au/fhir/ch/v1/CodeSystem/ncdhc-audit-subtype-1",
  "identifier": {
    "system": "urn:ietf:rfc:3986",
    "value": "urn:oid:1.2.36.1.2001.1004.200.10025"
  },
  "version": "1.0.0",
  "name": "ncdhc-audit-subtype",
  "title": "NCDHC Audit SubType",
  "status": "draft",
  "experimental": true,
  "date": "2019-10-31",
  "publisher": "Australian Digital Health Agency",
  "contact": [
    {
      "telecom": [
        {
          "system": "email",
          "value": "help@digitalhealth.gov.au"
        }
      ]
    }
  ],
  "description": "National Children's Digital Health Collaborative - Audit SubType which is recorded to capture the category of the event. In this instance the specific Health Interaction name will be derived.",
  "copyright": "Copyright © 2019 Australian Digital Health Agency - All rights reserved. This content is licensed under a Creative Commons Attribution 4.0 International License. See https://creativecommons.org/licenses/by/4.0/.",
  "caseSensitive": true,
  "valueSet": "http://hl7.org.au/fhir/ch/v1/CodeSystem/ncdhc-audit-subtype-1/vs",
  "compositional": false,
  "versionNeeded": false,
  "content": "complete",
  "count": 32,
  "concept": [
	{
		"code" : "NEWBRNDEL",
		"display" : "Newborn Delivery",
		"definition" : "A child is born, including details of the birth"
	},
		{
		"code" : "NEWBRNDIS",
		"display" : "Newborn Discharge",
		"definition" : "A newborn child is discharged from care - discharge summary is generated"
	},
		{
		"code" : "NEWBRNEXAM",
		"display" : "Newborn Examination (Assessment)",
		"definition" : "A newborn examination has been completed with an outcome recorded"
	},
		{
		"code" : "NEWBRNEXAMMISD",
		"display" : "Newborn Examination (Assessment) Missed",
		"definition" : "A newborn examination has not been conducted"
	},
		{
		"code" : "NEWBRNHEARSCN",
		"display" : "Newborn Hearing Screen",
		"definition" : "A newborn hearing screen has been completed with or without an outcome recorded"
	},
			{
		"code" : "NEWBRNHEARSCNMISSD",
		"display" : "Newborn Hearing Screen Missed",
		"definition" : "A newborn hearing screen assessment has not been conducted"
	},
	{
		"code" : "VACTN",
		"display" : "Vaccination",
		"definition" : "A vaccination has occurred"
	},
	{
		"code" : "VACTNUTD",
		"display" : "Vaccination is Up To Date",
		"definition" : "Vaccinations are up-to-date for a specific purpose"
	},
		{
		"code" : "VACTNREM",
		"display" : "Vaccination Reminder",
		"definition" : "A vaccination is due"
	},
		{
		"code" : "VACTMISSD",
		"display" : "Vaccination Missed",
		"definition" : "Vaccinations are up-to-date for a specific purpose"
	},
			{
		"code" : "VACTSTATCHN",
		"display" : "Vaccination Status Change",
		"definition" : "A child's vaccination status has changed"
	},
			{
		"code" : "FHRFCONSENTD",
		"display" : "Family History and Risk Factors Consumer Entered",
		"definition" : "A family history has been entered by a consumer"
	},
			{
		"code" : "CONSENTDMISTN",
		"display" : "Consumer Entered Milestone",
		"definition" : "An achievement or milestone is observed and recorded by a carer or parent"
	},
				{
		"code" : "HEALTHCKASSMT",
		"display" : "Health Check Assessment",
		"definition" : "A child health assessment has taken place"
	},
					{
		"code" : "CHILDPRESEMRCY",
		"display" : "Child Presented In Emergency",
		"definition" : "A child has presented in an emergency department"
	},
						{
		"code" : "CONSENTDENCTR",
		"display" : "Consumer Entered Encounter",
		"definition" : "A clinical encounter has occurred and is recorded by a consumer, eg GP appointment, hospital appointment, hospital admission etc"
	},
							{
		"code" : "CLINENTDENCTR",
		"display" : "Clinician (Jurisdiction) Entered Encounter",
		"definition" : "A clinical encounter has occurred and was recorded by a clinical (jurisdictional), eg a hospital outpatient, hospital admission, etc"
	},
								{
		"code" : "PARENTOBS",
		"display" : "Parental Observation",
		"definition" : "An observation (e.g. height, weight or head circumference) or measurement has been recorded"
	},
		{
		"code" : "CLINICOBS",
		"display" : "Clinician Observation",
		"definition" : "An observation (eg height, weight or head circumference) has been recorded"
	},
				{
		"code" : "UPSCHEDREMDR",
		"display" : "Upcoming Scheduled Reminder",
		"definition" : "An appointment reminder based on a harmonised schedule (eg immunisations & health checks)"
	},
					{
		"code" : "SUBHEALTHINT",
		"display" : "Subscription to Health Interaction",
		"definition" : "A clinician subscribes to a health interaction"
	},
						{
		"code" : "UNSUBHEALTHINT",
		"display" : "Unsubscribe to Health Interaction",
		"definition" : "A consumer consents to be part of the longitudinal child health record program"
	},
							{
		"code" : "CONSTOPARTIC",
		"display" : "Consent to Participate",
		"definition" : "A consumer consents to be part of the longitudinal child health record program"
	},
								{
		"code" : "WITHDWLCONTOPARTIC",
		"display" : "Withdrawal of Consent to Participate",
		"definition" : "A consumer consents to be part of the longitudinal child health record program"
	},
									{
		"code" : "VIEWSUBSCRIPTNS",
		"display" : "View of Subscriptions (Consumer)",
		"definition" : "A clinician or consumer can view a list the health interactions they have subscribed to view"
	},
										{
		"code" : "VIEWLONGITRECD",
		"display" : "View of Longitudinal Record",
		"definition" : "A clinician or consumer can view a child's longitudinal health record in context of the child's clinical record"
	},
	{
		"code" : "VIEWSUBSCR",
		"display" : "View Subscribers",
		"definition" : "A consumer can view a list of subscribers to their longitudinal record"
	},
													{
		"code" : "MANAGESUBSCR",
		"display" : "Manage Subscribers",
		"definition" : "A consumer can manage a list of subscribers to their longitudinal record including removal of subscribers"
	},
													{
		"code" : "NEWBRNBLDSRN",
		"display" : "Newborn Bloodspot Screen",
		"definition" : "A newborn bloodspot screen has been completed with or without an outcome recorded"
	},
				{
		"code" : "NEWBRNBLDSRNMISD",
		"display" : "Newborn Bloodspot Screen Missed",
		"definition" : "A newborn bloodspot screen assessment not conducted"
	},
					{
		"code" : "CONSAUDTVIW",
		"display" : "Consumer Audit View",
		"definition" : "A consumer can view an audit trail of consumers, providers and organisations who have accessed their child’s digital health record, including the data sets viewed"
	},
						{
		"code" : "ADDREP",
		"display" : "Add Representative",
		"definition" : "A consumer can add, manage and remove nominated representatives to view their child’s health record"
	}
	]
}