{
  "resourceType": "CodeSystem",
  "id": "ncdhc-milestone-type",
  "meta": {
    "versionId": "1",
    "lastUpdated": "2019-03-22T03:06:34.061+00:00",
    "profile": [
      "http://hl7.org/fhir/StructureDefinition/shareablecodesystem"
    ]
  },
  "text": {
    "status": "generated",
    "div": "<div xmlns=\"http://www.w3.org/1999/xhtml\"><h2>NCDHC Milestone Types</h2><tt>http://hl7.org.au/fhir/ch/v1/CodeSystem/ncdhc-milestone-type</tt><p>NCDHC Milestones which are recorded by the parent as an achieved milestone</p></div>"
  },
  "url": "http://hl7.org.au/fhir/ch/v1/CodeSystem/ncdhc-milestone-type",
  "identifier": {
    "system": "urn:ietf:rfc:3986",
    "value": "urn:oid:1.2.36.1.2001.1004.200.10012"
  },
  "version": "1.0.1",
  "name": "NCDHC Milestone Type",
  "title": "NCDHC Milestone Type",
  "status": "draft",
  "experimental": true,
  "date": "2018-12-31",
  "publisher": "Australian Digital Health Agency",
  "contact": [
    {
      "telecom": [
        {
          "system": "email",
          "value": "help@digitalhealth.gov.au"
        }
      ]
    }
  ],
  "description": "NCDHC Milestone Types",
  "copyright": "Copyright © 2018 Australian Digital Health Agency – All rights reserved. Except for the material identified below, this content is licensed under a Creative Commons Attribution 4.0 International License. See https://creativecommons.org/licenses/by/4.0/. \n\nThis resource includes material that is based on Australian Institute of Health and Welfare material. \n\nAll copies of this resource must include this copyright statement and all information contained in this statement.",
  "caseSensitive": true,
  "compositional": false,
  "versionNeeded": false,
  "content": "complete",
  "count": 3,
  "concept": [
	{
		"code" : "RSEHEAD",
		"display" : "Raises head when lying on tummy",
		"definition" : "Raises head when lying on tummy"

    },
    {
		"code" : "RLSOR",
		"display" : "Rolls Over",
		"definition" : "Rolls Over"

	},
	{
		"code" : "RECNME",
		"display" : "Recognises own name",
		"definition" : "Recognises own name"
    }
		{
		"code" : "WVSGB",
		"display" : "Waves goodbye",
		"definition" : "Waves goodbye"
    }
		{
		"code" : "PULLSUP",
		"display" : "Pulls Self Up",
		"definition" : "Pulls Self Up"
    }
			{
		"code" : "STDSHO",
		"display" : "Stands Holding On",
		"definition" : "Stands Holding On"
    }
				{
		"code" : "CPSHDS",
		"display" : "Claps Hands",
		"definition" : "Claps Hands"
    }
					{
		"code" : "UNDSIMCMD",
		"display" : "Understands Simple Commands",
		"definition" : "Understands Simple Commands"
    }
						{
		"code" : "SYSMMDD",
		"display" : "Says 'Ma-ma' or 'Da-da'",
		"definition" : "Says 'Ma-ma' or 'Da-da'"
    }
							{
		"code" : "FEEDSPN",
		"display" : "Feeds self with spoon",
		"definition" : "Feeds self with spoon"
    }
								{
		"code" : "SPKSHRTSENT",
		"display" : "Speaks in short sentences",
		"definition" : "Speaks in short sentences"
    }
									{
		"code" : "DRESSLF",
		"display" : "Dresses Self",
		"definition" : "Dresses Self"
    }
										{
		"code" : "TIESHOE",
		"display" : "Ties Shoe Laces",
		"definition" : "Ties Shoe Laces"
    }
	]
}