{
  "resourceType" : "ImplementationGuide",
  "id" : "ncdhc",
  "extension" : [{
    "url" : "http://hl7.org/fhir/StructureDefinition/igpublisher-folder-resource",
    "valueString" : "C:\\Users\\60166876\\OneDrive - NSW Health Department\\ncdhc\\execution\\2019-2020\\tobe\\au-fhir-childhealth\\resources"
  },
  {
    "url" : "http://hl7.org/fhir/StructureDefinition/igpublisher-folder-resource",
    "valueString" : "C:\\Users\\60166876\\OneDrive - NSW Health Department\\ncdhc\\execution\\2019-2020\\tobe\\au-fhir-childhealth\\examples"
  },
  {
    "url" : "http://hl7.org/fhir/StructureDefinition/igpublisher-folder-pages",
    "valueString" : "C:\\Users\\60166876\\OneDrive - NSW Health Department\\ncdhc\\execution\\2019-2020\\tobe\\au-fhir-childhealth\\pages"
  }],
  "url" : "http://hl7.org.au/fhir/ch/v1/ImplementationGuide/ncdhc",
  "version" : "v1",
  "name" : "National Child Digital Health Implementation Guide",
  "status" : "draft",
  "experimental" : true,
  "date" : "2020-03-31T00:00:00+11:00",
  "publisher" : "National Children's Digital Health Collaborative (NCDHC)",
  "contact" : [{
    "name" : "HL7 Australia Child Digital Health Working Group",
    "telecom" : [{
      "system" : "url",
      "value" : "https://confluence.hl7australia.com/display/CHWG/Child+Health+Working+Group",
      "use" : "work"
    }]
  }],
  "packageId" : "hl7.fhir.au.ncdhc",
  "license" : "CC0-1.0",
  "fhirVersion" : ["3.0.2",
  "3.0.2"],
  "dependsOn" : [{
    "id" : "aubase",
    "uri" : "http://hl7.org.au/fhir",
    "packageId" : "hl7.fhir.au.base",
    "version" : "1.1.0"
  }],
  "definition" : {
    "grouping" : [{
      "id" : "p1",
      "name" : "base",
      "description" : "Guidance on the implementation of child health related content using FHIR in an Australian usage context"
    }],
    "resource" : [{
      "reference" : {
        "reference" : "StructureDefinition/ncdhc-patient-baby"
      },
      "exampleBoolean" : false,
      "groupingId" : "p1"
    }],
    "page" : {
      "nameUrl" : "index.html",
      "title" : "National Child Digital Health Implementation Guide",
      "generation" : "html"
    },
    "parameter" : [{
      "code" : "generate",
      "value" : "xml"
    },
    {
      "code" : "generate",
      "value" : "JSON"
    }]
  }
}