<?xml version="1.0" encoding="UTF-8"?>

<ImplementationGuide xmlns="http://hl7.org/fhir">
  <id value="ncdhc"/>
  <extension url="http://hl7.org/fhir/StructureDefinition/igpublisher-folder-resource">
    <valueString value="C:\Users\60166876\OneDrive - NSW Health Department\ncdhc\execution\2019-2020\tobe\au-fhir-childhealth\resources"/>
  </extension>
  <extension url="http://hl7.org/fhir/StructureDefinition/igpublisher-folder-resource">
    <valueString value="C:\Users\60166876\OneDrive - NSW Health Department\ncdhc\execution\2019-2020\tobe\au-fhir-childhealth\examples"/>
  </extension>
  <extension url="http://hl7.org/fhir/StructureDefinition/igpublisher-folder-pages">
    <valueString value="C:\Users\60166876\OneDrive - NSW Health Department\ncdhc\execution\2019-2020\tobe\au-fhir-childhealth\pages"/>
  </extension>
  <url value="http://hl7.org.au/fhir/ch/v1/ImplementationGuide/ncdhc"/>
  <version value="v1"/>
  <name value="National Child Digital Health Implementation Guide"/>
  <status value="draft"/>
  <experimental value="true"/>
  <date value="2020-03-31T00:00:00+11:00"/>
  <publisher value="National Children&#39;s Digital Health Collaborative (NCDHC)"/>
  <contact>
    <name value="HL7 Australia Child Digital Health Working Group"/>
    <telecom>
      <system value="url"/>
      <value value="https://confluence.hl7australia.com/display/CHWG/Child+Health+Working+Group"/>
      <use value="work"/>
    </telecom>
  </contact>
  <packageId value="hl7.fhir.au.ncdhc"/>
  <license value="CC0-1.0"/>
  <fhirVersion value="3.0.2"/>
  <fhirVersion value="3.0.2"/>
  <dependsOn id="aubase">
    <uri value="http://hl7.org.au/fhir"/>
    <packageId value="hl7.fhir.au.base"/>
    <version value="1.1.0"/>
  </dependsOn>
  <definition>
    <grouping id="p1">
      <name value="base"/>
      <description value="Guidance on the implementation of child health related content using FHIR in an Australian usage context"/>
    </grouping>
    <resource>
      <reference>
        <reference value="StructureDefinition/ncdhc-patient-baby"/>
      </reference>
      <exampleBoolean value="false"/>
      <groupingId value="p1"/>
    </resource>
    <page>
      <nameUrl value="index.html"/>
      <title value="National Child Digital Health Implementation Guide"/>
      <generation value="html"/>
    </page>
    <parameter>
      <code value="generate"/>
      <value value="xml"/>
    </parameter>
    <parameter>
      <code value="generate"/>
      <value value="JSON"/>
    </parameter>
  </definition>
</ImplementationGuide>