<?xml version="1.0" encoding="UTF-8" ?>
<ImplementationGuide xmlns="http://hl7.org/fhir">
	<id value="ncdhc" />
	<url value="http://hl7.org.au/fhir/ch/v1/ImplementationGuide/ncdhc" />
	<version value="v1" />
	<name value="National Child Digital Health Implementation Guide" />
	<status value="draft" />
	<experimental value="true" />
	<date value="2020-03-31" />
	<publisher value="National Children's Digital Health Collaborative (NCDHC)" />
	<contact>
		<name value="HL7 Australia Child Digital Health Working Group" />
		<telecom>
			<system value="url" />
			<value value="https://confluence.hl7australia.com/display/CHWG/Child+Health+Working+Group" />
			<use value="work" />
		</telecom>
	</contact>
	<fhirVersion value="3.0.2" />
	<package>
		<name value="base" />
		<description value="Guidance on the implementation of child health related content using FHIR in an Australian usage context" />

		<!-- NCDHC Patient Profiles -->
		<resource>
			<example value="false" />
			<sourceReference>
				<reference value="StructureDefinition/ncdhc-patient-baby" />
			</sourceReference>
		</resource>
	</package>
	<page>
		<source value="index.html" />
		<title value="National Child Digital Health Implementation Guide" />
		<kind value="page" />
	</page>
</ImplementationGuide>