{
  "resourceType": "ValueSet",
  "id": "ncdhc-observation-completion-status",
  "text": {
    "status": "generated",
    "div": "<div xmlns=\"http://www.w3.org/1999/xhtml\"><h2>Observation Completion Status Type</h2><div><p>Observation Completion Status Type</p>\r\n</div><p>This value set includes codes from the following code systems:</p><ul><li>Include codes defined in <a href=\"http://snomed.info/sct\"></a></li></ul></div>"
  },
  "url": "http://hl7.org.au/fhir/ch/v1/ValueSet/ncdhc-observation-completion-status-1",
  "version": "1.0.0",
  "name": "Observation Completion Status Type",
  "title": "Observation Completion Status Type",
  "status": "draft",
  "date": "2019-02-24T00:00:00+10:00",
  "publisher": "National Children's Digital Health Collaborative (NCDHC))",
  "contact": [
    {
      "name": "hl7.org.au"
    }
  ],
  "description": "Observation Completion Status Type",
  "compose": {
    "include": [
      {
        "system" : "http://snomed.info/sct",
        "concept" : [
          {
            "code" : "255594003"
          }
        ]
      },
      {
        "system" : "http://snomed.info/sct",
        "concept" : [
          {
            "code" : "255599008"
          }
        ]
      }
    ]
  }
}