{
  "resourceType": "OperationDefinition",
  "id": "ncdhc-composition-document",
  "url": "http://hl7.org.au/fhir/ch/v1/OperationDefinition/ncdhc-composition-document",
  "version": "v1.0.0",
  "name": "NCDHC OperationDefination $document",
  "status": "active",
  "kind": "operation",
  "date": "2019-05-17",
  "publisher": "National Children's Digital Health Collaborative (NCDHC)",
  "purpose": "To allow client system to access custom view generated from multiple sources",
  "code": "document",
  "comment": "This custom FHIR operation will be used to get access to the view generated from multiple sources.",
  "base": {
    "reference": "http://hl7.org/fhir/OperationDefinition/Composition-document",
    "display": "$document"
  },
  "resource": [
    "Composition"
  ],
  "system": false,
  "type": true,
  "instance": false,
  "parameter": [
    {
      "name": "summary",
      "use": "in",
      "min": 0,
      "max": "1",
      "documentation": "This parameter instructs the FHIR server to produce a document with minimum details (as defined by server). the default value is true. If client wants full document then the value should be provided as 'false'. In that case the server will provide the referenced resources in the Bundle. For an example if the $document generates a view where each section of the document is based on QuestionnaireResponse, then 'false' value of this param will force the server to include the referenced Questionnaire resource in the Bundle document and section source using Provenence resource.",
      "type": "boolean"
    },
    {
      "name": "type",
      "use": "in",
      "min": 1,
      "max": "1",
      "documentation": "type code to instruct the FHIR server which type of view needs to be generated",
      "type": "CodeableConcept"
    }
  ]
}