{
  "resourceType": "StructureDefinition",
  "id": "ncdhc-observation-birth-complication",
  "url": "http://hl7.org.au/fhir/ch/v1/StructureDefinition/ncdhc-observation-birth-complication",
  "version": "v1.0.0",
  "name": "NCDHC Birth Complication Observation Profile",
  "title": "NCDHC Birth Complication Observation",
  "status": "draft",
  "date": "2019-03-21",
  "publisher": "National Children's Digital Health Collaborative (NCDHC)",
  "description": "Complications observed during the birthing process",
  "fhirVersion": "3.0.1",
  "kind": "resource",
  "abstract": false,
  "type": "Observation",
  "baseDefinition": "http://hl7.org.au/fhir/ch/v1/StructureDefinition/ncdhc-observation-base",
  "derivation": "constraint",
  "differential": {
    "element": [
      {
        "id": "Observation",
        "path": "Observation",
        "short": "NCDHC complication noted at birth Observation Profile"
      },
      {
        "id": "Observation.status",
        "extension": [
          {
            "url": "http://hl7.org/fhir/StructureDefinition/structuredefinition-display-hint",
            "valueString": "default: final"
          }
        ],
        "path": "Observation.status",
        "fixedCode": "final"
      },
      {
        "id": "Observation.code",
        "path": "Observation.code",
        "short": "Code to represent complications noted during the birthing process",
        "mustSupport": true
      },
      {
        "id": "Observation.code.coding",
        "path": "Observation.code.coding",
        "slicing": {
          "discriminator": [
            {
              "type": "value",
              "path": "code"
            },
            {
              "type": "value",
              "path": "system"
            }
          ],
          "rules": "closed"
        }
      },
      {
        "id": "Observation.code.coding:BirthComplicationSNOMED",
        "path": "Observation.code.coding",
        "sliceName": "BirthComplicationSNOMED",
        "min": 1,
        "max": "1",
        "fixedCoding": {
          "system": "http://snomed.info/sct",
          "code": "199745000"
        }
      },
      {
        "id": "Observation.code.coding:BirthComplicationSNOMED.system",
        "path": "Observation.code.coding.system",
        "fixedUri": "http://snomed.info/sct"
      },
      {
        "id": "Observation.code.coding:BirthComplicationSNOMED.code",
        "path": "Observation.code.coding.code",
        "fixedCode": "199745000"
      },
      {
        "id": "Observation.effectiveDateTime:effectiveDateTime",
        "path": "Observation.effectiveDateTime",
        "sliceName": "effectiveDateTime",
        "min": 1
      },
      {
        "id": "Observation.value[x]",
        "path": "Observation.value[x]",
        "min": 1,
        "type": [
          {
            "code": "CodeableConcept"
          },
          {
            "code": "string"
          }
        ],
        "mustSupport": true,
        "binding": {
          "strength": "required",
          "valueSetReference": {
            "reference": "http://hl7.org.au/fhir/ch/v1/ValueSet/ncdhc-birth-complications-1"
          }
        }
      },
      {
        "id": "Observation.comment",
        "path": "Observation.comment",
        "short": "Notes on the Complications observed"
      }
    ]
  }
}