{
  "resourceType": "StructureDefinition",
  "id": "ncdhc-composition-view-hca-3yr",
  "url": "http://hl7.org.au/fhir/ch/v1/StructureDefinition/ncdhc-composition-view-hca-3yr",
  "version": "v1.0.0",
  "name": "NCDHC HCA View 3 Years Composition Profile",
  "title": "NCDHC HCA View 3 Years Composition Profile",
  "status": "draft",
  "date": "2019-11-01",
  "publisher": "National Children's Digital Health Collaborative (NCDHC)",
  "purpose": "To generate a Custom View to represent Health Check Assessment Detailed view",
  "fhirVersion": "3.0.2",
  "kind": "resource",
  "abstract": false,
  "type": "Composition",
  "baseDefinition": "http://hl7.org.au/fhir/ch/v1/StructureDefinition/ncdhc-composition-view-base",
  "derivation": "constraint",
  "differential": {
    "element": [
      {
        "id": "Composition",
        "path": "Composition",
        "short": "NCDHC Composition Health Check Assessment View Profile"
      },
      {
        "id": "Composition.type",
        "path": "Composition.type",
        "binding": {
          "strength": "required",
          "valueSetReference": {
            "reference": "http://hl7.org.au/fhir/ch/v1/ValueSet/ncdhc-document-type-1"
          }
        }
      },
      {
        "id": "Composition.class",
        "path": "Composition.class",
        "binding": {
          "strength": "required",
          "valueSetReference": {
            "reference": "http://hl7.org.au/fhir/ch/v1/ValueSet/ncdhc-document-class-1"
          }
        }
      },
      {
        "id": "Composition.title",
        "path": "Composition.title",
        "fixedString": "3 Years"
      },
      {
        "id": "Composition.section",
        "extension": [
          {
            "url": "http://hl7.org/fhir/StructureDefinition/structuredefinition-explicit-type-name",
            "valueString": "Section"
          }
        ],
        "path": "Composition.section",
        "min": 1,
        "max": "1"
      },
      {
        "id": "Composition.section.title",
        "path": "Composition.section.title",
        "fixedString": "3 Years"
      },
      {
        "id": "Composition.section.entry",
        "path": "Composition.section.entry",
        "type": [
          {
            "code": "Reference",
            "targetProfile": "http://hl7.org.au/fhir/ch/v1/StructureDefinition/ncdhc-questionnaireresponse-base",
            "aggregation": [
              "bundled"
            ]
          }
        ]
      }
    ]
  }
}