{
  "resourceType": "StructureDefinition",
  "id": "ncdhc-clinicalimpression-progress-notes",
  "url": "http://hl7.org.au/fhir/ch/v1/StructureDefinition/ncdhc-clinicalimpression-progress-notes",
  "version": "dv001",
  "name": "NCDHC ClinicalImpression Progress Notes",
  "status": "draft",
  "date": "2020-01-10",
  "fhirVersion": "3.0.1",
  "mapping": [
    {
      "identity": "v2",
      "uri": "http://hl7.org/v2",
      "name": "HL7 v2 Mapping"
    },
    {
      "identity": "w5",
      "uri": "http://hl7.org/fhir/w5",
      "name": "W5 Mapping"
    },
    {
      "identity": "rim",
      "uri": "http://hl7.org/v3",
      "name": "RIM Mapping"
    }
  ],
  "kind": "resource",
  "abstract": false,
  "type": "ClinicalImpression",
  "baseDefinition": "http://hl7.org/fhir/StructureDefinition/ClinicalImpression",
  "derivation": "constraint",
  "differential": {
    "element": [
      {
        "id": "ClinicalImpression.action",
        "path": "ClinicalImpression.action",
        "short": "To record Next Visit Date and Time",
        "type": [
          {
            "code": "Reference",
            "targetProfile": "http://hl7.org/fhir/StructureDefinition/Appointment"
          }
        ]
      },
      {
        "id": "ClinicalImpression.note",
        "path": "ClinicalImpression.note",
        "short": "Progress notes / Comments"
      }
    ]
  }
}