{
  "resourceType": "StructureDefinition",
  "id": "ncdhc-observation-birth-abnormalities",
  "url": "http://hl7.org.au/fhir/ch/v1/StructureDefinition/ncdhc-observation-birth-abnormalities",
  "version": "v1.0.0",
  "name": "NCDHC Abnormalities noted at birth Observation Profile",
  "title": "NCDHC Abnormalities Noted At Birth",
  "status": "draft",
  "date": "2018-12-21",
  "publisher": "National Children's Digital Health Collaborative (NCDHC)",
  "description": "Physical problems identified with the baby at, or shortly after birth. E.g. cleft lip/palate, extensive bruising, cephalohematoma etc.",
  "purpose": "To record physical problems identified with the baby at, or shortly after birth. E.g. cleft lip/palate, extensive bruising, cephalohematoma etc.",
  "fhirVersion": "3.0.1",
  "kind": "resource",
  "abstract": false,
  "type": "Observation",
  "baseDefinition": "http://hl7.org.au/fhir/ch/v1/StructureDefinition/ncdhc-observation-base",
  "derivation": "constraint",
  "differential": {
    "element": [
      {
        "id": "Observation",
        "path": "Observation",
        "short": "NCDHC Abnormalities noted at birth Observation Profile"
      },
      {
        "id": "Observation.category.coding.system",
        "path": "Observation.category.coding.system",
        "fixedUri": "http://hl7.org/fhir/observation-category"
      },
      {
        "id": "Observation.category.coding.code",
        "path": "Observation.category.coding.code",
        "fixedCode": "procedure"
      },
      {
        "id": "Observation.code",
        "path": "Observation.code",
        "short": "Code to represent Abnormalities noted during the birthing process",
        "mustSupport": true
      },
      {
        "id": "Observation.code.coding",
        "path": "Observation.code.coding",
        "slicing": {
          "discriminator": [
            {
              "type": "value",
              "path": "system"
            }
          ],
          "rules": "closed"
        },
        "min": 1
      },
      {
        "id": "Observation.code.coding:birthAbnormalitiesSNOMED-CT",
        "path": "Observation.code.coding",
        "sliceName": "birthAbnormalitiesSNOMED-CT",
        "min": 1,
        "max": "1",
        "fixedCoding": {
          "system": "http://snomed.info/sct",
          "code": "414025005"
        }
      },
      {
        "id": "Observation.code.coding:birthAbnormalitiesSNOMED-CT.system",
        "path": "Observation.code.coding.system",
        "fixedUri": "http://snomed.info/sct"
      },
      {
        "id": "Observation.code.coding:birthAbnormalitiesSNOMED-CT.code",
        "path": "Observation.code.coding.code",
        "fixedCode": "414025005"
      },
      {
        "id": "Observation.subject",
        "path": "Observation.subject",
        "short": "Reference to the Baby Patient"
      },
      {
        "id": "Observation.effectiveDateTime:effectiveDateTime",
        "path": "Observation.effectiveDateTime",
        "sliceName": "effectiveDateTime",
        "min": 1
      },
      {
        "id": "Observation.performer",
        "path": "Observation.performer",
        "type": [
          {
            "code": "Reference",
            "targetProfile": "http://hl7.org.au/fhir/StructureDefinition/au-practitioner"
          },
          {
            "code": "Reference",
            "targetProfile": "http://hl7.org.au/fhir/StructureDefinition/au-organisation"
          }
        ]
      },
      {
        "id": "Observation.value[x]",
        "path": "Observation.value[x]",
        "short": "Physical problems identified with the baby at, or shortly after birth. E.g. cleft lip/palate, extensive bruising, cephalohematoma etc.",
        "min": 1,
        "type": [
          {
            "code": "CodeableConcept"
          },
          {
            "code": "string"
          }
        ],
        "mustSupport": true
      },
      {
        "id": "Observation.comment",
        "path": "Observation.comment",
        "short": "Additional Comments (if any)"
      }
    ]
  }
}