{
  "resourceType": "StructureDefinition",
  "id": "ncdhc-composition-birth",
  "text": {
    "status": "generated",
    "div": "<div xmlns=\"http://www.w3.org/1999/xhtml\"><table border=\"0\" cellpadding=\"0\" cellspacing=\"0\" style=\"border: 0px #F0F0F0 solid; font-size: 11px; font-family: verdana; vertical-align: top;\"><tr style=\"border: 1px #F0F0F0 solid; font-size: 11px; font-family: verdana; vertical-align: top;\"><th style=\"vertical-align: top; text-align : left; background-color: white; border: 0px #F0F0F0 solid; padding:0px 4px 0px 4px\" class=\"hierarchy\"><a href=\"http://hl7.org/fhir/STU3/formats.html#table\" title=\"The logical name of the element\">Name</a></th><th style=\"vertical-align: top; text-align : left; background-color: white; border: 0px #F0F0F0 solid; padding:0px 4px 0px 4px\" class=\"hierarchy\"><a href=\"http://hl7.org/fhir/STU3/formats.html#table\" title=\"Information about the use of the element\">Flags</a></th><th style=\"vertical-align: top; text-align : left; background-color: white; border: 0px #F0F0F0 solid; padding:0px 4px 0px 4px\" class=\"hierarchy\"><a href=\"http://hl7.org/fhir/STU3/formats.html#table\" title=\"Minimum and Maximum # of times the the element can appear in the instance\">Card.</a></th><th style=\"width: 100px\" class=\"hierarchy\"><a href=\"http://hl7.org/fhir/STU3/formats.html#table\" title=\"Reference to the type of the element\">Type</a></th><th style=\"vertical-align: top; text-align : left; background-color: white; border: 0px #F0F0F0 solid; padding:0px 4px 0px 4px\" class=\"hierarchy\"><a href=\"http://hl7.org/fhir/STU3/formats.html#table\" title=\"Additional information about the element\">Description &amp; Constraints</a><span style=\"float: right\"><a href=\"http://hl7.org/fhir/STU3/formats.html#table\" title=\"Legend for this format\"><img src=\"http://hl7.org/fhir/STU3/help16.png\" alt=\"doco\" style=\"background-color: inherit\"/></a></span></th></tr><tr style=\"border: 0px #F0F0F0 solid; padding:0px; vertical-align: top; background-color: white;\"><td style=\"vertical-align: top; text-align : left; background-color: white; border: 0px #F0F0F0 solid; padding:0px 4px 0px 4px; white-space: nowrap; background-image: url(tbl_bck1.png)\" class=\"hierarchy\"><img src=\"tbl_spacer.png\" alt=\".\" style=\"background-color: inherit\" class=\"hierarchy\"/><img src=\"icon_element.gif\" alt=\".\" style=\"background-color: white; background-color: inherit\" title=\"Element\" class=\"hierarchy\"/> <a href=\"StructureDefinition-ncdhc-composition-definitions.html#Composition\" title=\"null\">Composition</a><a name=\"Composition\"> </a></td><td style=\"vertical-align: top; text-align : left; background-color: white; border: 0px #F0F0F0 solid; padding:0px 4px 0px 4px\" class=\"hierarchy\"/><td style=\"vertical-align: top; text-align : left; background-color: white; border: 0px #F0F0F0 solid; padding:0px 4px 0px 4px\" class=\"hierarchy\"><span style=\"opacity: 0.4\">0</span><span style=\"opacity: 0.5\">..</span><span style=\"opacity: 0.4\">*</span></td><td style=\"vertical-align: top; text-align : left; background-color: white; border: 0px #F0F0F0 solid; padding:0px 4px 0px 4px\" class=\"hierarchy\"/><td style=\"vertical-align: top; text-align : left; background-color: white; border: 0px #F0F0F0 solid; padding:0px 4px 0px 4px\" class=\"hierarchy\">Composition for the Australian realm</td></tr>\r\n<tr style=\"border: 0px #F0F0F0 solid; padding:0px; vertical-align: top; background-color: white;\"><td style=\"vertical-align: top; text-align : left; background-color: white; border: 0px #F0F0F0 solid; padding:0px 4px 0px 4px; white-space: nowrap; background-image: url(tbl_bck12.png)\" class=\"hierarchy\"><img src=\"tbl_spacer.png\" alt=\".\" style=\"background-color: inherit\" class=\"hierarchy\"/><img src=\"tbl_vjoin.png\" alt=\".\" style=\"background-color: inherit\" class=\"hierarchy\"/><img src=\"icon_extension_simple.png\" alt=\".\" style=\"background-color: white; background-color: inherit\" title=\"Simple Extension\" class=\"hierarchy\"/> <a href=\"StructureDefinition-ncdhc-composition-definitions.html#Composition.extension\" title=\"null\">extension</a><a name=\"Composition.extension\"> </a></td><td style=\"vertical-align: top; text-align : left; background-color: white; border: 0px #F0F0F0 solid; padding:0px 4px 0px 4px\" class=\"hierarchy\"/><td style=\"vertical-align: top; text-align : left; background-color: white; border: 0px #F0F0F0 solid; padding:0px 4px 0px 4px\" class=\"hierarchy\"><span style=\"opacity: 0.4\">0</span><span style=\"opacity: 0.5\">..</span><span style=\"opacity: 0.4\">*</span></td><td style=\"vertical-align: top; text-align : left; background-color: white; border: 0px #F0F0F0 solid; padding:0px 4px 0px 4px\" class=\"hierarchy\"><a style=\"opacity: 0.4\" href=\"http://hl7.org/fhir/STU3/datatypes.html#Extension\">Extension</a></td><td style=\"vertical-align: top; text-align : left; background-color: white; border: 0px #F0F0F0 solid; padding:0px 4px 0px 4px\" class=\"hierarchy\"><span style=\"font-weight:bold\">Slice: </span>Unordered, Open by value:url</td></tr>\r\n<tr style=\"border: 0px #F0F0F0 solid; padding:0px; vertical-align: top; background-color: white;\"><td style=\"vertical-align: top; text-align : left; background-color: white; border: 0px #F0F0F0 solid; padding:0px 4px 0px 4px; white-space: nowrap; background-image: url(tbl_bck14.png)\" class=\"hierarchy\"><img src=\"tbl_spacer.png\" alt=\".\" style=\"background-color: inherit\" class=\"hierarchy\"/><img src=\"tbl_vjoin.png\" alt=\".\" style=\"background-color: inherit\" class=\"hierarchy\"/><img src=\"icon_extension_simple.png\" alt=\".\" style=\"background-color: white; background-color: inherit\" title=\"Simple Extension\" class=\"hierarchy\"/> <a href=\"StructureDefinition-ncdhc-composition-definitions.html#Composition.extension:compositionAuthorRole\" title=\"Extension URL = http://hl7.org.au/fhir/StructureDefinition/composition-author-role\">composition-author-role</a><a name=\"Composition.extension\"> </a></td><td style=\"vertical-align: top; text-align : left; background-color: white; border: 0px #F0F0F0 solid; padding:0px 4px 0px 4px\" class=\"hierarchy\"/><td style=\"vertical-align: top; text-align : left; background-color: white; border: 0px #F0F0F0 solid; padding:0px 4px 0px 4px\" class=\"hierarchy\"><span style=\"opacity: 0.4\">0</span><span style=\"opacity: 0.5\">..</span><span style=\"opacity: 0.4\">*</span></td><td style=\"vertical-align: top; text-align : left; background-color: white; border: 0px #F0F0F0 solid; padding:0px 4px 0px 4px\" class=\"hierarchy\"><a href=\"http://hl7.org/fhir/STU3/references.html\">Reference</a>(<a href=\"http://hl7.org/fhir/STU3/practitionerrole.html\">PractitionerRole</a>)</td><td style=\"vertical-align: top; text-align : left; background-color: white; border: 0px #F0F0F0 solid; padding:0px 4px 0px 4px\" class=\"hierarchy\">Practitioner role that authored the composition<br/><span style=\"font-weight:bold\">URL: </span><a href=\"http://hl7.org/fhir/STU3/StructureDefinition-composition-author-role.html\">http://hl7.org.au/fhir/StructureDefinition/composition-author-role</a><br/></td></tr>\r\n<tr style=\"border: 0px #F0F0F0 solid; padding:0px; vertical-align: top; background-color: white;\"><td style=\"vertical-align: top; text-align : left; background-color: white; border: 0px #F0F0F0 solid; padding:0px 4px 0px 4px; white-space: nowrap; background-image: url(tbl_bck14.png)\" class=\"hierarchy\"><img src=\"tbl_spacer.png\" alt=\".\" style=\"background-color: inherit\" class=\"hierarchy\"/><img src=\"tbl_vjoin.png\" alt=\".\" style=\"background-color: inherit\" class=\"hierarchy\"/><img src=\"icon_extension_simple.png\" alt=\".\" style=\"background-color: white; background-color: inherit\" title=\"Simple Extension\" class=\"hierarchy\"/> <a href=\"StructureDefinition-ncdhc-composition-definitions.html#Composition.extension:informationRecipient\" title=\"Extension URL = http://hl7.org.au/fhir/StructureDefinition/information-recipient\">information-recipient</a><a name=\"Composition.extension\"> </a></td><td style=\"vertical-align: top; text-align : left; background-color: white; border: 0px #F0F0F0 solid; padding:0px 4px 0px 4px\" class=\"hierarchy\"/><td style=\"vertical-align: top; text-align : left; background-color: white; border: 0px #F0F0F0 solid; padding:0px 4px 0px 4px\" class=\"hierarchy\"><span style=\"opacity: 0.4\">0</span><span style=\"opacity: 0.5\">..</span><span style=\"opacity: 0.4\">*</span></td><td style=\"vertical-align: top; text-align : left; background-color: white; border: 0px #F0F0F0 solid; padding:0px 4px 0px 4px\" class=\"hierarchy\"><a href=\"http://hl7.org/fhir/STU3/references.html\">Reference</a>(<a href=\"http://hl7.org/fhir/STU3/practitioner.html\">Practitioner</a> | <a href=\"http://hl7.org/fhir/STU3/device.html\">Device</a> | <a href=\"http://hl7.org/fhir/STU3/patient.html\">Patient</a> | <a href=\"http://hl7.org/fhir/STU3/relatedperson.html\">RelatedPerson</a> | <a href=\"http://hl7.org/fhir/STU3/practitionerrole.html\">PractitionerRole</a> | <a href=\"http://hl7.org/fhir/STU3/organization.html\">Organization</a>)</td><td style=\"vertical-align: top; text-align : left; background-color: white; border: 0px #F0F0F0 solid; padding:0px 4px 0px 4px\" class=\"hierarchy\">Who and/or what should receive a copy of the composition<br/><span style=\"font-weight:bold\">URL: </span><a href=\"http://hl7.org/fhir/STU3/StructureDefinition-information-recipient.html\">http://hl7.org.au/fhir/StructureDefinition/information-recipient</a><br/></td></tr>\r\n<tr style=\"border: 0px #F0F0F0 solid; padding:0px; vertical-align: top; background-color: white;\"><td style=\"vertical-align: top; text-align : left; background-color: white; border: 0px #F0F0F0 solid; padding:0px 4px 0px 4px; white-space: nowrap; background-image: url(tbl_bck11.png)\" class=\"hierarchy\"><img src=\"tbl_spacer.png\" alt=\".\" style=\"background-color: inherit\" class=\"hierarchy\"/><img src=\"tbl_vjoin.png\" alt=\".\" style=\"background-color: inherit\" class=\"hierarchy\"/><img src=\"icon_element.gif\" alt=\".\" style=\"background-color: white; background-color: inherit\" title=\"Element\" class=\"hierarchy\"/> <a href=\"StructureDefinition-ncdhc-composition-definitions.html#Composition.attester\" title=\"null\">attester</a><a name=\"Composition.attester\"> </a></td><td style=\"vertical-align: top; text-align : left; background-color: white; border: 0px #F0F0F0 solid; padding:0px 4px 0px 4px\" class=\"hierarchy\"><span style=\"padding-left: 3px; padding-right: 3px; color: black; background-color: white\" title=\"This element has or is affected by some invariants\">I</span></td><td style=\"vertical-align: top; text-align : left; background-color: white; border: 0px #F0F0F0 solid; padding:0px 4px 0px 4px\" class=\"hierarchy\"><span style=\"opacity: 0.4\">0</span><span style=\"opacity: 0.5\">..</span><span style=\"opacity: 0.4\">*</span></td><td style=\"vertical-align: top; text-align : left; background-color: white; border: 0px #F0F0F0 solid; padding:0px 4px 0px 4px\" class=\"hierarchy\"><a style=\"opacity: 0.4\" href=\"http://hl7.org/fhir/STU3/datatypes.html#BackboneElement\">BackboneElement</a></td><td style=\"vertical-align: top; text-align : left; background-color: white; border: 0px #F0F0F0 solid; padding:0px 4px 0px 4px\" class=\"hierarchy\"><span style=\"font-weight:bold\">inv-com-0: </span>Related party and party shall not coexist</td></tr>\r\n<tr style=\"border: 0px #F0F0F0 solid; padding:0px; vertical-align: top; background-color: white;\"><td style=\"vertical-align: top; text-align : left; background-color: white; border: 0px #F0F0F0 solid; padding:0px 4px 0px 4px; white-space: nowrap; background-image: url(tbl_bck112.png)\" class=\"hierarchy\"><img src=\"tbl_spacer.png\" alt=\".\" style=\"background-color: inherit\" class=\"hierarchy\"/><img src=\"tbl_vline.png\" alt=\".\" style=\"background-color: inherit\" class=\"hierarchy\"/><img src=\"tbl_vjoin.png\" alt=\".\" style=\"background-color: inherit\" class=\"hierarchy\"/><img src=\"icon_extension_simple.png\" alt=\".\" style=\"background-color: white; background-color: inherit\" title=\"Simple Extension\" class=\"hierarchy\"/> <a href=\"StructureDefinition-ncdhc-composition-definitions.html#Composition.attester.extension\" title=\"null\">extension</a><a name=\"Composition.attester.extension\"> </a></td><td style=\"vertical-align: top; text-align : left; background-color: white; border: 0px #F0F0F0 solid; padding:0px 4px 0px 4px\" class=\"hierarchy\"/><td style=\"vertical-align: top; text-align : left; background-color: white; border: 0px #F0F0F0 solid; padding:0px 4px 0px 4px\" class=\"hierarchy\"><span style=\"opacity: 0.4\">0</span><span style=\"opacity: 0.5\">..</span><span style=\"opacity: 0.4\">*</span></td><td style=\"vertical-align: top; text-align : left; background-color: white; border: 0px #F0F0F0 solid; padding:0px 4px 0px 4px\" class=\"hierarchy\"><a style=\"opacity: 0.4\" href=\"http://hl7.org/fhir/STU3/datatypes.html#Extension\">Extension</a></td><td style=\"vertical-align: top; text-align : left; background-color: white; border: 0px #F0F0F0 solid; padding:0px 4px 0px 4px\" class=\"hierarchy\"><span style=\"font-weight:bold\">Slice: </span>Unordered, Open by value:url</td></tr>\r\n<tr style=\"border: 0px #F0F0F0 solid; padding:0px; vertical-align: top; background-color: white;\"><td style=\"vertical-align: top; text-align : left; background-color: white; border: 0px #F0F0F0 solid; padding:0px 4px 0px 4px; white-space: nowrap; background-image: url(tbl_bck104.png)\" class=\"hierarchy\"><img src=\"tbl_spacer.png\" alt=\".\" style=\"background-color: inherit\" class=\"hierarchy\"/><img src=\"tbl_vline.png\" alt=\".\" style=\"background-color: inherit\" class=\"hierarchy\"/><img src=\"tbl_vjoin_end.png\" alt=\".\" style=\"background-color: inherit\" class=\"hierarchy\"/><img src=\"icon_extension_simple.png\" alt=\".\" style=\"background-color: white; background-color: inherit\" title=\"Simple Extension\" class=\"hierarchy\"/> <a href=\"StructureDefinition-ncdhc-composition-definitions.html#Composition.attester.extension:attesterRelatedParty\" title=\"Extension URL = http://hl7.org.au/fhir/StructureDefinition/attester-related-party\">attester-related-party</a><a name=\"Composition.attester.extension\"> </a></td><td style=\"vertical-align: top; text-align : left; background-color: white; border: 0px #F0F0F0 solid; padding:0px 4px 0px 4px\" class=\"hierarchy\"/><td style=\"vertical-align: top; text-align : left; background-color: white; border: 0px #F0F0F0 solid; padding:0px 4px 0px 4px\" class=\"hierarchy\"><span style=\"opacity: 0.4\">0</span>..<span style=\"opacity: 0.4\">1</span></td><td style=\"vertical-align: top; text-align : left; background-color: white; border: 0px #F0F0F0 solid; padding:0px 4px 0px 4px\" class=\"hierarchy\"><a href=\"http://hl7.org/fhir/STU3/references.html\">Reference</a>(<a href=\"http://hl7.org/fhir/STU3/relatedperson.html\">RelatedPerson</a>)</td><td style=\"vertical-align: top; text-align : left; background-color: white; border: 0px #F0F0F0 solid; padding:0px 4px 0px 4px\" class=\"hierarchy\">Related person that attested the composition<br/><span style=\"font-weight:bold\">URL: </span><a href=\"http://hl7.org/fhir/STU3/StructureDefinition-attester-related-party.html\">http://hl7.org.au/fhir/StructureDefinition/attester-related-party</a></td></tr>\r\n<tr style=\"border: 0px #F0F0F0 solid; padding:0px; vertical-align: top; background-color: white;\"><td style=\"vertical-align: top; text-align : left; background-color: white; border: 0px #F0F0F0 solid; padding:0px 4px 0px 4px; white-space: nowrap; background-image: url(tbl_bck01.png)\" class=\"hierarchy\"><img src=\"tbl_spacer.png\" alt=\".\" style=\"background-color: inherit\" class=\"hierarchy\"/><img src=\"tbl_vjoin_end.png\" alt=\".\" style=\"background-color: inherit\" class=\"hierarchy\"/><img src=\"icon_element.gif\" alt=\".\" style=\"background-color: white; background-color: inherit\" title=\"Element\" class=\"hierarchy\"/> <a href=\"StructureDefinition-ncdhc-composition-definitions.html#Composition.section\" title=\"null\">section</a><a name=\"Composition.section\"> </a></td><td style=\"vertical-align: top; text-align : left; background-color: white; border: 0px #F0F0F0 solid; padding:0px 4px 0px 4px\" class=\"hierarchy\"/><td style=\"vertical-align: top; text-align : left; background-color: white; border: 0px #F0F0F0 solid; padding:0px 4px 0px 4px\" class=\"hierarchy\"><span style=\"opacity: 0.4\">0</span><span style=\"opacity: 0.5\">..</span><span style=\"opacity: 0.4\">*</span></td><td style=\"vertical-align: top; text-align : left; background-color: white; border: 0px #F0F0F0 solid; padding:0px 4px 0px 4px\" class=\"hierarchy\"><a style=\"opacity: 0.4\" href=\"http://hl7.org/fhir/STU3/datatypes.html#BackboneElement\">BackboneElement</a></td><td style=\"vertical-align: top; text-align : left; background-color: white; border: 0px #F0F0F0 solid; padding:0px 4px 0px 4px\" class=\"hierarchy\"/></tr>\r\n<tr style=\"border: 0px #F0F0F0 solid; padding:0px; vertical-align: top; background-color: white;\"><td style=\"vertical-align: top; text-align : left; background-color: white; border: 0px #F0F0F0 solid; padding:0px 4px 0px 4px; white-space: nowrap; background-image: url(tbl_bck012.png)\" class=\"hierarchy\"><img src=\"tbl_spacer.png\" alt=\".\" style=\"background-color: inherit\" class=\"hierarchy\"/><img src=\"tbl_blank.png\" alt=\".\" style=\"background-color: inherit\" class=\"hierarchy\"/><img src=\"tbl_vjoin.png\" alt=\".\" style=\"background-color: inherit\" class=\"hierarchy\"/><img src=\"icon_extension_simple.png\" alt=\".\" style=\"background-color: white; background-color: inherit\" title=\"Simple Extension\" class=\"hierarchy\"/> <a href=\"StructureDefinition-ncdhc-composition-definitions.html#Composition.section.extension\" title=\"null\">extension</a><a name=\"Composition.section.extension\"> </a></td><td style=\"vertical-align: top; text-align : left; background-color: white; border: 0px #F0F0F0 solid; padding:0px 4px 0px 4px\" class=\"hierarchy\"/><td style=\"vertical-align: top; text-align : left; background-color: white; border: 0px #F0F0F0 solid; padding:0px 4px 0px 4px\" class=\"hierarchy\"><span style=\"opacity: 0.4\">0</span><span style=\"opacity: 0.5\">..</span><span style=\"opacity: 0.4\">*</span></td><td style=\"vertical-align: top; text-align : left; background-color: white; border: 0px #F0F0F0 solid; padding:0px 4px 0px 4px\" class=\"hierarchy\"><a style=\"opacity: 0.4\" href=\"http://hl7.org/fhir/STU3/datatypes.html#Extension\">Extension</a></td><td style=\"vertical-align: top; text-align : left; background-color: white; border: 0px #F0F0F0 solid; padding:0px 4px 0px 4px\" class=\"hierarchy\"><span style=\"font-weight:bold\">Slice: </span>Unordered, Open by value:url</td></tr>\r\n<tr style=\"border: 0px #F0F0F0 solid; padding:0px; vertical-align: top; background-color: white;\"><td style=\"vertical-align: top; text-align : left; background-color: white; border: 0px #F0F0F0 solid; padding:0px 4px 0px 4px; white-space: nowrap; background-image: url(tbl_bck004.png)\" class=\"hierarchy\"><img src=\"tbl_spacer.png\" alt=\".\" style=\"background-color: inherit\" class=\"hierarchy\"/><img src=\"tbl_blank.png\" alt=\".\" style=\"background-color: inherit\" class=\"hierarchy\"/><img src=\"tbl_vjoin_end.png\" alt=\".\" style=\"background-color: inherit\" class=\"hierarchy\"/><img src=\"icon_extension_simple.png\" alt=\".\" style=\"background-color: white; background-color: inherit\" title=\"Simple Extension\" class=\"hierarchy\"/> <a href=\"StructureDefinition-ncdhc-composition-definitions.html#Composition.section.extension:sectionAuthor\" title=\"Extension URL = http://hl7.org.au/fhir/StructureDefinition/section-author\">section-author</a><a name=\"Composition.section.extension\"> </a></td><td style=\"vertical-align: top; text-align : left; background-color: white; border: 0px #F0F0F0 solid; padding:0px 4px 0px 4px\" class=\"hierarchy\"/><td style=\"vertical-align: top; text-align : left; background-color: white; border: 0px #F0F0F0 solid; padding:0px 4px 0px 4px\" class=\"hierarchy\"><span style=\"opacity: 0.4\">0</span><span style=\"opacity: 0.5\">..</span><span style=\"opacity: 0.4\">*</span></td><td style=\"vertical-align: top; text-align : left; background-color: white; border: 0px #F0F0F0 solid; padding:0px 4px 0px 4px\" class=\"hierarchy\"><a href=\"http://hl7.org/fhir/STU3/references.html\">Reference</a>(<a href=\"http://hl7.org/fhir/STU3/practitioner.html\">Practitioner</a> | <a href=\"http://hl7.org/fhir/STU3/device.html\">Device</a> | <a href=\"http://hl7.org/fhir/STU3/patient.html\">Patient</a> | <a href=\"http://hl7.org/fhir/STU3/relatedperson.html\">RelatedPerson</a> | <a href=\"http://hl7.org/fhir/STU3/practitionerrole.html\">PractitionerRole</a> | <a href=\"http://hl7.org/fhir/STU3/organization.html\">Organization</a>)</td><td style=\"vertical-align: top; text-align : left; background-color: white; border: 0px #F0F0F0 solid; padding:0px 4px 0px 4px\" class=\"hierarchy\">Who and/or what authored the section<br/><span style=\"font-weight:bold\">URL: </span><a href=\"http://hl7.org/fhir/STU3/StructureDefinition-section-author.html\">http://hl7.org.au/fhir/StructureDefinition/section-author</a><br/></td></tr>\r\n<tr><td colspan=\"5\" class=\"hierarchy\"><br/><a href=\"http://hl7.org/fhir/STU3/formats.html#table\" title=\"Legend for this format\"><img src=\"http://hl7.org/fhir/STU3/help16.png\" alt=\"doco\" style=\"background-color: inherit\"/> Documentation for this format</a></td></tr></table></div>"
  },
  "url": "http://hl7.org.au/fhir/ch/v1/StructureDefinition/ncdhc-composition-birth",
  "version": "v1.0.0",
  "name": "NCDHC Newborn Delivery Health Interaction Composition Profile",
  "title": "NCDHC Newborn Delivery Composition",
  "status": "draft",
  "date": "2018-12-21",
  "publisher": "National Children's Digital Health Collaborative (NCDHC)",
  "contact": [
    {
      "telecom": [
        {
          "system": "url",
          "value": "http://hl7.org.au/fhir",
          "use": "work"
        }
      ]
    }
  ],
  "description": "Composition profile for NCDHC Newborn Delivery Health Interaction",
  "purpose": "The purpose is to capture all the relevant details associated to the Newborn Delivery Event.",
  "fhirVersion": "3.0.2",
  "mapping": [
    {
      "identity": "rim",
      "uri": "http://hl7.org/v3",
      "name": "RIM Mapping"
    },
    {
      "identity": "cda",
      "uri": "http://hl7.org/v3/cda",
      "name": "CDA (R2)"
    },
    {
      "identity": "w5",
      "uri": "http://hl7.org/fhir/w5",
      "name": "W5 Mapping"
    }
  ],
  "kind": "resource",
  "abstract": false,
  "type": "Composition",
  "baseDefinition": "http://hl7.org.au/fhir/ch/v1/StructureDefinition/ncdhc-composition-base",
  "derivation": "constraint",
  "differential": {
    "element": [
      {
        "id": "Composition",
        "path": "Composition",
        "short": "NCDHC Birth Health Interaction Composition Profile"
      },
      {
        "id": "Composition.subject",
        "path": "Composition.subject",
        "short": "Reference to the Baby Patient",
        "type": [
          {
            "code": "Reference",
            "targetProfile": "http://hl7.org.au/fhir/ch/v1/StructureDefinition/ncdhc-patient-baby"
          }
        ]
      },
      {
        "id": "Composition.author",
        "path": "Composition.author",
        "type": [
          {
            "code": "Reference",
            "targetProfile": "http://hl7.org.au/fhir/StructureDefinition/au-practitioner",
            "aggregation": [
              "bundled"
            ]
          },
          {
            "code": "Reference",
            "targetProfile": "http://hl7.org/fhir/StructureDefinition/Device"
          }
        ]
      },
      {
        "id": "Composition.title",
        "path": "Composition.title",
        "fixedString": "Newborn Delivery Health Interaction"
      },
      {
        "id": "Composition.attester.party",
        "path": "Composition.attester.party",
        "short": "The Practitioner and/or Organization who attested the composition",
        "type": [
          {
            "code": "Reference",
            "targetProfile": "http://hl7.org.au/fhir/StructureDefinition/au-practitioner",
            "aggregation": [
              "bundled"
            ]
          },
          {
            "code": "Reference",
            "targetProfile": "http://hl7.org.au/fhir/StructureDefinition/au-organisation",
            "aggregation": [
              "bundled"
            ]
          }
        ]
      },
      {
        "id": "Composition.custodian",
        "path": "Composition.custodian",
        "type": [
          {
            "code": "Reference",
            "targetProfile": "​http://hl7.org.au/fhir/StructureDefinition/au-organisation",
            "aggregation": [
              "bundled"
            ]
          }
        ]
      },
      {
        "id": "Composition.section",
        "extension": [
          {
            "url": "http://hl7.org/fhir/StructureDefinition/structuredefinition-explicit-type-name",
            "valueString": "Section"
          }
        ],
        "path": "Composition.section",
        "slicing": {
          "discriminator": [
            {
              "type": "value",
              "path": "code"
            }
          ],
          "rules": "closed"
        }
      },
      {
        "id": "Composition.section:estimatedGestation",
        "extension": [
          {
            "url": "http://hl7.org/fhir/StructureDefinition/structuredefinition-explicit-type-name",
            "valueString": "Section"
          }
        ],
        "path": "Composition.section",
        "sliceName": "estimatedGestation",
        "short": "This section records gestational age in weeks and days (usually equivalent to length of pregnancy).",
        "max": "1"
      },
      {
        "id": "Composition.section:estimatedGestation.title",
        "path": "Composition.section.title",
        "fixedString": "Estimated gestation"
      },
      {
        "id": "Composition.section:estimatedGestation.code",
        "path": "Composition.section.code",
        "fixedCodeableConcept": {
          "coding": [
            {
              "system": "http://loinc.org",
              "code": "72147-2"
            }
          ]
        }
      },
      {
        "id": "Composition.section:estimatedGestation.entry",
        "path": "Composition.section.entry",
        "short": "Section to represent Estimated Gestation data.  If the section is present in the document, then it should have an entry. Otherwise empty reason has to be provided.",
        "max": "1",
        "type": [
          {
            "code": "Reference",
            "targetProfile": "http://hl7.org.au/fhir/ch/v1/StructureDefinition/ncdhc-observation-estimated-gestation",
            "aggregation": [
              "bundled"
            ]
          }
        ]
      },
      {
        "id": "Composition.section:estimatedGestation.section",
        "path": "Composition.section.section",
        "max": "0"
      },
      {
        "id": "Composition.section:abnormalitiesNotedAtBirth",
        "extension": [
          {
            "url": "http://hl7.org/fhir/StructureDefinition/structuredefinition-explicit-type-name",
            "valueString": "Section"
          }
        ],
        "path": "Composition.section",
        "sliceName": "abnormalitiesNotedAtBirth",
        "short": "Represents 'Abnormalities noted at birth' section for this document.",
        "max": "1"
      },
      {
        "id": "Composition.section:abnormalitiesNotedAtBirth.title",
        "path": "Composition.section.title",
        "fixedString": "Abnormalities noted at birth"
      },
      {
        "id": "Composition.section:abnormalitiesNotedAtBirth.code",
        "path": "Composition.section.code",
        "fixedCodeableConcept": {
          "coding": [
            {
              "system": "http://loinc.org",
              "code": "73780-9"
            }
          ]
        }
      },
      {
        "id": "Composition.section:abnormalitiesNotedAtBirth.entry",
        "path": "Composition.section.entry",
        "short": "Section to represent Congenital anomalies of the newborn data.  If the section is present in the document, then it should have an entry. Otherwise empty reason has to be provided.",
        "comment": "If there are no entries in the list, an emptyReason SHOULD be provided. There could be multiple type of Congenital anomalies. The card proposed as 1...*.",
        "type": [
          {
            "code": "Reference",
            "targetProfile": "http://hl7.org.au/fhir/ch/v1/StructureDefinition/ncdhc-observation-birth-abnormalities",
            "aggregation": [
              "bundled"
            ]
          }
        ]
      },
      {
        "id": "Composition.section:abnormalitiesNotedAtBirth.section",
        "path": "Composition.section.section",
        "max": "0"
      },
      {
        "id": "Composition.section:apgarScore",
        "extension": [
          {
            "url": "http://hl7.org/fhir/StructureDefinition/structuredefinition-explicit-type-name",
            "valueString": "Section"
          }
        ],
        "path": "Composition.section",
        "sliceName": "apgarScore",
        "short": "This section represents a set of observations made on the baby following birth to check adaptation to life outside the womb.  This includes 1 minute, 5 minutes and 10 minutes",
        "max": "1"
      },
      {
        "id": "Composition.section:apgarScore.title",
        "path": "Composition.section.title",
        "fixedString": "Apgar scores"
      },
      {
        "id": "Composition.section:apgarScore.code",
        "path": "Composition.section.code",
        "fixedCodeableConcept": {
          "coding": [
            {
              "system": "http://loinc.org",
              "code": "LP32192-4"
            }
          ]
        }
      },
      {
        "id": "Composition.section:apgarScore.entry",
        "path": "Composition.section.entry",
        "slicing": {
          "discriminator": [
            {
              "type": "profile",
              "path": "resolve()"
            }
          ],
          "rules": "closed"
        },
        "min": 2,
        "max": "3"
      },
      {
        "id": "Composition.section:apgarScore.entry:apgar1m",
        "path": "Composition.section.entry",
        "sliceName": "apgar1m",
        "short": "This section records APGAR score (1 Minute)",
        "min": 1,
        "max": "1",
        "type": [
          {
            "code": "Reference",
            "targetProfile": "http://hl7.org.au/fhir/ch/v1/StructureDefinition/ncdhc-observation-apgar-score",
            "aggregation": [
              "bundled"
            ]
          }
        ]
      },
      {
        "id": "Composition.section:apgarScore.entry:apgar5m",
        "path": "Composition.section.entry",
        "sliceName": "apgar5m",
        "short": "This section records APGAR score (5 Minutes)",
        "min": 1,
        "max": "1",
        "type": [
          {
            "code": "Reference",
            "targetProfile": "http://hl7.org.au/fhir/ch/v1/StructureDefinition/ncdhc-observation-apgar-score",
            "aggregation": [
              "bundled"
            ]
          }
        ]
      },
      {
        "id": "Composition.section:apgarScore.entry:apgar10m",
        "path": "Composition.section.entry",
        "sliceName": "apgar10m",
        "short": "This section records APGAR score (10 Minutes)",
        "max": "1",
        "type": [
          {
            "code": "Reference",
            "targetProfile": "http://hl7.org.au/fhir/ch/v1/StructureDefinition/ncdhc-observation-apgar-score",
            "aggregation": [
              "bundled"
            ]
          }
        ]
      },
      {
        "id": "Composition.section:apgarScore.section",
        "path": "Composition.section.section",
        "max": "0"
      },
      {
        "id": "Composition.section:medicationsAdministered",
        "extension": [
          {
            "url": "http://hl7.org/fhir/StructureDefinition/structuredefinition-explicit-type-name",
            "valueString": "Section"
          }
        ],
        "path": "Composition.section",
        "sliceName": "medicationsAdministered",
        "short": "Represents 'Medications Administered' section for this document.",
        "max": "1"
      },
      {
        "id": "Composition.section:medicationsAdministered.title",
        "path": "Composition.section.title",
        "fixedString": "Medication administered"
      },
      {
        "id": "Composition.section:medicationsAdministered.code",
        "path": "Composition.section.code",
        "fixedCodeableConcept": {
          "coding": [
            {
              "system": "http://loinc.org",
              "code": "29303-5"
            }
          ]
        }
      },
      {
        "id": "Composition.section:medicationsAdministered.entry",
        "path": "Composition.section.entry",
        "short": "Section to represent what are the different medications administered to the newborn.  The allowed typs are defined at :  http://hl7.org.au/fhir/ch/ValueSet/medication-administration-type. If the section is present in the document, then it should have an entry. Otherwise empty reason has to be provided.",
        "type": [
          {
            "code": "Reference",
            "targetProfile": "http://hl7.org.au/fhir/ch/v1/StructureDefinition/ncdhc-medicationstatement-vitamink",
            "aggregation": [
              "bundled"
            ]
          }
        ]
      },
      {
        "id": "Composition.section:medicationsAdministered.section",
        "path": "Composition.section.section",
        "max": "0"
      },
      {
        "id": "Composition.section:vitalSignsAndMeasurements",
        "extension": [
          {
            "url": "http://hl7.org/fhir/StructureDefinition/structuredefinition-explicit-type-name",
            "valueString": "Section"
          }
        ],
        "path": "Composition.section",
        "sliceName": "vitalSignsAndMeasurements",
        "short": "Represents 'Vital Signs and Measurements' section for this document.",
        "max": "1"
      },
      {
        "id": "Composition.section:vitalSignsAndMeasurements.title",
        "path": "Composition.section.title",
        "fixedString": "Vital signs and measurements"
      },
      {
        "id": "Composition.section:vitalSignsAndMeasurements.code",
        "path": "Composition.section.code",
        "fixedCodeableConcept": {
          "coding": [
            {
              "system": "http://loinc.org",
              "code": "67795-5"
            }
          ]
        }
      },
      {
        "id": "Composition.section:vitalSignsAndMeasurements.entry",
        "path": "Composition.section.entry",
        "slicing": {
          "discriminator": [
            {
              "type": "profile",
              "path": "resolve()"
            }
          ],
          "rules": "closed"
        },
        "short": "Section to represent Vital Sings measured on the newborn.  If the section is present in the document, then it should have an entry. Otherwise empty reason has to be provided.",
        "max": "3"
      },
      {
        "id": "Composition.section:vitalSignsAndMeasurements.entry:birthWeight",
        "path": "Composition.section.entry",
        "sliceName": "birthWeight",
        "short": "This section records weight of baby recorded at birth",
        "max": "1",
        "type": [
          {
            "code": "Reference",
            "targetProfile": "http://hl7.org.au/fhir/ch/v1/StructureDefinition/ncdhc-observation-vitalsign-bodyweight",
            "aggregation": [
              "bundled"
            ]
          },
          {
            "code": "Reference",
            "targetProfile": "http://hl7.org.au/fhir/ch/v1/StructureDefinition/ncdhc-observation-bodyweight",
            "aggregation": [
              "bundled"
            ]
          }
        ]
      },
      {
        "id": "Composition.section:vitalSignsAndMeasurements.entry:birthLength",
        "path": "Composition.section.entry",
        "sliceName": "birthLength",
        "short": "This section records length of baby recorded at birth",
        "max": "1",
        "type": [
          {
            "code": "Reference",
            "targetProfile": "http://hl7.org.au/fhir/ch/v1/StructureDefinition/ncdhc-observation-vitalsign-bodyheight",
            "aggregation": [
              "bundled"
            ]
          }
        ]
      },
      {
        "id": "Composition.section:vitalSignsAndMeasurements.entry:birthHeadCircumference",
        "path": "Composition.section.entry",
        "sliceName": "birthHeadCircumference",
        "short": "This section records numeric value for head circumference",
        "max": "1",
        "type": [
          {
            "code": "Reference",
            "targetProfile": "http://hl7.org.au/fhir/ch/v1/StructureDefinition/ncdhc-observation-vitalsign-headcircum",
            "aggregation": [
              "bundled"
            ]
          }
        ]
      },
      {
        "id": "Composition.section:vitalSignsAndMeasurements.section",
        "path": "Composition.section.section",
        "max": "0"
      },
      {
        "id": "Composition.section:maternalMorbidity",
        "extension": [
          {
            "url": "http://hl7.org/fhir/StructureDefinition/structuredefinition-explicit-type-name",
            "valueString": "Section"
          }
        ],
        "path": "Composition.section",
        "sliceName": "maternalMorbidity",
        "short": "Represents serious complications experienced by the mother/patient associated with labor and delivery.",
        "max": "1"
      },
      {
        "id": "Composition.section:maternalMorbidity.title",
        "path": "Composition.section.title",
        "fixedString": "Maternal morbidity"
      },
      {
        "id": "Composition.section:maternalMorbidity.code",
        "path": "Composition.section.code",
        "fixedCodeableConcept": {
          "coding": [
            {
              "system": "http://loinc.org",
              "code": "73781-7"
            }
          ]
        }
      },
      {
        "id": "Composition.section:maternalMorbidity.entry",
        "path": "Composition.section.entry",
        "slicing": {
          "discriminator": [
            {
              "type": "profile",
              "path": "resolve()"
            }
          ],
          "rules": "closed"
        },
        "short": "Section to represent Maternal Morbidity details which includes Birth Complications and Pregnancy Complications.  If the section is present in the document, then it should have an entry. Otherwise empty reason has to be provided."
      },
      {
        "id": "Composition.section:maternalMorbidity.entry:birthComplications",
        "path": "Composition.section.entry",
        "sliceName": "birthComplications",
        "short": "This section records complications observed during the birthing process",
        "type": [
          {
            "code": "Reference",
            "targetProfile": "http://hl7.org.au/fhir/ch/v1/StructureDefinition/ncdhc-observation-birth-complication",
            "aggregation": [
              "bundled"
            ]
          }
        ]
      },
      {
        "id": "Composition.section:maternalMorbidity.entry:pregnancyComplications",
        "path": "Composition.section.entry",
        "sliceName": "pregnancyComplications",
        "short": "This section records maternal medical conditions or infectious diseases arising in pregnancy which may have an impact on the fetus, e.g. gestational diabetes, infection etc.",
        "type": [
          {
            "code": "Reference",
            "targetProfile": "http://hl7.org.au/fhir/ch/v1/StructureDefinition/ncdhc-observation-pregnancy-complication",
            "aggregation": [
              "bundled"
            ]
          }
        ]
      },
      {
        "id": "Composition.section:maternalMorbidity.section",
        "path": "Composition.section.section",
        "max": "0"
      },
      {
        "id": "Composition.section:labourAndDelivery",
        "extension": [
          {
            "url": "http://hl7.org/fhir/StructureDefinition/structuredefinition-explicit-type-name",
            "valueString": "Section"
          }
        ],
        "path": "Composition.section",
        "sliceName": "labourAndDelivery",
        "short": "Information about the course of labour and delivery",
        "max": "1"
      },
      {
        "id": "Composition.section:labourAndDelivery.title",
        "path": "Composition.section.title",
        "fixedString": "Labour and delivery"
      },
      {
        "id": "Composition.section:labourAndDelivery.code",
        "path": "Composition.section.code",
        "fixedCodeableConcept": {
          "coding": [
            {
              "system": "http://loinc.org",
              "code": "LA20786-2"
            }
          ]
        }
      },
      {
        "id": "Composition.section:labourAndDelivery.entry",
        "path": "Composition.section.entry",
        "slicing": {
          "discriminator": [
            {
              "type": "profile",
              "path": "resolve()"
            }
          ],
          "rules": "closed"
        },
        "short": "Section to represent labour and delivery details which includes  capturing details on labour induced and method of delivery.  If the section is present in the document, then it should have an entry. Otherwise empty reason has to be provided.",
        "max": "2"
      },
      {
        "id": "Composition.section:labourAndDelivery.entry:typeOfBirth",
        "path": "Composition.section.entry",
        "sliceName": "typeOfBirth",
        "short": "This section represents type of birth observed during the birthing procedure",
        "max": "1",
        "type": [
          {
            "code": "Reference",
            "targetProfile": "http://hl7.org.au/fhir/ch/v1/StructureDefinition/ncdhc-observation-method-of-delivery",
            "aggregation": [
              "bundled"
            ]
          }
        ]
      },
      {
        "id": "Composition.section:labourAndDelivery.entry:labourInduced",
        "path": "Composition.section.entry",
        "sliceName": "labourInduced",
        "short": "This section records labour initiation details eg spontaneous, induced",
        "max": "1",
        "type": [
          {
            "code": "Reference",
            "targetProfile": "http://hl7.org.au/fhir/ch/v1/StructureDefinition/ncdhc-observation-labour-induced",
            "aggregation": [
              "bundled"
            ]
          }
        ]
      },
      {
        "id": "Composition.section:labourAndDelivery.section",
        "path": "Composition.section.section",
        "max": "0"
      }
    ]
  }
}