{
  "resourceType": "StructureDefinition",
  "id": "ncdhc-familymemberhistory",
  "url": "http://hl7.org.au/fhir/ch/v1/StructureDefinition/ncdhc-familymemberhistory",
  "version": "v1.0.0",
  "name": "NCDHC Family Member History Profile",
  "title": "NCDHC Family Member History",
  "status": "draft",
  "date": "2019-02-22",
  "publisher": "National Children's Digital Health Collaborative (NCDHC)",
  "description": "Record of family history (eg deafness)",
  "purpose": "To record family history of the baby patient",
  "fhirVersion": "3.0.2",
  "kind": "resource",
  "abstract": false,
  "type": "FamilyMemberHistory",
  "baseDefinition": "http://hl7.org/fhir/StructureDefinition/FamilyMemberHistory",
  "derivation": "constraint",
  "differential": {
    "element": [
      {
        "id": "FamilyMemberHistory",
        "path": "FamilyMemberHistory",
        "short": "NCDHC Family History"
      },
      {
        "id": "FamilyMemberHistory.definition",
        "path": "FamilyMemberHistory.definition",
        "min": 1,
        "type": [
          {
            "code": "Reference",
            "targetProfile": "http://hl7.org.au/fhir/ch/v1/StructureDefinition/ncdhc-questionnaire-familyhistory",
            "aggregation": [
              "bundled"
            ]
          }
        ],
        "mustSupport": true
      },
      {
        "id": "FamilyMemberHistory.patient",
        "path": "FamilyMemberHistory.patient",
        "type": [
          {
            "code": "Reference",
            "targetProfile": "http://hl7.org.au/fhir/ch/v1/StructureDefinition/ncdhc-patient-baby"
          }
        ]
      },
      {
        "id": "FamilyMemberHistory.reasonReference",
        "path": "FamilyMemberHistory.reasonReference",
        "min": 1,
        "mustSupport": false
      },
      {
        "id": "FamilyMemberHistory.condition.code.coding",
        "path": "FamilyMemberHistory.condition.code.coding",
        "slicing": {
          "discriminator": [
            {
              "type": "value",
              "path": "system"
            }
          ],
          "rules": "closed"
        },
        "binding": {
          "strength": "extensible",
          "valueSetReference": {
            "reference": "http://hl7.org/fhir/ValueSet/condition-code"
          }
        }
      },
      {
        "id": "FamilyMemberHistory.condition.code.coding:snomedCoding",
        "path": "FamilyMemberHistory.condition.code.coding",
        "sliceName": "snomedCoding",
        "binding": {
          "strength": "required",
          "valueSetUri": "http://hl7.org.au/fhir/ch/v1/ValueSet/ncdhc-condition-code"
        }
      }
    ]
  }
}