{
  "resourceType": "StructureDefinition",
  "id": "ncdhc-condition-family-history",
  "url": "http://hl7.org.au/fhir/StructureDefinition/ncdhc-condition-family-history",
  "version": "v1.0.0",
  "name": "NCDHC Family History Condition Profile",
  "status": "draft",
  "date": "2019-02-01",
  "publisher": "National Children's Digital Health Collaborative (NCDHC)",
  "description": "to capture family history of the newborn",
  "purpose": "to capture family history of the newborn",
  "fhirVersion": "3.0.2",
  "kind": "resource",
  "abstract": false,
  "type": "Condition",
  "baseDefinition": "http://hl7.org.au/fhir/StructureDefinition/au-condition",
  "derivation": "constraint",
  "differential": {
    "element": [
      {
        "id": "Condition",
        "path": "Condition",
        "short": "A condition, problem or diagnosis statement in NCDHC healthcare context"
      },
      {
        "id": "Condition.category.coding.system",
        "path": "Condition.category.coding.system",
        "fixedUri": "http://terminology.hl7.org/CodeSystem/condition-category"
      },
      {
        "id": "Condition.category.coding.code",
        "path": "Condition.category.coding.code",
        "fixedCode": "problem-list-item"
      },
      {
        "id": "Condition.code",
        "path": "Condition.code",
        "binding": {
          "extension": [
            {
              "url": "http://hl7.org/fhir/StructureDefinition/elementdefinition-bindingName",
              "valueString": "ConditionKind"
            }
          ],
          "strength": "required"
        }
      },
      {
        "id": "Condition.code.coding.system",
        "path": "Condition.code.coding.system",
        "binding": {
          "strength": "required",
          "valueSetReference": {
            "reference": "http://hl7.org/fhir/ValueSet/newborn-family-history-type"
          }
        }
      },
      {
        "id": "Condition.code.coding:snomedCondition",
        "path": "Condition.code.coding",
        "sliceName": "snomedCondition"
      },
      {
        "id": "Condition.code.coding:snomedCondition.system",
        "path": "Condition.code.coding.system",
        "fixedUri": "http://snomed.info/sct"
      },
      {
        "id": "Condition.code.coding:snomedCondition.code",
        "path": "Condition.code.coding.code",
        "fixedCode": "410551005"
      },
      {
        "id": "Condition.code.coding:loincCondition",
        "path": "Condition.code.coding",
        "sliceName": "loincCondition"
      },
      {
        "id": "Condition.code.coding:loincCondition.system",
        "path": "Condition.code.coding.system",
        "fixedUri": "http://loinc.org"
      },
      {
        "id": "Condition.code.coding:loincCondition.code",
        "path": "Condition.code.coding.code",
        "fixedCode": "LA26428-5"
      },
      {
        "id": "Condition.subject",
        "path": "Condition.subject",
        "type": [
          {
            "code": "Reference",
            "targetProfile": "http://hl7.org.au/fhir/StructureDefinition/ncdhc-patient-baby"
          }
        ]
      }
    ]
  }
}