{
  "resourceType": "StructureDefinition",
  "id": "ncdhc-graphdefinition-base",
  "url": "http://hl7.org.au/fhir/ch/v1/StructureDefinition/ncdhc-graphdefinition-base",
  "name": "NCDHC GraphDefinition Profile",
  "title": "NCDHC GraphDefinition",
  "status": "draft",
  "date": "2019-07-19",
  "publisher": "National Children's Digital Health Collaborative (NCDHC)",
  "fhirVersion": "3.0.2",
  "kind": "resource",
  "abstract": false,
  "type": "GraphDefinition",
  "baseDefinition": "http://hl7.org/fhir/StructureDefinition/GraphDefinition",
  "derivation": "constraint",
  "differential": {
    "element": [
      {
        "id": "GraphDefinition",
        "path": "GraphDefinition",
        "short": "NCDHC GraphDefinition Profile"
      },
      {
        "id": "GraphDefinition.useContext",
        "path": "GraphDefinition.useContext",
        "min": 1
      },
      {
        "id": "GraphDefinition.useContext.code",
        "path": "GraphDefinition.useContext.code",
        "binding": {
          "extension": [
            {
              "url": "http://hl7.org/fhir/StructureDefinition/elementdefinition-bindingName",
              "valueString": "UsageContextType"
            }
          ],
          "strength": "required",
          "valueSetReference": {
            "reference": "http://hl7.org.au/fhir/ch/v1/CodeSystem/ncdhc-use-context-type-1"
          }
        }
      },
      {
        "id": "GraphDefinition.useContext.value[x]:valueCodeableConcept",
        "path": "GraphDefinition.useContext.valueCodeableConcept",
        "sliceName": "valueCodeableConcept",
        "type": [
          {
            "code": "CodeableConcept"
          }
        ],
        "binding": {
          "extension": [
            {
              "url": "http://hl7.org/fhir/StructureDefinition/elementdefinition-bindingName",
              "valueString": "UsageContextValue"
            }
          ],
          "strength": "required",
          "valueSetReference": {
            "reference": "http://hl7.org.au/fhir/ch/v1/CodeSystem/ncdhc-document-type-1"
          }
        }
      },
      {
        "id": "GraphDefinition.link",
        "path": "GraphDefinition.link",
        "min": 1
      }
    ]
  }
}