{
  "resourceType": "StructureDefinition",
  "id": "ncdhc-composition-edb",
  "url": "http://hl7.org.au/fhir/ch/v1/StructureDefinition/ncdhc-composition-edb",
  "version": "v1.0.0",
  "name": "NCDHC Estimated Date Of Birth Composition Profile",
  "title": "NCDHC Estimated Date Of Birth Composition",
  "status": "draft",
  "date": "2019-09-20",
  "publisher": "National Children's Digital Health Collaborative (NCDHC)",
  "description": "This profile is used to represent Estimated Date Of Birth.",
  "purpose": "Newborn Estimated Date Of Birth HI document",
  "fhirVersion": "3.0.2",
  "kind": "resource",
  "abstract": false,
  "type": "Composition",
  "baseDefinition": "http://hl7.org.au/fhir/ch/v1/StructureDefinition/ncdhc-composition-base",
  "derivation": "constraint",
  "differential": {
    "element": [
      {
        "id": "Composition.subject",
        "path": "Composition.subject",
        "short": "Reference to the NCDHC Mother Patient",
        "type": [
          {
            "code": "Reference",
            "targetProfile": "http://hl7.org.au/fhir/ch/v1/StructureDefinition/ncdhc-patient-mother",
            "aggregation": [
              "bundled"
            ]
          }
        ]
      },
      {
        "id": "Composition.title",
        "path": "Composition.title",
        "fixedString": "Estimated Date Of Birth Health Interaction"
      },
      {
        "id": "Composition.confidentiality",
        "path": "Composition.confidentiality",
        "fixedCode": "N"
      },
      {
        "id": "Composition.section",
        "extension": [
          {
            "url": "http://hl7.org/fhir/StructureDefinition/structuredefinition-explicit-type-name",
            "valueString": "Section"
          }
        ],
        "path": "Composition.section",
        "min": 1
      },
      {
        "id": "Composition.section.title",
        "path": "Composition.section.title",
        "fixedString": "Estimated Date of Birth"
      },
      {
        "id": "Composition.section.code",
        "path": "Composition.section.code",
        "fixedCodeableConcept": {
          "coding": [
            {
              "system": "http://snomed.info/sct",
              "code": "161714006"
            }
          ]
        }
      },
      {
        "id": "Composition.section.entry",
        "path": "Composition.section.entry",
        "short": "To record Estimated Date Of Birth and related details.",
        "max": "1",
        "type": [
          {
            "code": "Reference",
            "targetProfile": "http://hl7.org.au/fhir/ch/v1/StructureDefinition/ncdhc-observation-edb",
            "aggregation": [
              "bundled"
            ]
          }
        ]
      },
      {
        "id": "Composition.section.section",
        "path": "Composition.section.section",
        "max": "0"
      }
    ]
  }
}