{
  "resourceType": "StructureDefinition",
  "id": "ncdhc-observation-ageaprImmcomp",
  "url": "http://hl7.org.au/fhir/ch/v1/StructureDefinition/ncdhc-observation-ageaprImmcomp",
  "version": "v1.0.0",
  "name": "NCDHC Vaccination Status Observation Profile",
  "title": "NCDHC Vaccination Status Observation",
  "status": "draft",
  "date": "2019-02-01",
  "publisher": "National Children's Digital Health Collaborative (NCDHC)",
  "description": "Age Appropriate Immunisation completed as per schedule",
  "purpose": "To record immunisation schedule completion status",
  "fhirVersion": "3.0.2",
  "kind": "resource",
  "abstract": false,
  "type": "Observation",
  "baseDefinition": "http://hl7.org.au/fhir/ch/v1/StructureDefinition/ncdhc-observation-base",
  "derivation": "constraint",
  "differential": {
    "element": [
      {
        "id": "Observation",
        "path": "Observation",
        "short": "NCDHC Age Appropriate Immunisation Completion Observation"
      },
      {
        "id": "Observation.category",
        "path": "Observation.category",
        "patternCodeableConcept": {
          "text": "This needs to be discussed and finalised"
        }
      },
      {
        "id": "Observation.code",
        "path": "Observation.code",
        "short": "Bloospot Screen code"
      },
      {
        "id": "Observation.code.coding",
        "path": "Observation.code.coding",
        "slicing": {
          "discriminator": [
            {
              "type": "value",
              "path": "system"
            }
          ],
          "rules": "closed"
        }
      },
      {
        "id": "Observation.code.coding:VacStatusSNOMEDCT-AU",
        "path": "Observation.code.coding",
        "sliceName": "VacStatusSNOMEDCT-AU",
        "min": 1,
        "max": "1",
        "fixedCoding": {
          "system": "http://snomed.info/sct",
          "code": "408864009"
        }
      },
      {
        "id": "Observation.code.coding:VacStatusSNOMEDCT-AU.system",
        "path": "Observation.code.coding.system",
        "fixedUri": "http://snomed.info/sct"
      },
      {
        "id": "Observation.code.coding:VacStatusSNOMEDCT-AU.code",
        "path": "Observation.code.coding.code",
        "fixedCode": "408864009"
      },
      {
        "id": "Observation.subject",
        "path": "Observation.subject",
        "short": "Reference to the Baby Patient"
      },
      {
        "id": "Observation.value[x]:valueCodeableConcept",
        "path": "Observation.valueCodeableConcept",
        "sliceName": "valueCodeableConcept",
        "type": [
          {
            "code": "CodeableConcept"
          }
        ],
        "mustSupport": true,
        "binding": {
          "strength": "required",
          "valueSetReference": {
            "reference": "http://hl7.org.au/fhir/ch/v1/ValueSet/ncdhc-observation-vac-sch-comp-status-1"
          }
        }
      },
      {
        "id": "Observation.interpretation",
        "path": "Observation.interpretation",
        "short": "Indication of whether a referral is needed. Allowed values are : Normal | Review | Refer. If the outcome of any of the component is \"Refer\" then, this will be changed to \"Refer\""
      }
    ]
  }
}