{
  "resourceType": "StructureDefinition",
  "id": "ncdhc-composition-base",
  "url": "http://hl7.org.au/fhir/ch/v1/StructureDefinition/ncdhc-composition-base",
  "version": "v1.0.0",
  "name": "NCDHC Composition Base Profile",
  "title": "NCDHC Composition Base",
  "status": "draft",
  "date": "2019-03-01",
  "publisher": "National Children's Digital Health Collaborative (NCDHC)",
  "description": "This profile is used to represent NCDHC Base Composition profile.",
  "purpose": "Define Base Composition pfofile for all document types",
  "fhirVersion": "3.0.1",
  "kind": "resource",
  "abstract": false,
  "type": "Composition",
  "baseDefinition": "http://hl7.org.au/fhir/StructureDefinition/au-composition",
  "derivation": "constraint",
  "differential": {
    "element": [
      {
        "id": "Composition",
        "path": "Composition",
        "short": "Composition for the NCDHC realm"
      },
      {
        "id": "Composition.type",
        "path": "Composition.type",
        "binding": {
          "strength": "required",
          "valueSetReference": {
            "reference": "http://hl7.org.au/fhir/ch/v1/ValueSet/ncdhc-document-type-1"
          }
        }
      },
      {
        "id": "Composition.class",
        "path": "Composition.class",
        "binding": {
          "strength": "required",
          "valueSetReference": {
            "reference": "http://hl7.org.au/fhir/ch/v1/ValueSet/ncdhc-document-class-1"
          }
        }
      },
      {
        "id": "Composition.subject",
        "path": "Composition.subject",
        "short": "Reference to the NCDHC Patient",
        "type": [
          {
            "code": "Reference",
            "targetProfile": "http://hl7.org.au/fhir/StructureDefinition/au-patient"
          }
        ]
      },
      {
        "id": "Composition.encounter",
        "path": "Composition.encounter",
        "short": "Provides the details on venue, organization and person who is clinically responsible for the encounter",
        "min": 1,
        "type": [
          {
            "code": "Reference",
            "targetProfile": "http://hl7.org.au/fhir/ch/v1/StructureDefinition/ncdhc-encounter"
          }
        ]
      },
      {
        "id": "Composition.author",
        "path": "Composition.author",
        "type": [
          {
            "code": "Reference",
            "targetProfile": "http://hl7.org.au/fhir/StructureDefinition/au-practitioner"
          },
          {
            "code": "Reference",
            "targetProfile": "http://hl7.org/fhir/StructureDefinition/Device"
          }
        ]
      },
      {
        "id": "Composition.attester",
        "path": "Composition.attester",
        "min": 1
      },
      {
        "id": "Composition.attester.party",
        "path": "Composition.attester.party",
        "short": "An organisation/practitioner/patient (consumer document) who has attested to the accuracy of the composition/document.",
        "min": 1,
        "type": [
          {
            "code": "Reference",
            "targetProfile": "http://hl7.org.au/fhir/ch/v1/StructureDefinition/ncdhc-patient-baby",
            "aggregation": [
              "bundled"
            ]
          },
          {
            "code": "Reference",
            "targetProfile": "http://hl7.org.au/fhir/StructureDefinition/au-practitioner",
            "aggregation": [
              "bundled"
            ]
          },
          {
            "code": "Reference",
            "targetProfile": "http://hl7.org.au/fhir/StructureDefinition/au-organisation",
            "aggregation": [
              "bundled"
            ]
          }
        ]
      }
    ]
  }
}