{
  "resourceType": "StructureDefinition",
  "id": "ncdhc-composition-fetal-health-checks",
  "url": "http://hl7.org.au/fhir/ch/v1/StructureDefinition/ncdhc-composition-fetal-health-checks",
  "version": "v1.0.0",
  "name": "NCDHC Fetal Health Checks Composition Profile",
  "title": "NCDHC Fetal Health Checks Composition",
  "status": "draft",
  "date": "2019-06-21",
  "publisher": "National Children's Digital Health Collaborative (NCDHC)",
  "fhirVersion": "3.0.2",
  "kind": "resource",
  "abstract": false,
  "type": "Composition",
  "baseDefinition": "http://hl7.org.au/fhir/ch/v1/StructureDefinition/ncdhc-composition-base",
  "derivation": "constraint",
  "differential": {
    "element": [
      {
        "id": "Composition",
        "path": "Composition",
        "short": "NCDHC Fetal Health Checks Composition Profile"
      },
      {
        "id": "Composition.subject",
        "path": "Composition.subject",
        "short": "Reference to the expected mother Patient",
        "type": [
          {
            "code": "Reference",
            "targetProfile": "http://hl7.org.au/fhir/ch/v1/StructureDefinition/ncdhc-patient-mother",
            "aggregation": [
              "bundled"
            ]
          }
        ]
      },
      {
        "id": "Composition.section",
        "extension": [
          {
            "url": "http://hl7.org/fhir/StructureDefinition/structuredefinition-explicit-type-name",
            "valueString": "Section"
          }
        ],
        "path": "Composition.section",
        "slicing": {
          "discriminator": [
            {
              "type": "value",
              "path": "code.coding.code"
            },
            {
              "type": "value",
              "path": "code.coding.system"
            }
          ],
          "rules": "closed"
        }
      },
      {
        "id": "Composition.section:vitalSigns",
        "extension": [
          {
            "url": "http://hl7.org/fhir/StructureDefinition/structuredefinition-explicit-type-name",
            "valueString": "Section"
          }
        ],
        "path": "Composition.section",
        "sliceName": "vitalSigns"
      },
      {
        "id": "Composition.section:vitalSigns.entry",
        "path": "Composition.section.entry",
        "slicing": {
          "discriminator": [
            {
              "type": "profile",
              "path": "resolve()"
            }
          ],
          "rules": "closed"
        }
      },
      {
        "id": "Composition.section:vitalSigns.entry:fetalHeartRate",
        "path": "Composition.section.entry",
        "sliceName": "fetalHeartRate",
        "short": "A normal fetal heart rate (FHR), varies during gestation, increasing to around 170 bpm at 10 weeks and decreasing from then to around 130 bpm at term",
        "max": "1",
        "type": [
          {
            "code": "Reference",
            "targetProfile": "http://hl7.org.au/fhir/ch/v1/StructureDefinition/ncdhc-observation-vitalsign-heart-rate",
            "aggregation": [
              "bundled"
            ]
          },
          {
            "code": "Reference",
            "targetProfile": "http://hl7.org.au/fhir/ch/v1/StructureDefinition/ncdhc-observation-heart-rate",
            "aggregation": [
              "bundled"
            ]
          }
        ]
      },
      {
        "id": "Composition.section:otherHealthConditions",
        "extension": [
          {
            "url": "http://hl7.org/fhir/StructureDefinition/structuredefinition-explicit-type-name",
            "valueString": "Section"
          }
        ],
        "path": "Composition.section",
        "sliceName": "otherHealthConditions"
      },
      {
        "id": "Composition.section:otherHealthConditions.title",
        "path": "Composition.section.title",
        "fixedString": "Other health conditions"
      },
      {
        "id": "Composition.section:otherHealthConditions.code",
        "path": "Composition.section.code",
        "fixedCodeableConcept": {
          "coding": [
            {
              "system": "http://loinc.org",
              "code": "54563-2"
            }
          ]
        }
      },
      {
        "id": "Composition.section:otherHealthConditions.entry",
        "path": "Composition.section.entry",
        "slicing": {
          "discriminator": [
            {
              "type": "profile",
              "path": "resolve()"
            }
          ],
          "rules": "closed"
        }
      },
      {
        "id": "Composition.section:otherHealthConditions.entry:fetalMovements",
        "path": "Composition.section.entry",
        "sliceName": "fetalMovements",
        "short": "First movement, known as quickening, between weeks 14 and 26",
        "type": [
          {
            "code": "Reference",
            "targetProfile": "http://hl7.org.au/fhir/ch/v1/StructureDefinition/ncdhc-observation-fetal-movement",
            "aggregation": [
              "bundled"
            ]
          }
        ]
      },
      {
        "id": "Composition.section:otherHealthConditions.entry:symphysealFundalHeigh",
        "path": "Composition.section.entry",
        "sliceName": "symphysealFundalHeigh",
        "short": "It is measured from the top uterus to the top of the pubic symphysis. Fundal height, expressed in centimeters",
        "type": [
          {
            "code": "Reference",
            "targetProfile": "http://hl7.org.au/fhir/ch/v1/StructureDefinition/ncdhc-observation-symphyseal-fundal-height",
            "aggregation": [
              "bundled"
            ]
          }
        ]
      },
      {
        "id": "Composition.section:otherHealthConditions.entry:presentation",
        "path": "Composition.section.entry",
        "sliceName": "presentation",
        "short": "Presentation of a fetus  specifies which anatomical part of the fetus is closest to the pelvic inlet of the birth canal.",
        "type": [
          {
            "code": "Reference",
            "targetProfile": "http://hl7.org.au/fhir/ch/v1/StructureDefinition/ncdhc-observation-fetus-presentation",
            "aggregation": [
              "bundled"
            ]
          }
        ]
      },
      {
        "id": "Composition.section:otherHealthConditions.entry:fifthsAboveBrim",
        "path": "Composition.section.entry",
        "sliceName": "fifthsAboveBrim",
        "short": "Measures the decent of the babies head into the pelvis, measured in fifths of the head",
        "type": [
          {
            "code": "Reference",
            "targetProfile": "http://hl7.org.au/fhir/ch/v1/StructureDefinition/ncdhc-observation-fifths-above-brim",
            "aggregation": [
              "bundled"
            ]
          }
        ]
      },
      {
        "id": "Composition.section:otherHealthConditions.entry:position",
        "path": "Composition.section.entry",
        "sliceName": "position",
        "short": "Orientation of the fetus in the womb",
        "type": [
          {
            "code": "Reference",
            "targetProfile": "http://hl7.org.au/fhir/ch/v1/StructureDefinition/ncdhc-observation-fetus-position",
            "aggregation": [
              "bundled"
            ]
          }
        ]
      },
      {
        "id": "Composition.section:otherHealthConditions.entry:lie",
        "path": "Composition.section.entry",
        "sliceName": "lie",
        "short": "Relationship between the longitudinal axis of fetus and mother:",
        "type": [
          {
            "code": "Reference",
            "targetProfile": "http://hl7.org.au/fhir/ch/v1/StructureDefinition/ncdhc-observation-fetus-lie",
            "aggregation": [
              "bundled"
            ]
          }
        ]
      },
      {
        "id": "Composition.section:otherHealthConditions.entry:liquor",
        "path": "Composition.section.entry",
        "sliceName": "liquor",
        "short": "Liquour is the amniotic fluid, the protective liquid contained by the amniotic sac of a gravid amniote",
        "type": [
          {
            "code": "Reference",
            "targetProfile": "http://hl7.org.au/fhir/ch/v1/StructureDefinition/ncdhc-observation-fetus-liquor",
            "aggregation": [
              "bundled"
            ]
          }
        ]
      }
    ]
  }
}