{
  "resourceType": "StructureDefinition",
  "id": "ncdhc-composition-hearing-screen",
  "url": "http://hl7.org.au/fhir/ch/v1/StructureDefinition/ncdhc-composition-hearing-screen",
  "version": "v1.0.0",
  "name": "NCDHC Newborn Hearing Screen Composition Profile",
  "title": "NCDHC Newborn Hearing Screen Composition",
  "status": "draft",
  "date": "2019-02-01",
  "publisher": "National Children's Digital Health Collaborative (NCDHC)",
  "description": "This profile is used to represent Newborn Hearing Screen.",
  "purpose": "Newborn Hearing Screen document",
  "fhirVersion": "3.0.2",
  "kind": "resource",
  "abstract": false,
  "type": "Composition",
  "baseDefinition": "http://hl7.org.au/fhir/ch/v1/StructureDefinition/ncdhc-composition-base",
  "derivation": "constraint",
  "differential": {
    "element": [
      {
        "id": "Composition.type",
        "path": "Composition.type",
        "fixedCodeableConcept": {
          "coding": [
            {
              "system": "http://loinc.org",
              "code": "28615-3"
            }
          ]
        }
      },
      {
        "id": "Composition.subject",
        "path": "Composition.subject",
        "short": "Reference to the Baby Patient"
      },
      {
        "id": "Composition.title",
        "path": "Composition.title",
        "fixedString": "Newborn Hearing Screen Health Interaction"
      },
      {
        "id": "Composition.section",
        "extension": [
          {
            "url": "http://hl7.org/fhir/StructureDefinition/structuredefinition-explicit-type-name",
            "valueString": "Section"
          }
        ],
        "path": "Composition.section",
        "min": 1,
        "max": "1"
      },
      {
        "id": "Composition.section.title",
        "path": "Composition.section.title",
        "fixedString": "Newborn Hearing Screen"
      },
      {
        "id": "Composition.section.code",
        "path": "Composition.section.code",
        "fixedCodeableConcept": {
          "coding": [
            {
              "system": "http://snomed.info/sct",
              "code": "417491009"
            }
          ]
        }
      },
      {
        "id": "Composition.section.entry",
        "path": "Composition.section.entry",
        "short": "Hearing Screening Test details",
        "max": "1",
        "type": [
          {
            "code": "Reference",
            "targetProfile": "http://hl7.org.au/fhir/ch/v1/StructureDefinition/ncdhc-observation-hearing-screen",
            "aggregation": [
              "bundled"
            ]
          }
        ]
      },
      {
        "id": "Composition.section.section",
        "path": "Composition.section.section",
        "max": "0"
      }
    ]
  }
}