{
  "resourceType": "StructureDefinition",
  "id": "ncdhc-composition-view-birth",
  "url": "http://hl7.org.au/fhir/ch/v1/StructureDefinition/ncdhc-composition-view-birth",
  "version": "dv0.0.1",
  "name": "NCDHC Composition Birth View Profile",
  "title": "NCDHC Composition Birth View",
  "status": "draft",
  "date": "2019-12-06",
  "publisher": "National Children's Digital Health Collaborative (NCDHC)",
  "purpose": "To generate a Custom View to represent birth sumarry view",
  "fhirVersion": "3.0.1",
  "kind": "resource",
  "abstract": false,
  "type": "Composition",
  "baseDefinition": "http://hl7.org.au/fhir/ch/v1/StructureDefinition/ncdhc-composition-view-base",
  "derivation": "constraint",
  "differential": {
    "element": [
      {
        "id": "Composition",
        "path": "Composition",
        "short": "NCDHC Composition Birth View Profile"
      },
      {
        "id": "Composition.section",
        "extension": [
          {
            "url": "http://hl7.org/fhir/StructureDefinition/structuredefinition-explicit-type-name",
            "valueString": "Section"
          }
        ],
        "path": "Composition.section",
        "slicing": {
          "discriminator": [
            {
              "type": "value",
              "path": "code"
            }
          ],
          "rules": "open"
        }
      },
      {
        "id": "Composition.section:NewbornDelivery",
        "extension": [
          {
            "url": "http://hl7.org/fhir/StructureDefinition/structuredefinition-explicit-type-name",
            "valueString": "Section"
          }
        ],
        "path": "Composition.section",
        "sliceName": "NewbornDelivery",
        "short": "This section represents details from Newborn Delivery Health Interaction"
      },
      {
        "id": "Composition.section:NewbornDelivery.title",
        "path": "Composition.section.title",
        "fixedString": "Newborn Delivery"
      },
      {
        "id": "Composition.section:NewbornDelivery.code",
        "path": "Composition.section.code",
        "fixedCodeableConcept": {
          "coding": [
            {
              "system": "http://snomed.info/sct",
              "code": "169811007"
            }
          ]
        }
      },
      {
        "id": "Composition.section:NewbornDelivery.code.coding.system",
        "path": "Composition.section.code.coding.system",
        "fixedUri": "http://snomed.info/sct"
      },
      {
        "id": "Composition.section:NewbornDelivery.code.coding.code",
        "path": "Composition.section.code.coding.code",
        "fixedCode": "169811007"
      },
      {
        "id": "Composition.section:NewbornDelivery.emptyReason",
        "path": "Composition.section.emptyReason",
        "short": "Why the section is empty. A generic message \"Sorry, the Newborn Delivery record is currently unavailable\" can be shown if the data is not yet available to the system."
      },
      {
        "id": "Composition.section:NewbornImmunisation",
        "extension": [
          {
            "url": "http://hl7.org/fhir/StructureDefinition/structuredefinition-explicit-type-name",
            "valueString": "Section"
          }
        ],
        "path": "Composition.section",
        "sliceName": "NewbornImmunisation",
        "short": "This section represents details from Newborn Immunisation Health Interaction",
        "max": "1"
      },
      {
        "id": "Composition.section:NewbornImmunisation.title",
        "path": "Composition.section.title",
        "fixedString": "Newborn Immunisation"
      },
      {
        "id": "Composition.section:NewbornImmunisation.code",
        "path": "Composition.section.code",
        "fixedCodeableConcept": {
          "coding": [
            {
              "system": "http://snomed.info/sct",
              "code": "1347121000168105"
            }
          ]
        }
      },
      {
        "id": "Composition.section:NewbornImmunisation.code.coding.system",
        "path": "Composition.section.code.coding.system",
        "fixedUri": "http://snomed.info/sct"
      },
      {
        "id": "Composition.section:NewbornImmunisation.code.coding.code",
        "path": "Composition.section.code.coding.code",
        "fixedCode": "1347121000168105"
      },
      {
        "id": "Composition.section:NewbornImmunisation.emptyReason",
        "path": "Composition.section.emptyReason",
        "short": "Why the section is empty. A generic message \"Sorry, the Newborn Immunisation record is currently unavailable\" can be shown if the data is not yet available to the system."
      },
      {
        "id": "Composition.section:NewbornExamination",
        "extension": [
          {
            "url": "http://hl7.org/fhir/StructureDefinition/structuredefinition-explicit-type-name",
            "valueString": "Section"
          }
        ],
        "path": "Composition.section",
        "sliceName": "NewbornExamination",
        "short": "This section represents details from Newborn Examination Health Interaction",
        "max": "1"
      },
      {
        "id": "Composition.section:NewbornExamination.title",
        "path": "Composition.section.title",
        "fixedString": "Newborn Examination"
      },
      {
        "id": "Composition.section:NewbornExamination.code",
        "path": "Composition.section.code",
        "fixedCodeableConcept": {
          "coding": [
            {
              "system": "http://snomed.info/sct",
              "code": "170099002"
            }
          ]
        }
      },
      {
        "id": "Composition.section:NewbornExamination.code.coding.system",
        "path": "Composition.section.code.coding.system",
        "fixedUri": "http://snomed.info/sct"
      },
      {
        "id": "Composition.section:NewbornExamination.code.coding.code",
        "path": "Composition.section.code.coding.code",
        "fixedCode": "170099002"
      },
      {
        "id": "Composition.section:NewbornExamination.emptyReason",
        "path": "Composition.section.emptyReason",
        "short": "Why the section is empty. A generic message \"Sorry, the Newborn Examination record is currently unavailable\" can be shown if the data is not yet available to the system."
      },
      {
        "id": "Composition.section:NewbornBloodspotScreen",
        "extension": [
          {
            "url": "http://hl7.org/fhir/StructureDefinition/structuredefinition-explicit-type-name",
            "valueString": "Section"
          }
        ],
        "path": "Composition.section",
        "sliceName": "NewbornBloodspotScreen",
        "short": "This section represents details from Newborn Bloodspot Screen Health Interaction",
        "max": "1"
      },
      {
        "id": "Composition.section:NewbornBloodspotScreen.title",
        "path": "Composition.section.title",
        "fixedString": "Newborn Bloodspot Screen"
      },
      {
        "id": "Composition.section:NewbornBloodspotScreen.code",
        "path": "Composition.section.code",
        "fixedCodeableConcept": {
          "coding": [
            {
              "system": "http://snomed.info/sct",
              "code": "428447008"
            }
          ]
        }
      },
      {
        "id": "Composition.section:NewbornBloodspotScreen.code.coding.system",
        "path": "Composition.section.code.coding.system",
        "fixedUri": "http://snomed.info/sct"
      },
      {
        "id": "Composition.section:NewbornBloodspotScreen.code.coding.code",
        "path": "Composition.section.code.coding.code",
        "fixedCode": "LP67167-4"
      },
      {
        "id": "Composition.section:NewbornBloodspotScreen.emptyReason",
        "path": "Composition.section.emptyReason",
        "short": "Why the section is empty. A generic message \"Sorry, the Newborn Bloodspot Screen record is currently unavailable\" can be shown if the data is not yet available to the system."
      },
      {
        "id": "Composition.section:NewbornHearingScreen",
        "extension": [
          {
            "url": "http://hl7.org/fhir/StructureDefinition/structuredefinition-explicit-type-name",
            "valueString": "Section"
          }
        ],
        "path": "Composition.section",
        "sliceName": "NewbornHearingScreen",
        "short": "This section represents details from Newborn Hearing Screen Health Interaction",
        "max": "1"
      },
      {
        "id": "Composition.section:NewbornHearingScreen.title",
        "path": "Composition.section.title",
        "fixedString": "Newborn Hearing Screen"
      },
      {
        "id": "Composition.section:NewbornHearingScreen.code",
        "path": "Composition.section.code",
        "fixedCodeableConcept": {
          "coding": [
            {
              "system": "http://snomed.info/sct",
              "code": "417491009"
            }
          ]
        }
      },
      {
        "id": "Composition.section:NewbornHearingScreen.code.coding.system",
        "path": "Composition.section.code.coding.system",
        "fixedUri": "http://snomed.info/sct"
      },
      {
        "id": "Composition.section:NewbornHearingScreen.code.coding.code",
        "path": "Composition.section.code.coding.code",
        "fixedCode": "417491009"
      },
      {
        "id": "Composition.section:NewbornHearingScreen.emptyReason",
        "path": "Composition.section.emptyReason",
        "short": "Why the section is empty. A generic message \"Sorry, the Newborn Hearing Screen record is currently unavailable\" can be shown if the data is not yet available to the system."
      },
      {
        "id": "Composition.section:NewbornDischarge",
        "extension": [
          {
            "url": "http://hl7.org/fhir/StructureDefinition/structuredefinition-explicit-type-name",
            "valueString": "Section"
          }
        ],
        "path": "Composition.section",
        "sliceName": "NewbornDischarge",
        "short": "This section represents details from Newborn Discharge Health Interaction",
        "max": "1"
      },
      {
        "id": "Composition.section:NewbornDischarge.title",
        "path": "Composition.section.title",
        "fixedString": "Newborn Discharge"
      },
      {
        "id": "Composition.section:NewbornDischarge.code",
        "path": "Composition.section.code",
        "fixedCodeableConcept": {
          "coding": [
            {
              "system": "http://snomed.info/sct",
              "code": "58000006"
            }
          ]
        }
      },
      {
        "id": "Composition.section:NewbornDischarge.code.coding.system",
        "path": "Composition.section.code.coding.system",
        "fixedUri": "http://snomed.info/sct"
      },
      {
        "id": "Composition.section:NewbornDischarge.code.coding.code",
        "path": "Composition.section.code.coding.code",
        "fixedCode": "58000006"
      },
      {
        "id": "Composition.section:NewbornDischarge.emptyReason",
        "path": "Composition.section.emptyReason",
        "short": "Why the section is empty. A generic message \"Sorry, the Newborn Discharge record is currently unavailable\" can be shown if the data is not yet available to the system."
      }
    ]
  }
}