{
  "resourceType": "StructureDefinition",
  "id": "ncdhc-composition-exam",
  "url": "http://hl7.org.au/fhir/ch/v1/StructureDefinition/ncdhc-composition-exam",
  "version": "v1.0.0",
  "name": "NCDHC Newborn Exam Composition Profile",
  "title": "NCDHC Newborn Hearing Screen Composition",
  "status": "draft",
  "date": "2019-02-01",
  "publisher": "National Children's Digital Health Collaborative (NCDHC)",
  "description": "This profile is used to represent Newborn Exam.",
  "purpose": "NCDHC Newborn Exam Composition",
  "fhirVersion": "3.0.2",
  "kind": "resource",
  "abstract": false,
  "type": "Composition",
  "baseDefinition": "http://hl7.org.au/fhir/ch/v1/StructureDefinition/ncdhc-composition-base",
  "derivation": "constraint",
  "differential": {
    "element": [
      {
        "id": "Composition",
        "path": "Composition",
        "short": "Composition for the NCDHC realm"
      },
      {
        "id": "Composition.type",
        "path": "Composition.type",
        "fixedCodeableConcept": {
          "coding": [
            {
              "system": "http://loinc.org",
              "code": "11503-0"
            }
          ]
        }
      },
      {
        "id": "Composition.type.coding.system",
        "path": "Composition.type.coding.system",
        "fixedUri": "http://loinc.org"
      },
      {
        "id": "Composition.type.coding.code",
        "path": "Composition.type.coding.code",
        "fixedCode": "28615-3"
      },
      {
        "id": "Composition.subject",
        "path": "Composition.subject",
        "short": "Reference to the Baby Patient",
        "type": [
          {
            "code": "Reference",
            "targetProfile": "http://hl7.org.au/fhir/ch/v1/StructureDefinition/ncdhc-patient-baby",
            "aggregation": [
              "bundled"
            ]
          }
        ]
      },
      {
        "id": "Composition.author",
        "path": "Composition.author",
        "type": [
          {
            "code": "Reference",
            "targetProfile": "http://hl7.org.au/fhir/StructureDefinition/au-practitioner"
          },
          {
            "code": "Reference",
            "targetProfile": "http://hl7.org/fhir/StructureDefinition/Device"
          }
        ]
      },
      {
        "id": "Composition.title",
        "path": "Composition.title",
        "fixedString": "Newborn Exam Health Interaction"
      },
      {
        "id": "Composition.confidentiality",
        "path": "Composition.confidentiality",
        "fixedCode": "N"
      },
      {
        "id": "Composition.attester.party",
        "path": "Composition.attester.party",
        "type": [
          {
            "code": "Reference",
            "targetProfile": "http://hl7.org.au/fhir/StructureDefinition/au-practitioner"
          },
          {
            "code": "Reference",
            "targetProfile": "http://hl7.org.au/fhir/StructureDefinition/au-organisation"
          }
        ]
      },
      {
        "id": "Composition.custodian",
        "path": "Composition.custodian",
        "type": [
          {
            "code": "Reference",
            "targetProfile": "http://hl7.org.au/fhir/StructureDefinition/au-organisation"
          }
        ]
      },
      {
        "id": "Composition.section",
        "extension": [
          {
            "url": "http://hl7.org/fhir/StructureDefinition/structuredefinition-explicit-type-name",
            "valueString": "Section"
          }
        ],
        "path": "Composition.section",
        "min": 1,
        "max": "1"
      },
      {
        "id": "Composition.section.title",
        "path": "Composition.section.title",
        "fixedString": "Newborn Exam"
      },
      {
        "id": "Composition.section.entry",
        "path": "Composition.section.entry",
        "slicing": {
          "discriminator": [
            {
              "type": "value",
              "path": "reference"
            }
          ],
          "rules": "open"
        },
        "max": "1"
      },
      {
        "id": "Composition.section.entry:HeadAndFontanelles",
        "path": "Composition.section.entry",
        "sliceName": "HeadAndFontanelles",
        "short": "check performed around the anatomical feature of the infant skull",
        "max": "1",
        "type": [
          {
            "code": "Reference",
            "targetProfile": "http://hl7.org.au/fhir/ch/v1/StructureDefinition/ncdhc-observation-test-head-fontanelles",
            "aggregation": [
              "bundled"
            ]
          }
        ]
      },
      {
        "id": "Composition.section.entry:Eyes",
        "path": "Composition.section.entry",
        "sliceName": "Eyes",
        "short": "Newborn eye test",
        "max": "1",
        "type": [
          {
            "code": "Reference",
            "targetProfile": "http://hl7.org.au/fhir/ch/v1/StructureDefinition/ncdhc-observation-test-head-fontanelles",
            "aggregation": [
              "bundled"
            ]
          }
        ]
      },
      {
        "id": "Composition.section.entry:Ears",
        "path": "Composition.section.entry",
        "sliceName": "Ears",
        "short": "newborns's ear test",
        "max": "1",
        "type": [
          {
            "code": "Reference",
            "targetProfile": "http://hl7.org.au/fhir/ch/v1/StructureDefinition/ncdhc-observation-test-ears",
            "aggregation": [
              "bundled"
            ]
          }
        ]
      },
      {
        "id": "Composition.section.entry:MouthPalate",
        "path": "Composition.section.entry",
        "sliceName": "MouthPalate",
        "short": "Mouth / Palate check",
        "max": "1",
        "type": [
          {
            "code": "Reference",
            "targetProfile": "http://hl7.org.au/fhir/ch/v1/StructureDefinition/ncdhc-observation-test-mouth",
            "aggregation": [
              "bundled"
            ]
          }
        ]
      },
      {
        "id": "Composition.section.entry:CardiovascularHeart",
        "path": "Composition.section.entry",
        "sliceName": "CardiovascularHeart",
        "short": "Cardiovascular / heart check",
        "max": "1",
        "type": [
          {
            "code": "Reference",
            "targetProfile": "http://hl7.org.au/fhir/ch/v1/StructureDefinition/ncdhc-observation-test-cardiovascular",
            "aggregation": [
              "bundled"
            ]
          }
        ]
      },
      {
        "id": "Composition.section.entry:FemoralPulses",
        "path": "Composition.section.entry",
        "sliceName": "FemoralPulses",
        "short": "Femoral Pulses check to obtain an accurate heart rate of the newborn. Also used as a diagnostic tool to identify any abnormalities to do with the cardiovascular system",
        "max": "1",
        "type": [
          {
            "code": "Reference",
            "targetProfile": "http://hl7.org.au/fhir/ch/v1/StructureDefinition/ncdhc-observation-test-femoral-pulses",
            "aggregation": [
              "bundled"
            ]
          }
        ]
      },
      {
        "id": "Composition.section.entry:RespiratoryRate",
        "path": "Composition.section.entry",
        "sliceName": "RespiratoryRate",
        "short": "Respiratory Rate Check",
        "max": "1",
        "type": [
          {
            "code": "Reference",
            "targetProfile": "http://hl7.org.au/fhir/ch/v1/StructureDefinition/ncdhc-observation-respiratory-rate",
            "aggregation": [
              "bundled"
            ]
          }
        ]
      },
      {
        "id": "Composition.section.entry:AbdomenUmbilicus",
        "path": "Composition.section.entry",
        "sliceName": "AbdomenUmbilicus",
        "short": "Abdomen / Umbilicus Check (Smell, discharge, hernia)",
        "max": "1",
        "type": [
          {
            "code": "Reference",
            "targetProfile": "http://hl7.org.au/fhir/ch/v1/StructureDefinition/ncdhc-observation-abdomen",
            "aggregation": [
              "bundled"
            ]
          }
        ]
      },
      {
        "id": "Composition.section.entry:Anus",
        "path": "Composition.section.entry",
        "sliceName": "Anus",
        "short": "physical examintion of the Anus",
        "max": "1",
        "type": [
          {
            "code": "Reference",
            "targetProfile": "http://hl7.org.au/fhir/ch/v1/StructureDefinition/ncdhc-observation-anus",
            "aggregation": [
              "bundled"
            ]
          }
        ]
      },
      {
        "id": "Composition.section.entry:Genitalia",
        "path": "Composition.section.entry",
        "sliceName": "Genitalia",
        "short": "physical examination of Genitalia",
        "max": "1",
        "type": [
          {
            "code": "Reference",
            "targetProfile": "http://hl7.org.au/fhir/ch/v1/StructureDefinition/ncdhc-observation-genitalia",
            "aggregation": [
              "bundled"
            ]
          }
        ]
      },
      {
        "id": "Composition.section.entry:TestesFullyDescended",
        "path": "Composition.section.entry",
        "sliceName": "TestesFullyDescended",
        "short": "confirm present bilaterally and position of testes including any discolouration, scrotal size and colour",
        "max": "1",
        "type": [
          {
            "code": "Reference",
            "targetProfile": "http://hl7.org.au/fhir/ch/v1/StructureDefinition/ncdhc-observation-test-fully-descended",
            "aggregation": [
              "bundled"
            ]
          }
        ]
      },
      {
        "id": "Composition.section.entry:MusculoSkeletal",
        "path": "Composition.section.entry",
        "sliceName": "MusculoSkeletal",
        "short": "physical examination of the skeleton and muscle groups",
        "max": "1",
        "type": [
          {
            "code": "Reference",
            "targetProfile": "http://hl7.org.au/fhir/ch/v1/StructureDefinition/ncdhc-observation-musculo-skeletal",
            "aggregation": [
              "bundled"
            ]
          }
        ]
      },
      {
        "id": "Composition.section.entry:LimbsSpine",
        "path": "Composition.section.entry",
        "sliceName": "LimbsSpine",
        "short": "physical examination of back and spine (dimples, hair tufts, naevus, abnormal skin patches",
        "max": "1",
        "type": [
          {
            "code": "Reference",
            "targetProfile": "http://hl7.org.au/fhir/ch/v1/StructureDefinition/ncdhc-observation-limb",
            "aggregation": [
              "bundled"
            ]
          },
          {
            "code": "Reference",
            "targetProfile": "http://hl7.org.au/fhir/ch/v1/StructureDefinition/ncdhc-observation-spine",
            "aggregation": [
              "bundled"
            ]
          }
        ]
      },
      {
        "id": "Composition.section.entry:Hips",
        "path": "Composition.section.entry",
        "sliceName": "Hips",
        "short": "Hips Check",
        "max": "1",
        "type": [
          {
            "code": "Reference",
            "targetProfile": "http://hl7.org.au/fhir/ch/v1/StructureDefinition/ncdhc-observation-hips",
            "aggregation": [
              "bundled"
            ]
          }
        ]
      },
      {
        "id": "Composition.section.entry:Skin",
        "path": "Composition.section.entry",
        "sliceName": "Skin",
        "short": "Hyperpigmented macule, birthmarks, dry abrasions, bruises",
        "max": "1",
        "type": [
          {
            "code": "Reference",
            "targetProfile": "http://hl7.org.au/fhir/ch/v1/StructureDefinition/ncdhc-observation-skin",
            "aggregation": [
              "bundled"
            ]
          }
        ]
      },
      {
        "id": "Composition.section.entry:ReflexesNeurological",
        "path": "Composition.section.entry",
        "sliceName": "ReflexesNeurological",
        "short": "Physical examination checking the involuntary movements or actions to determine the wellbeing of the newborns brain and nervous system",
        "max": "1",
        "type": [
          {
            "code": "Reference",
            "targetProfile": "http://hl7.org.au/fhir/ch/v1/StructureDefinition/ncdhc-observation-test-reflexes",
            "aggregation": [
              "bundled"
            ]
          }
        ]
      },
      {
        "id": "Composition.section.section",
        "path": "Composition.section.section",
        "max": "0"
      }
    ]
  }
}