{
  "resourceType": "StructureDefinition",
  "id": "ncdhc-medicationstatement-vitamink",
  "url": "http://hl7.org.au/fhir/ch/v1/StructureDefinition/ncdhc-medicationstatement-vitamink",
  "version": "dv001",
  "name": "NCDHC Vitamin K Administered Profile",
  "title": "NCDHC Vitamin K Administered",
  "status": "draft",
  "date": "2019-12-13",
  "publisher": "National Children's Digital Health Collaborative (NCDHC)",
  "description": "Vitamin K is a medication given to the newborn at birth.  Either by intramuscular injection or up to three doses orally",
  "fhirVersion": "3.0.1",
  "mapping": [
    {
      "identity": "workflow",
      "uri": "http://hl7.org/fhir/workflow",
      "name": "Workflow Mapping"
    },
    {
      "identity": "rim",
      "uri": "http://hl7.org/v3",
      "name": "RIM Mapping"
    },
    {
      "identity": "w5",
      "uri": "http://hl7.org/fhir/w5",
      "name": "W5 Mapping"
    },
    {
      "identity": "v2",
      "uri": "http://hl7.org/v2",
      "name": "HL7 v2 Mapping"
    }
  ],
  "kind": "resource",
  "abstract": false,
  "type": "MedicationStatement",
  "baseDefinition": "http://hl7.org.au/fhir/StructureDefinition/au-medicationstatement",
  "derivation": "constraint",
  "differential": {
    "element": [
      {
        "id": "MedicationStatement.effective[x]",
        "path": "MedicationStatement.effective[x]",
        "min": 1
      },
      {
        "id": "MedicationStatement.subject",
        "path": "MedicationStatement.subject",
        "type": [
          {
            "code": "Reference",
            "targetProfile": "http://hl7.org.au/fhir/ch/v1/StructureDefinition/ncdhc-patient-baby"
          },
          {
            "code": "Reference",
            "targetProfile": "http://hl7.org/fhir/StructureDefinition/Group"
          }
        ]
      }
    ]
  }
}