{
  "resourceType": "StructureDefinition",
  "id": "ncdhc-observation-anus",
  "url": "http://hl7.org.au/fhir/ch/v1/StructureDefinition/ncdhc-observation-anus",
  "version": "v1.0.0",
  "name": "NCDHC Anus Observation Profile",
  "title": "NCDHC Anus Observation",
  "status": "draft",
  "date": "2019-02-15",
  "publisher": "National Children's Digital Health Collaborative (NCDHC)",
  "description": "Anus Outcome",
  "purpose": "To record observations on Anus",
  "fhirVersion": "3.0.2",
  "kind": "resource",
  "abstract": false,
  "type": "Observation",
  "baseDefinition": "http://hl7.org.au/fhir/ch/v1/StructureDefinition/ncdhc-observation-base",
  "derivation": "constraint",
  "differential": {
    "element": [
      {
        "id": "Observation",
        "path": "Observation",
        "short": "NCDHC Anus Test Observation Profile"
      },
      {
        "id": "Observation.category",
        "path": "Observation.category",
        "patternCodeableConcept": {
          "text": "This needs to be discussed and finalized"
        }
      },
      {
        "id": "Observation.code",
        "path": "Observation.code",
        "mustSupport": true
      },
      {
        "id": "Observation.code.coding",
        "path": "Observation.code.coding",
        "slicing": {
          "discriminator": [
            {
              "type": "value",
              "path": "system"
            }
          ],
          "rules": "closed"
        }
      },
      {
        "id": "Observation.code.coding:AnusSNOMEDCT-AU",
        "path": "Observation.code.coding",
        "sliceName": "AnusSNOMEDCT-AU",
        "min": 1,
        "max": "1",
        "fixedCoding": {
          "system": "http://snomed.info/sct",
          "code": "364154000"
        }
      },
      {
        "id": "Observation.code.coding:AnusSNOMEDCT-AU.system",
        "path": "Observation.code.coding.system",
        "fixedUri": "http://snomed.info/sct"
      },
      {
        "id": "Observation.code.coding:AnusSNOMEDCT-AU.code",
        "path": "Observation.code.coding.code",
        "fixedCode": "364154000"
      },
      {
        "id": "Observation.subject",
        "path": "Observation.subject",
        "short": "Reference to the Baby Patient"
      },
      {
        "id": "Observation.performer",
        "path": "Observation.performer",
        "short": "Person who is clinically responsible for the undetaking of the exam",
        "type": [
          {
            "code": "Reference",
            "targetProfile": "http://hl7.org.au/fhir/StructureDefinition/au-practitioner"
          },
          {
            "code": "Reference",
            "targetProfile": "http://hl7.org.au/fhir/StructureDefinition/au-organisation"
          }
        ]
      },
      {
        "id": "Observation.value[x]:valueCodeableConcept",
        "path": "Observation.valueCodeableConcept",
        "sliceName": "valueCodeableConcept",
        "type": [
          {
            "code": "CodeableConcept"
          }
        ],
        "defaultValueCodeableConcept": {
          "coding": [
            {
              "system": "http://snomed.info/sct",
              "code": "443938003"
            }
          ]
        },
        "mustSupport": false,
        "binding": {
          "strength": "required",
          "valueSetReference": {
            "reference": "http://hl7.org.au/fhir/ch/v1/ValueSet/ncdhc-observation-completion-status-1"
          }
        }
      },
      {
        "id": "Observation.interpretation",
        "path": "Observation.interpretation",
        "short": "Normal | Review | Refer",
        "binding": {
          "strength": "required",
          "valueSetReference": {
            "reference": "http://hl7.org.au/fhir/ch/v1/ValueSet/ncdhc-observation-interpretation-1"
          }
        }
      },
      {
        "id": "Observation.comment",
        "path": "Observation.comment",
        "comment": "Additional comments"
      }
    ]
  }
}