{
  "resourceType": "StructureDefinition",
  "id": "ncdhc-composition-discharge",
  "text": {
    "status": "generated",
    "div": "<div xmlns=\"http://www.w3.org/1999/xhtml\"><table border=\"0\" cellpadding=\"0\" cellspacing=\"0\" style=\"border: 0px #F0F0F0 solid; font-size: 11px; font-family: verdana; vertical-align: top;\"><tr style=\"border: 1px #F0F0F0 solid; font-size: 11px; font-family: verdana; vertical-align: top;\"><th style=\"vertical-align: top; text-align : left; background-color: white; border: 0px #F0F0F0 solid; padding:0px 4px 0px 4px\" class=\"hierarchy\"><a href=\"http://hl7.org/fhir/STU3/formats.html#table\" title=\"The logical name of the element\">Name</a></th><th style=\"vertical-align: top; text-align : left; background-color: white; border: 0px #F0F0F0 solid; padding:0px 4px 0px 4px\" class=\"hierarchy\"><a href=\"http://hl7.org/fhir/STU3/formats.html#table\" title=\"Information about the use of the element\">Flags</a></th><th style=\"vertical-align: top; text-align : left; background-color: white; border: 0px #F0F0F0 solid; padding:0px 4px 0px 4px\" class=\"hierarchy\"><a href=\"http://hl7.org/fhir/STU3/formats.html#table\" title=\"Minimum and Maximum # of times the the element can appear in the instance\">Card.</a></th><th style=\"width: 100px\" class=\"hierarchy\"><a href=\"http://hl7.org/fhir/STU3/formats.html#table\" title=\"Reference to the type of the element\">Type</a></th><th style=\"vertical-align: top; text-align : left; background-color: white; border: 0px #F0F0F0 solid; padding:0px 4px 0px 4px\" class=\"hierarchy\"><a href=\"http://hl7.org/fhir/STU3/formats.html#table\" title=\"Additional information about the element\">Description &amp; Constraints</a><span style=\"float: right\"><a href=\"http://hl7.org/fhir/STU3/formats.html#table\" title=\"Legend for this format\"><img src=\"http://hl7.org/fhir/STU3/help16.png\" alt=\"doco\" style=\"background-color: inherit\"/></a></span></th></tr><tr style=\"border: 0px #F0F0F0 solid; padding:0px; vertical-align: top; background-color: white;\"><td style=\"vertical-align: top; text-align : left; background-color: white; border: 0px #F0F0F0 solid; padding:0px 4px 0px 4px; white-space: nowrap; background-image: url(tbl_bck1.png)\" class=\"hierarchy\"><img src=\"tbl_spacer.png\" alt=\".\" style=\"background-color: inherit\" class=\"hierarchy\"/><img src=\"icon_element.gif\" alt=\".\" style=\"background-color: white; background-color: inherit\" title=\"Element\" class=\"hierarchy\"/> <a href=\"StructureDefinition-ncdhc-composition-definitions.html#Composition\" title=\"null\">Composition</a><a name=\"Composition\"> </a></td><td style=\"vertical-align: top; text-align : left; background-color: white; border: 0px #F0F0F0 solid; padding:0px 4px 0px 4px\" class=\"hierarchy\"/><td style=\"vertical-align: top; text-align : left; background-color: white; border: 0px #F0F0F0 solid; padding:0px 4px 0px 4px\" class=\"hierarchy\"><span style=\"opacity: 0.4\">0</span><span style=\"opacity: 0.5\">..</span><span style=\"opacity: 0.4\">*</span></td><td style=\"vertical-align: top; text-align : left; background-color: white; border: 0px #F0F0F0 solid; padding:0px 4px 0px 4px\" class=\"hierarchy\"/><td style=\"vertical-align: top; text-align : left; background-color: white; border: 0px #F0F0F0 solid; padding:0px 4px 0px 4px\" class=\"hierarchy\">Composition for the Australian realm</td></tr>\r\n<tr style=\"border: 0px #F0F0F0 solid; padding:0px; vertical-align: top; background-color: white;\"><td style=\"vertical-align: top; text-align : left; background-color: white; border: 0px #F0F0F0 solid; padding:0px 4px 0px 4px; white-space: nowrap; background-image: url(tbl_bck12.png)\" class=\"hierarchy\"><img src=\"tbl_spacer.png\" alt=\".\" style=\"background-color: inherit\" class=\"hierarchy\"/><img src=\"tbl_vjoin.png\" alt=\".\" style=\"background-color: inherit\" class=\"hierarchy\"/><img src=\"icon_extension_simple.png\" alt=\".\" style=\"background-color: white; background-color: inherit\" title=\"Simple Extension\" class=\"hierarchy\"/> <a href=\"StructureDefinition-ncdhc-composition-definitions.html#Composition.extension\" title=\"null\">extension</a><a name=\"Composition.extension\"> </a></td><td style=\"vertical-align: top; text-align : left; background-color: white; border: 0px #F0F0F0 solid; padding:0px 4px 0px 4px\" class=\"hierarchy\"/><td style=\"vertical-align: top; text-align : left; background-color: white; border: 0px #F0F0F0 solid; padding:0px 4px 0px 4px\" class=\"hierarchy\"><span style=\"opacity: 0.4\">0</span><span style=\"opacity: 0.5\">..</span><span style=\"opacity: 0.4\">*</span></td><td style=\"vertical-align: top; text-align : left; background-color: white; border: 0px #F0F0F0 solid; padding:0px 4px 0px 4px\" class=\"hierarchy\"><a style=\"opacity: 0.4\" href=\"http://hl7.org/fhir/STU3/datatypes.html#Extension\">Extension</a></td><td style=\"vertical-align: top; text-align : left; background-color: white; border: 0px #F0F0F0 solid; padding:0px 4px 0px 4px\" class=\"hierarchy\"><span style=\"font-weight:bold\">Slice: </span>Unordered, Open by value:url</td></tr>\r\n<tr style=\"border: 0px #F0F0F0 solid; padding:0px; vertical-align: top; background-color: white;\"><td style=\"vertical-align: top; text-align : left; background-color: white; border: 0px #F0F0F0 solid; padding:0px 4px 0px 4px; white-space: nowrap; background-image: url(tbl_bck14.png)\" class=\"hierarchy\"><img src=\"tbl_spacer.png\" alt=\".\" style=\"background-color: inherit\" class=\"hierarchy\"/><img src=\"tbl_vjoin.png\" alt=\".\" style=\"background-color: inherit\" class=\"hierarchy\"/><img src=\"icon_extension_simple.png\" alt=\".\" style=\"background-color: white; background-color: inherit\" title=\"Simple Extension\" class=\"hierarchy\"/> <a href=\"StructureDefinition-ncdhc-composition-definitions.html#Composition.extension:compositionAuthorRole\" title=\"Extension URL = http://hl7.org.au/fhir/StructureDefinition/composition-author-role\">composition-author-role</a><a name=\"Composition.extension\"> </a></td><td style=\"vertical-align: top; text-align : left; background-color: white; border: 0px #F0F0F0 solid; padding:0px 4px 0px 4px\" class=\"hierarchy\"/><td style=\"vertical-align: top; text-align : left; background-color: white; border: 0px #F0F0F0 solid; padding:0px 4px 0px 4px\" class=\"hierarchy\"><span style=\"opacity: 0.4\">0</span><span style=\"opacity: 0.5\">..</span><span style=\"opacity: 0.4\">*</span></td><td style=\"vertical-align: top; text-align : left; background-color: white; border: 0px #F0F0F0 solid; padding:0px 4px 0px 4px\" class=\"hierarchy\"><a href=\"http://hl7.org/fhir/STU3/references.html\">Reference</a>(<a href=\"http://hl7.org/fhir/STU3/practitionerrole.html\">PractitionerRole</a>)</td><td style=\"vertical-align: top; text-align : left; background-color: white; border: 0px #F0F0F0 solid; padding:0px 4px 0px 4px\" class=\"hierarchy\">Practitioner role that authored the composition<br/><span style=\"font-weight:bold\">URL: </span><a href=\"http://hl7.org/fhir/STU3/StructureDefinition-composition-author-role.html\">http://hl7.org.au/fhir/StructureDefinition/composition-author-role</a><br/></td></tr>\r\n<tr style=\"border: 0px #F0F0F0 solid; padding:0px; vertical-align: top; background-color: white;\"><td style=\"vertical-align: top; text-align : left; background-color: white; border: 0px #F0F0F0 solid; padding:0px 4px 0px 4px; white-space: nowrap; background-image: url(tbl_bck14.png)\" class=\"hierarchy\"><img src=\"tbl_spacer.png\" alt=\".\" style=\"background-color: inherit\" class=\"hierarchy\"/><img src=\"tbl_vjoin.png\" alt=\".\" style=\"background-color: inherit\" class=\"hierarchy\"/><img src=\"icon_extension_simple.png\" alt=\".\" style=\"background-color: white; background-color: inherit\" title=\"Simple Extension\" class=\"hierarchy\"/> <a href=\"StructureDefinition-ncdhc-composition-definitions.html#Composition.extension:informationRecipient\" title=\"Extension URL = http://hl7.org.au/fhir/StructureDefinition/information-recipient\">information-recipient</a><a name=\"Composition.extension\"> </a></td><td style=\"vertical-align: top; text-align : left; background-color: white; border: 0px #F0F0F0 solid; padding:0px 4px 0px 4px\" class=\"hierarchy\"/><td style=\"vertical-align: top; text-align : left; background-color: white; border: 0px #F0F0F0 solid; padding:0px 4px 0px 4px\" class=\"hierarchy\"><span style=\"opacity: 0.4\">0</span><span style=\"opacity: 0.5\">..</span><span style=\"opacity: 0.4\">*</span></td><td style=\"vertical-align: top; text-align : left; background-color: white; border: 0px #F0F0F0 solid; padding:0px 4px 0px 4px\" class=\"hierarchy\"><a href=\"http://hl7.org/fhir/STU3/references.html\">Reference</a>(<a href=\"http://hl7.org/fhir/STU3/practitioner.html\">Practitioner</a> | <a href=\"http://hl7.org/fhir/STU3/device.html\">Device</a> | <a href=\"http://hl7.org/fhir/STU3/patient.html\">Patient</a> | <a href=\"http://hl7.org/fhir/STU3/relatedperson.html\">RelatedPerson</a> | <a href=\"http://hl7.org/fhir/STU3/practitionerrole.html\">PractitionerRole</a> | <a href=\"http://hl7.org/fhir/STU3/organization.html\">Organization</a>)</td><td style=\"vertical-align: top; text-align : left; background-color: white; border: 0px #F0F0F0 solid; padding:0px 4px 0px 4px\" class=\"hierarchy\">Who and/or what should receive a copy of the composition<br/><span style=\"font-weight:bold\">URL: </span><a href=\"http://hl7.org/fhir/STU3/StructureDefinition-information-recipient.html\">http://hl7.org.au/fhir/StructureDefinition/information-recipient</a><br/></td></tr>\r\n<tr style=\"border: 0px #F0F0F0 solid; padding:0px; vertical-align: top; background-color: white;\"><td style=\"vertical-align: top; text-align : left; background-color: white; border: 0px #F0F0F0 solid; padding:0px 4px 0px 4px; white-space: nowrap; background-image: url(tbl_bck11.png)\" class=\"hierarchy\"><img src=\"tbl_spacer.png\" alt=\".\" style=\"background-color: inherit\" class=\"hierarchy\"/><img src=\"tbl_vjoin.png\" alt=\".\" style=\"background-color: inherit\" class=\"hierarchy\"/><img src=\"icon_element.gif\" alt=\".\" style=\"background-color: white; background-color: inherit\" title=\"Element\" class=\"hierarchy\"/> <a href=\"StructureDefinition-ncdhc-composition-definitions.html#Composition.attester\" title=\"null\">attester</a><a name=\"Composition.attester\"> </a></td><td style=\"vertical-align: top; text-align : left; background-color: white; border: 0px #F0F0F0 solid; padding:0px 4px 0px 4px\" class=\"hierarchy\"><span style=\"padding-left: 3px; padding-right: 3px; color: black; background-color: white\" title=\"This element has or is affected by some invariants\">I</span></td><td style=\"vertical-align: top; text-align : left; background-color: white; border: 0px #F0F0F0 solid; padding:0px 4px 0px 4px\" class=\"hierarchy\"><span style=\"opacity: 0.4\">0</span><span style=\"opacity: 0.5\">..</span><span style=\"opacity: 0.4\">*</span></td><td style=\"vertical-align: top; text-align : left; background-color: white; border: 0px #F0F0F0 solid; padding:0px 4px 0px 4px\" class=\"hierarchy\"><a style=\"opacity: 0.4\" href=\"http://hl7.org/fhir/STU3/datatypes.html#BackboneElement\">BackboneElement</a></td><td style=\"vertical-align: top; text-align : left; background-color: white; border: 0px #F0F0F0 solid; padding:0px 4px 0px 4px\" class=\"hierarchy\"><span style=\"font-weight:bold\">inv-com-0: </span>Related party and party shall not coexist</td></tr>\r\n<tr style=\"border: 0px #F0F0F0 solid; padding:0px; vertical-align: top; background-color: white;\"><td style=\"vertical-align: top; text-align : left; background-color: white; border: 0px #F0F0F0 solid; padding:0px 4px 0px 4px; white-space: nowrap; background-image: url(tbl_bck112.png)\" class=\"hierarchy\"><img src=\"tbl_spacer.png\" alt=\".\" style=\"background-color: inherit\" class=\"hierarchy\"/><img src=\"tbl_vline.png\" alt=\".\" style=\"background-color: inherit\" class=\"hierarchy\"/><img src=\"tbl_vjoin.png\" alt=\".\" style=\"background-color: inherit\" class=\"hierarchy\"/><img src=\"icon_extension_simple.png\" alt=\".\" style=\"background-color: white; background-color: inherit\" title=\"Simple Extension\" class=\"hierarchy\"/> <a href=\"StructureDefinition-ncdhc-composition-definitions.html#Composition.attester.extension\" title=\"null\">extension</a><a name=\"Composition.attester.extension\"> </a></td><td style=\"vertical-align: top; text-align : left; background-color: white; border: 0px #F0F0F0 solid; padding:0px 4px 0px 4px\" class=\"hierarchy\"/><td style=\"vertical-align: top; text-align : left; background-color: white; border: 0px #F0F0F0 solid; padding:0px 4px 0px 4px\" class=\"hierarchy\"><span style=\"opacity: 0.4\">0</span><span style=\"opacity: 0.5\">..</span><span style=\"opacity: 0.4\">*</span></td><td style=\"vertical-align: top; text-align : left; background-color: white; border: 0px #F0F0F0 solid; padding:0px 4px 0px 4px\" class=\"hierarchy\"><a style=\"opacity: 0.4\" href=\"http://hl7.org/fhir/STU3/datatypes.html#Extension\">Extension</a></td><td style=\"vertical-align: top; text-align : left; background-color: white; border: 0px #F0F0F0 solid; padding:0px 4px 0px 4px\" class=\"hierarchy\"><span style=\"font-weight:bold\">Slice: </span>Unordered, Open by value:url</td></tr>\r\n<tr style=\"border: 0px #F0F0F0 solid; padding:0px; vertical-align: top; background-color: white;\"><td style=\"vertical-align: top; text-align : left; background-color: white; border: 0px #F0F0F0 solid; padding:0px 4px 0px 4px; white-space: nowrap; background-image: url(tbl_bck104.png)\" class=\"hierarchy\"><img src=\"tbl_spacer.png\" alt=\".\" style=\"background-color: inherit\" class=\"hierarchy\"/><img src=\"tbl_vline.png\" alt=\".\" style=\"background-color: inherit\" class=\"hierarchy\"/><img src=\"tbl_vjoin_end.png\" alt=\".\" style=\"background-color: inherit\" class=\"hierarchy\"/><img src=\"icon_extension_simple.png\" alt=\".\" style=\"background-color: white; background-color: inherit\" title=\"Simple Extension\" class=\"hierarchy\"/> <a href=\"StructureDefinition-ncdhc-composition-definitions.html#Composition.attester.extension:attesterRelatedParty\" title=\"Extension URL = http://hl7.org.au/fhir/StructureDefinition/attester-related-party\">attester-related-party</a><a name=\"Composition.attester.extension\"> </a></td><td style=\"vertical-align: top; text-align : left; background-color: white; border: 0px #F0F0F0 solid; padding:0px 4px 0px 4px\" class=\"hierarchy\"/><td style=\"vertical-align: top; text-align : left; background-color: white; border: 0px #F0F0F0 solid; padding:0px 4px 0px 4px\" class=\"hierarchy\"><span style=\"opacity: 0.4\">0</span>..<span style=\"opacity: 0.4\">1</span></td><td style=\"vertical-align: top; text-align : left; background-color: white; border: 0px #F0F0F0 solid; padding:0px 4px 0px 4px\" class=\"hierarchy\"><a href=\"http://hl7.org/fhir/STU3/references.html\">Reference</a>(<a href=\"http://hl7.org/fhir/STU3/relatedperson.html\">RelatedPerson</a>)</td><td style=\"vertical-align: top; text-align : left; background-color: white; border: 0px #F0F0F0 solid; padding:0px 4px 0px 4px\" class=\"hierarchy\">Related person that attested the composition<br/><span style=\"font-weight:bold\">URL: </span><a href=\"http://hl7.org/fhir/STU3/StructureDefinition-attester-related-party.html\">http://hl7.org.au/fhir/StructureDefinition/attester-related-party</a></td></tr>\r\n<tr style=\"border: 0px #F0F0F0 solid; padding:0px; vertical-align: top; background-color: white;\"><td style=\"vertical-align: top; text-align : left; background-color: white; border: 0px #F0F0F0 solid; padding:0px 4px 0px 4px; white-space: nowrap; background-image: url(tbl_bck01.png)\" class=\"hierarchy\"><img src=\"tbl_spacer.png\" alt=\".\" style=\"background-color: inherit\" class=\"hierarchy\"/><img src=\"tbl_vjoin_end.png\" alt=\".\" style=\"background-color: inherit\" class=\"hierarchy\"/><img src=\"icon_element.gif\" alt=\".\" style=\"background-color: white; background-color: inherit\" title=\"Element\" class=\"hierarchy\"/> <a href=\"StructureDefinition-ncdhc-composition-definitions.html#Composition.section\" title=\"null\">section</a><a name=\"Composition.section\"> </a></td><td style=\"vertical-align: top; text-align : left; background-color: white; border: 0px #F0F0F0 solid; padding:0px 4px 0px 4px\" class=\"hierarchy\"/><td style=\"vertical-align: top; text-align : left; background-color: white; border: 0px #F0F0F0 solid; padding:0px 4px 0px 4px\" class=\"hierarchy\"><span style=\"opacity: 0.4\">0</span><span style=\"opacity: 0.5\">..</span><span style=\"opacity: 0.4\">*</span></td><td style=\"vertical-align: top; text-align : left; background-color: white; border: 0px #F0F0F0 solid; padding:0px 4px 0px 4px\" class=\"hierarchy\"><a style=\"opacity: 0.4\" href=\"http://hl7.org/fhir/STU3/datatypes.html#BackboneElement\">BackboneElement</a></td><td style=\"vertical-align: top; text-align : left; background-color: white; border: 0px #F0F0F0 solid; padding:0px 4px 0px 4px\" class=\"hierarchy\"/></tr>\r\n<tr style=\"border: 0px #F0F0F0 solid; padding:0px; vertical-align: top; background-color: white;\"><td style=\"vertical-align: top; text-align : left; background-color: white; border: 0px #F0F0F0 solid; padding:0px 4px 0px 4px; white-space: nowrap; background-image: url(tbl_bck012.png)\" class=\"hierarchy\"><img src=\"tbl_spacer.png\" alt=\".\" style=\"background-color: inherit\" class=\"hierarchy\"/><img src=\"tbl_blank.png\" alt=\".\" style=\"background-color: inherit\" class=\"hierarchy\"/><img src=\"tbl_vjoin.png\" alt=\".\" style=\"background-color: inherit\" class=\"hierarchy\"/><img src=\"icon_extension_simple.png\" alt=\".\" style=\"background-color: white; background-color: inherit\" title=\"Simple Extension\" class=\"hierarchy\"/> <a href=\"StructureDefinition-ncdhc-composition-definitions.html#Composition.section.extension\" title=\"null\">extension</a><a name=\"Composition.section.extension\"> </a></td><td style=\"vertical-align: top; text-align : left; background-color: white; border: 0px #F0F0F0 solid; padding:0px 4px 0px 4px\" class=\"hierarchy\"/><td style=\"vertical-align: top; text-align : left; background-color: white; border: 0px #F0F0F0 solid; padding:0px 4px 0px 4px\" class=\"hierarchy\"><span style=\"opacity: 0.4\">0</span><span style=\"opacity: 0.5\">..</span><span style=\"opacity: 0.4\">*</span></td><td style=\"vertical-align: top; text-align : left; background-color: white; border: 0px #F0F0F0 solid; padding:0px 4px 0px 4px\" class=\"hierarchy\"><a style=\"opacity: 0.4\" href=\"http://hl7.org/fhir/STU3/datatypes.html#Extension\">Extension</a></td><td style=\"vertical-align: top; text-align : left; background-color: white; border: 0px #F0F0F0 solid; padding:0px 4px 0px 4px\" class=\"hierarchy\"><span style=\"font-weight:bold\">Slice: </span>Unordered, Open by value:url</td></tr>\r\n<tr style=\"border: 0px #F0F0F0 solid; padding:0px; vertical-align: top; background-color: white;\"><td style=\"vertical-align: top; text-align : left; background-color: white; border: 0px #F0F0F0 solid; padding:0px 4px 0px 4px; white-space: nowrap; background-image: url(tbl_bck004.png)\" class=\"hierarchy\"><img src=\"tbl_spacer.png\" alt=\".\" style=\"background-color: inherit\" class=\"hierarchy\"/><img src=\"tbl_blank.png\" alt=\".\" style=\"background-color: inherit\" class=\"hierarchy\"/><img src=\"tbl_vjoin_end.png\" alt=\".\" style=\"background-color: inherit\" class=\"hierarchy\"/><img src=\"icon_extension_simple.png\" alt=\".\" style=\"background-color: white; background-color: inherit\" title=\"Simple Extension\" class=\"hierarchy\"/> <a href=\"StructureDefinition-ncdhc-composition-definitions.html#Composition.section.extension:sectionAuthor\" title=\"Extension URL = http://hl7.org.au/fhir/StructureDefinition/section-author\">section-author</a><a name=\"Composition.section.extension\"> </a></td><td style=\"vertical-align: top; text-align : left; background-color: white; border: 0px #F0F0F0 solid; padding:0px 4px 0px 4px\" class=\"hierarchy\"/><td style=\"vertical-align: top; text-align : left; background-color: white; border: 0px #F0F0F0 solid; padding:0px 4px 0px 4px\" class=\"hierarchy\"><span style=\"opacity: 0.4\">0</span><span style=\"opacity: 0.5\">..</span><span style=\"opacity: 0.4\">*</span></td><td style=\"vertical-align: top; text-align : left; background-color: white; border: 0px #F0F0F0 solid; padding:0px 4px 0px 4px\" class=\"hierarchy\"><a href=\"http://hl7.org/fhir/STU3/references.html\">Reference</a>(<a href=\"http://hl7.org/fhir/STU3/practitioner.html\">Practitioner</a> | <a href=\"http://hl7.org/fhir/STU3/device.html\">Device</a> | <a href=\"http://hl7.org/fhir/STU3/patient.html\">Patient</a> | <a href=\"http://hl7.org/fhir/STU3/relatedperson.html\">RelatedPerson</a> | <a href=\"http://hl7.org/fhir/STU3/practitionerrole.html\">PractitionerRole</a> | <a href=\"http://hl7.org/fhir/STU3/organization.html\">Organization</a>)</td><td style=\"vertical-align: top; text-align : left; background-color: white; border: 0px #F0F0F0 solid; padding:0px 4px 0px 4px\" class=\"hierarchy\">Who and/or what authored the section<br/><span style=\"font-weight:bold\">URL: </span><a href=\"http://hl7.org/fhir/STU3/StructureDefinition-section-author.html\">http://hl7.org.au/fhir/StructureDefinition/section-author</a><br/></td></tr>\r\n<tr><td colspan=\"5\" class=\"hierarchy\"><br/><a href=\"http://hl7.org/fhir/STU3/formats.html#table\" title=\"Legend for this format\"><img src=\"http://hl7.org/fhir/STU3/help16.png\" alt=\"doco\" style=\"background-color: inherit\"/> Documentation for this format</a></td></tr></table></div>"
  },
  "url": "http://hl7.org.au/fhir/ch/v1/StructureDefinition/ncdhc-composition-discharge",
  "version": "v1.0.0",
  "name": "NCDHC Discharge Health Interaction Composition Profile",
  "title": "NCDHC Newborn Discharge Composition",
  "status": "draft",
  "date": "2019-01-25",
  "publisher": "National Children's Digital Health Collaborative (NCDHC)",
  "contact": [
    {
      "telecom": [
        {
          "system": "url",
          "value": "http://hl7.org.au/fhir",
          "use": "work"
        }
      ]
    }
  ],
  "description": "Composition profile for NCDHC Newborn Discharge Health Interaction",
  "purpose": "The purpose is to captuere all the relevant details associated to the Newborn Discharge Event.",
  "fhirVersion": "3.0.2",
  "mapping": [
    {
      "identity": "rim",
      "uri": "http://hl7.org/v3",
      "name": "RIM Mapping"
    },
    {
      "identity": "cda",
      "uri": "http://hl7.org/v3/cda",
      "name": "CDA (R2)"
    },
    {
      "identity": "w5",
      "uri": "http://hl7.org/fhir/w5",
      "name": "W5 Mapping"
    }
  ],
  "kind": "resource",
  "abstract": false,
  "type": "Composition",
  "baseDefinition": "http://hl7.org.au/fhir/ch/v1/StructureDefinition/ncdhc-composition-base",
  "derivation": "constraint",
  "differential": {
    "element": [
      {
        "id": "Composition",
        "path": "Composition",
        "short": "NCDHC Discharge Health Interaction Composition Profile"
      },
      {
        "id": "Composition.type",
        "path": "Composition.type",
        "fixedCodeableConcept": {
          "coding": [
            {
              "system": "http://loinc.org",
              "code": "52524-6"
            }
          ]
        }
      },
      {
        "id": "Composition.subject",
        "path": "Composition.subject",
        "short": "Reference to the Baby Patient",
        "type": [
          {
            "code": "Reference",
            "targetProfile": "http://hl7.org.au/fhir/ch/v1/StructureDefinition/ncdhc-patient-baby"
          }
        ]
      },
      {
        "id": "Composition.encounter",
        "path": "Composition.encounter",
        "short": "To capture discharge details including dateTime of discharge, name of the service or facility the baby was discharged from, admission details(if any)",
        "type": [
          {
            "code": "Reference",
            "targetProfile": "http://hl7.org.au/fhir/ch/v1/StructureDefinition/ncdhc-encounter",
            "aggregation": [
              "bundled"
            ]
          }
        ]
      },
      {
        "id": "Composition.encounter.display",
        "extension": [
          {
            "url": "http://hl7.org/fhir/StructureDefinition/elementdefinition-translatable",
            "valueBoolean": true
          }
        ],
        "path": "Composition.encounter.display",
        "short": "Admission and Discharge details"
      },
      {
        "id": "Composition.author",
        "path": "Composition.author",
        "type": [
          {
            "code": "Reference",
            "targetProfile": "http://hl7.org.au/fhir/StructureDefinition/au-practitioner",
            "aggregation": [
              "bundled"
            ]
          },
          {
            "code": "Reference",
            "targetProfile": "http://hl7.org/fhir/StructureDefinition/Device"
          },
          {
            "code": "Reference",
            "targetProfile": "http://hl7.org/fhir/StructureDefinition/Patient"
          },
          {
            "code": "Reference",
            "targetProfile": "http://hl7.org/fhir/StructureDefinition/RelatedPerson"
          }
        ]
      },
      {
        "id": "Composition.title",
        "path": "Composition.title",
        "fixedString": "Newborn Discharge Health Interaction"
      },
      {
        "id": "Composition.confidentiality",
        "path": "Composition.confidentiality",
        "fixedCode": "N"
      },
      {
        "id": "Composition.attester.party",
        "path": "Composition.attester.party",
        "type": [
          {
            "code": "Reference",
            "targetProfile": "http://hl7.org.au/fhir/StructureDefinition/au-practitioner"
          },
          {
            "code": "Reference",
            "targetProfile": "http://hl7.org.au/fhir/StructureDefinition/au-organisation",
            "aggregation": [
              "bundled"
            ]
          }
        ]
      },
      {
        "id": "Composition.custodian",
        "path": "Composition.custodian",
        "type": [
          {
            "code": "Reference",
            "targetProfile": "​http://hl7.org.au/fhir/StructureDefinition/au-organisation",
            "aggregation": [
              "bundled"
            ]
          }
        ]
      },
      {
        "id": "Composition.section",
        "extension": [
          {
            "url": "http://hl7.org/fhir/StructureDefinition/structuredefinition-explicit-type-name",
            "valueString": "Section"
          }
        ],
        "path": "Composition.section",
        "slicing": {
          "discriminator": [
            {
              "type": "value",
              "path": "code"
            }
          ],
          "rules": "closed"
        }
      },
      {
        "id": "Composition.section.entry",
        "path": "Composition.section.entry",
        "max": "0"
      },
      {
        "id": "Composition.section.section",
        "path": "Composition.section.section",
        "max": "0"
      },
      {
        "id": "Composition.section:feedingStatus",
        "extension": [
          {
            "url": "http://hl7.org/fhir/StructureDefinition/structuredefinition-explicit-type-name",
            "valueString": "Section"
          }
        ],
        "path": "Composition.section",
        "sliceName": "feedingStatus",
        "short": "Represents 'Feeding Status' section for this document.",
        "max": "1"
      },
      {
        "id": "Composition.section:feedingStatus.title",
        "path": "Composition.section.title",
        "short": "Baby's Feeding Status at Discharge",
        "fixedString": "Feeding Status"
      },
      {
        "id": "Composition.section:feedingStatus.code",
        "path": "Composition.section.code",
        "fixedCodeableConcept": {
          "coding": [
            {
              "system": "http://loinc.org",
              "code": "11321-7"
            }
          ]
        }
      },
      {
        "id": "Composition.section:feedingStatus.entry",
        "path": "Composition.section.entry",
        "short": "Section to represent Baby's Feeding Status at Discharge.  If the section is present in the document, then it should have an entry. Otherwise empty reason has to be provided.",
        "max": "1",
        "type": [
          {
            "code": "Reference",
            "targetProfile": "http://hl7.org.au/fhir/ch/v1/StructureDefinition/ncdhc-observation-feeding-status",
            "aggregation": [
              "bundled"
            ]
          }
        ]
      },
      {
        "id": "Composition.section:feedingStatus.section",
        "path": "Composition.section.section",
        "max": "0"
      },
      {
        "id": "Composition.section:familyHistory",
        "extension": [
          {
            "url": "http://hl7.org/fhir/StructureDefinition/structuredefinition-explicit-type-name",
            "valueString": "Section"
          }
        ],
        "path": "Composition.section",
        "sliceName": "familyHistory",
        "short": "Represents 'Family History' section for this document.",
        "max": "1"
      },
      {
        "id": "Composition.section:familyHistory.title",
        "path": "Composition.section.title",
        "fixedString": "Family History"
      },
      {
        "id": "Composition.section:familyHistory.code",
        "path": "Composition.section.code",
        "fixedCodeableConcept": {
          "coding": [
            {
              "system": "http://loinc.org",
              "code": "54114-4"
            }
          ]
        }
      },
      {
        "id": "Composition.section:familyHistory.entry",
        "path": "Composition.section.entry",
        "short": "Section to represent Family History of the newborn.  If the section is present in the document, then it should have an entry. Otherwise empty reason has to be provided.",
        "comment": "If there are no entries in the list, an emptyReason SHOULD be provided. There could be multiple type of Congenital anomalies. The card proposed as 1...*.",
        "type": [
          {
            "code": "Reference",
            "targetProfile": "http://hl7.org.au/fhir/ch/v1/StructureDefinition/ncdhc-familymemberhistory-discharge",
            "aggregation": [
              "bundled"
            ]
          }
        ]
      },
      {
        "id": "Composition.section:familyHistory.section",
        "path": "Composition.section.section",
        "max": "0"
      },
      {
        "id": "Composition.section:vitalsignsAndMeasurements",
        "extension": [
          {
            "url": "http://hl7.org/fhir/StructureDefinition/structuredefinition-explicit-type-name",
            "valueString": "Section"
          }
        ],
        "path": "Composition.section",
        "sliceName": "vitalsignsAndMeasurements",
        "short": "Represents 'Vital Signs and Measurements' section for this document.",
        "max": "1"
      },
      {
        "id": "Composition.section:vitalsignsAndMeasurements.title",
        "path": "Composition.section.title",
        "fixedString": "Vital Signs and Measurements"
      },
      {
        "id": "Composition.section:vitalsignsAndMeasurements.code",
        "path": "Composition.section.code",
        "fixedCodeableConcept": {
          "coding": [
            {
              "system": "http://loinc.org",
              "code": "67795-5"
            }
          ]
        }
      },
      {
        "id": "Composition.section:vitalsignsAndMeasurements.entry",
        "path": "Composition.section.entry",
        "slicing": {
          "discriminator": [
            {
              "type": "value",
              "path": "reference"
            }
          ],
          "rules": "closed"
        },
        "min": 3,
        "max": "3"
      },
      {
        "id": "Composition.section:vitalsignsAndMeasurements.entry:BodyWeight",
        "path": "Composition.section.entry",
        "sliceName": "BodyWeight",
        "short": "Baby's weight at discharge",
        "min": 1,
        "max": "1",
        "type": [
          {
            "code": "Reference",
            "targetProfile": "http://hl7.org.au/fhir/ch/v1/StructureDefinition/ncdhc-observation-vitalsign-bodyweight",
            "aggregation": [
              "bundled"
            ]
          }
        ]
      },
      {
        "id": "Composition.section:vitalsignsAndMeasurements.entry:BodyHeight",
        "path": "Composition.section.entry",
        "sliceName": "BodyHeight",
        "short": "Baby's length at discharge",
        "min": 1,
        "max": "1",
        "type": [
          {
            "code": "Reference",
            "targetProfile": "http://hl7.org.au/fhir/ch/v1/StructureDefinition/ncdhc-observation-vitalsign-bodyheight",
            "aggregation": [
              "bundled"
            ]
          }
        ]
      },
      {
        "id": "Composition.section:vitalsignsAndMeasurements.entry:HeadCircum",
        "path": "Composition.section.entry",
        "sliceName": "HeadCircum",
        "short": "Baby's Head Circumference at Discharge",
        "min": 1,
        "max": "1",
        "type": [
          {
            "code": "Reference",
            "targetProfile": "http://hl7.org.au/fhir/ch/v1/StructureDefinition/ncdhc-observation-vitalsign-headcircum",
            "aggregation": [
              "bundled"
            ]
          }
        ]
      },
      {
        "id": "Composition.section:vitalsignsAndMeasurements.section",
        "path": "Composition.section.section",
        "max": "0"
      }
    ]
  }
}