{
  "resourceType": "StructureDefinition",
  "id": "ncdhc-composition-view-summary",
  "url": "http://hl7.org.au/fhir/ch/v1/StructureDefinition/ncdhc-composition-view-summary",
  "version": "v1.0.0",
  "name": "NCDHC HCA Summary View Composition Profile",
  "title": "NCDHC HCA Summary View Composition",
  "status": "draft",
  "date": "2019-11-08",
  "publisher": "National Children's Digital Health Collaborative (NCDHC)",
  "purpose": "To generate a Custom View to represent Health Check Summary view",
  "fhirVersion": "3.0.1",
  "kind": "resource",
  "abstract": false,
  "type": "Composition",
  "baseDefinition": "http://hl7.org.au/fhir/ch/v1/StructureDefinition/ncdhc-composition-view-base",
  "derivation": "constraint",
  "differential": {
    "element": [
      {
        "id": "Composition",
        "path": "Composition",
        "short": "NCDHC Composition Health Check Summary View Profile"
      },
      {
        "id": "Composition.type",
        "path": "Composition.type",
        "binding": {
          "strength": "required",
          "valueSetReference": {
            "reference": "http://hl7.org.au/fhir/ch/v1/ValueSet/ncdhc-document-type-1"
          }
        }
      },
      {
        "id": "Composition.class",
        "path": "Composition.class",
        "binding": {
          "strength": "required",
          "valueSetReference": {
            "reference": "http://hl7.org.au/fhir/ch/v1/ValueSet/ncdhc-document-class-1"
          }
        }
      },
      {
        "id": "Composition.author",
        "path": "Composition.author",
        "type": [
          {
            "code": "Reference",
            "targetProfile": "http://hl7.org/fhir/StructureDefinition/Device"
          }
        ]
      },
      {
        "id": "Composition.title",
        "path": "Composition.title",
        "fixedString": "Health Check Summary"
      },
      {
        "id": "Composition.section",
        "extension": [
          {
            "url": "http://hl7.org/fhir/StructureDefinition/structuredefinition-explicit-type-name",
            "valueString": "Section"
          }
        ],
        "path": "Composition.section",
        "min": 1,
        "max": "1"
      },
      {
        "id": "Composition.section.title",
        "path": "Composition.section.title",
        "fixedString": "Health Check Summary"
      },
      {
        "id": "Composition.section.code.coding.system",
        "path": "Composition.section.code.coding.system",
        "fixedUri": "http://snomed.info/sct"
      },
      {
        "id": "Composition.section.code.coding.code",
        "path": "Composition.section.code.coding.code",
        "fixedCode": "1418351000168103"
      },
      {
        "id": "Composition.section.entry",
        "path": "Composition.section.entry",
        "type": [
          {
            "code": "Reference",
            "targetProfile": "http://hl7.org/fhir/StructureDefinition/Resource"
          }
        ]
      }
    ]
  }
}