{
  "sct-edition": "http://snomed.info/sct/32506021000036107",
  "version": "3.0.2",
  "paths": {
    "output": "output",
    "pages": "pages",
    "resources": [
      "resources",
      "examples"
    ],
    "temp": "temp",
    "qa": "qa",
    "history": "http://build.fhir.org/ig/hl7au/au-fhir-childhealth/history.html",
    "specification": "http://hl7.org/fhir/STU3/",
    "txCache": "txCache"
  },
  "source": "ig.xml",
  "dependencyList": [
    {
      "name": "aubase",
      "location": "http://hl7.org.au/fhir",
      "version": "1.1.0"
    }
  ],
  "extraTemplates": [
    "mappings"
  ],
  "do-transforms": "true",
  "spreadsheets": [],
  "special-urls": [
    "urn:iso:std:iso:3166",
    "http://hl7.org.au/fhir/sid/icpc-2plus",
    "http://www.mims.com.au/codes",
    "http://www.gs1.org/gtin",
    "http://pbs.gov.au/code/item",
    "http://hl7.org.au/fhir/v2/0203",
    "http://www.abs.gov.au/ausstats/abs@.nsf/mf/1220.0",
    "http://www.abs.gov.au/ausstats/abs@.nsf/mf/1292.0",
    "https://healthterminologies.gov.au/fhir/CodeSystem/australian-indigenous-status-1",
    "https://healthterminologies.gov.au/fhir/CodeSystem/australian-states-territories-1",
    "https://healthterminologies.gov.au/fhir/CodeSystem/ihi-status-1",
    "https://healthterminologies.gov.au/fhir/CodeSystem/ihi-record-status-1",
    "https://healthterminologies.gov.au/fhir/CodeSystem/date-accuracy-indicator-1",
    "https://healthterminologies.gov.au/fhir/CodeSystem/concurrent-supply-grounds-1"
  ],
  "tool": "jekyll",
  "license": "CC0-1.0",
  "canonicalBase": "http://build.fhir.org/ig/hl7au/au-fhir-childhealth",
  "npm-name": "hl7.fhir.au.ncdhc",
  "defaults": {
    "ConceptMap": {
      "template-base": "cm.html"
    },
    "Any": {
      "template-base": "base.html",
      "template-format": "format.html"
    },
    "StructureDefinition": {
      "template-base": "sd.html",
      "template-defns": "sd-definitions.html",
      "template-mappings": "sd-mappings.html"
    },
    "ValueSet": {
      "template-base": "vs.html"
    },
    "CodeSystem": {
      "template-base": "cs.html"
    },
    "Patient": {
      "template-base": "ex.html",
      "template-format": "ex-format.html"
    },
    "Observation": {
      "template-base": "ex.html",
      "template-format": "ex-format.html"
    },
    "Practitioner": {
      "template-base": "ex.html",
      "template-format": "ex-format.html"
    },
    "PractitionerRole": {
      "template-base": "ex.html",
      "template-format": "ex-format.html"
    },
    "Organization": {
      "template-base": "ex.html",
      "template-format": "ex-format.html"
    }
  },
  "resources": {
    "StructureDefinition/ncdhc-composition-base": {
      "base": "StructureDefinition-ncdhc-composition-base.html",
      "defns": "StructureDefinition-ncdhc-composition-base-definitions.html"
    },
    "StructureDefinition/ncdhc-observation-base": {
      "base": "StructureDefinition-ncdhc-observation-base.html",
      "defns": "StructureDefinition-ncdhc-observation-base-definitions.html"
    },
    "StructureDefinition/ncdhc-encounter": {
      "base": "StructureDefinition-ncdhc-encounter.html",
      "defns": "StructureDefinition-ncdhc-encounter-definitions.html"
    },
    "StructureDefinition/ncdhc-patient-baby": {
      "base": "StructureDefinition-ncdhc-patient-baby.html",
      "defns": "StructureDefinition-ncdhc-patient-baby-definitions.html"
    },
    "StructureDefinition/ncdhc-consent": {
      "base": "StructureDefinition-ncdhc-consent.html",
      "defns": "StructureDefinition-ncdhc-consent-definitions.html"
    },
    "StructureDefinition/ncdhc-audit-event": {
      "base": "StructureDefinition-ncdhc-audit-event.html",
      "defns": "StructureDefinition-ncdhc-audit-event-definitions.html"
    },
    "StructureDefinition/ncdhc-composition-health-check-assessment": {
      "base": "StructureDefinition-ncdhc-composition-health-check-assessment.html",
      "defns": "StructureDefinition-ncdhc-composition-health-check-assessment-definitions.html"
    },
    "StructureDefinition/ncdhc-composition-antenatal-record": {
      "base": "StructureDefinition-ncdhc-composition-antenatal-record.html",
      "defns": "StructureDefinition-ncdhc-composition-antenatal-record-definitions.html"
    },
    "StructureDefinition/ncdhc-observation-tobacco-usage": {
      "base": "StructureDefinition-ncdhc-observation-tobacco-usage.html",
      "defns": "StructureDefinition-ncdhc-observation-tobacco-usage-definitions.html"
    },
    "StructureDefinition/ncdhc-observation-illicit-drugs-gestation": {
      "base": "StructureDefinition-ncdhc-observation-illicit-drugs-gestation.html",
      "defns": "StructureDefinition-ncdhc-observation-illicit-drugs-gestation-definitions.html"
    },
    "StructureDefinition/ncdhc-observation-fetal-gestational-age": {
      "base": "StructureDefinition-ncdhc-observation-fetal-gestational-age.html",
      "defns": "StructureDefinition-ncdhc-observation-fetal-gestational-age-definitions.html"
    },
    "StructureDefinition/ncdhc-composition-nbdelivery": {
      "base": "StructureDefinition-ncdhc-composition-nbdelivery.html",
      "defns": "StructureDefinition-ncdhc-composition-nbdelivery-definitions.html"
    },
    "StructureDefinition/ncdhc-medicationstatement-vitamink": {
      "base": "StructureDefinition-ncdhc-medicationstatement-vitamink.html",
      "defns": "StructureDefinition-ncdhc-medicationstatement-vitamink-definitions.html"
    },
    "OperationDefinition/ncdhc-patient-access": {
      "base": "OperationDefinition-ncdhc-patient-access.html",
      "defns": "OperationDefinition-ncdhc-patient-access-definitions.html"
    },
    "ValueSet/ncdhc-document-type-1": {
      "base": "ValueSet-ncdhc-document-type-1.html"
    },
    "CodeSystem/ncdhc-hi-type-1": {
      "base": "CodeSystem-ncdhc-hi-type-1.html"
    },
    "ValueSet/ncdhc-document-class-1": {
      "base": "ValueSet-ncdhc-document-class-1.html"
    },
    "CodeSystem/ncdhc-document-class-1": {
      "base": "CodeSystem-ncdhc-document-class-1.html"
    },
    "ValueSet/ncdhc-consent-category-1": {
      "base": "ValueSet-ncdhc-consent-category-1.html"
    },
    "CodeSystem/ncdhc-consent-category-1": {
      "base": "CodeSystem-ncdhc-consent-category-1.html"
    },
    "ValueSet/apgar-score-type": {
      "base": "ValueSet-apgar-score-type.html"
    },
    "ValueSet/apgar-score-type-snomedct": {
      "base": "ValueSet-apgar-score-type-snomedct.html"
    },
    "ValueSet/apgar-colour": {
      "base": "ValueSet-apgar-colour.html"
    },
    "ValueSet/apgar-heart-rate": {
      "base": "ValueSet-apgar-heart-rate.html"
    },
    "ValueSet/apgar-reflex-irritability": {
      "base": "ValueSet-apgar-reflex-irritability.html"
    },
    "ValueSet/apgar-muscle-tone": {
      "base": "ValueSet-apgar-muscle-tone.html"
    },
    "ValueSet/apgar-respiratory-effort": {
      "base": "ValueSet-apgar-respiratory-effort.html"
    },
    "ValueSet/apgar-colour-finding": {
      "base": "ValueSet-apgar-colour-finding.html"
    },
    "ValueSet/apgar-heart-rate-finding": {
      "base": "ValueSet-apgar-heart-rate-finding.html"
    },
    "ValueSet/apgar-reflex-irritability-finding": {
      "base": "ValueSet-apgar-reflex-irritability-finding.html"
    },
    "ValueSet/apgar-muscle-tone-finding": {
      "base": "ValueSet-apgar-muscle-tone-finding.html"
    },
    "ValueSet/apgar-respiratory-effort-finding": {
      "base": "ValueSet-apgar-respiratory-effort-finding.html"
    },
    "ValueSet/newborn-feeding-status": {
      "base": "ValueSet-newborn-feeding-status.html"
    },
    "ValueSet/ncdhc-labour-initiation-type-1": {
      "base": "ValueSet-ncdhc-labour-initiation-type-1.html"
    },
    "ValueSet/ncdhc-type-of-birth-1": {
      "base": "ValueSet-ncdhc-type-of-birth-1.html"
    },
    "ValueSet/ncdhc-vision-chart-types-1": {
      "base": "ValueSet-ncdhc-vision-chart-types-1.html"
    },
    "ValueSet/ncdhc-observation-interpretation-1": {
      "base": "ValueSet-ncdhc-observation-interpretation-1.html"
    },
    "ValueSet/ncdhc-observation-completion-status-1": {
      "base": "ValueSet-ncdhc-observation-completion-status-1.html"
    },
    "ValueSet/ncdhc-birth-complications-1": {
      "base": "ValueSet-ncdhc-birth-complications-1.html"
    },
    "ValueSet/ncdhc-pregnancy-complications-1": {
      "base": "ValueSet-ncdhc-pregnancy-complications-1.html"
    },
    "ValueSet/ncdhc-condition-code": {
      "base": "ValueSet-condition-code.html"
    },
    "ValueSet/ncdhc-audit-type-1": {
      "base": "ValueSet-ncdhc-audit-type-1.html"
    },
    "CodeSystem/ncdhc-audit-type-1": {
      "base": "CodeSystem-ncdhc-audit-type-1.html"
    },
    "ValueSet/ncdhc-audit-subtype-1": {
      "base": "ValueSet-ncdhc-audit-subtype-1.html"
    },
    "ValueSet/ncdhc-security-role-type-1": {
      "base": "ValueSet-ncdhc-security-role-type-1.html"
    },
    "CodeSystem/ncdhc-security-role-type-1": {
      "base": "CodeSystem-ncdhc-security-role-type-1.html"
    },
    "ValueSet/ncdhc-audit-role-type-1": {
      "base": "ValueSet-ncdhc-audit-role-type-1.html"
    },
    "ValueSet/ncdhc-observation-category-1": {
      "base": "ValueSet-ncdhc-observation-category-1.html"
    },
    "ValueSet/ncdhc-observation-valueabsentreason-1": {
      "base": "ValueSet-ncdhc-observation-valueabsentreason-1.html"
    },
    "ValueSet/ncdhc-encounter-type-1": {
      "base": "ValueSet-ncdhc-encounter-type-1.html"
    },
    "ValueSet/ncdhc-observation-Illicit-drugs-intake-status-1": {
      "base": "ValueSet-ncdhc-observation-Illicit-drugs-intake-status-1.html"
    },
    "Patient/patient-baby-example": {
      "source": "ncdhc-patient-baby-example.json",
      "base": "ncdhc-patient-baby-example.html"
    },
    "AuditEvent/audit-event-insert-example": {
      "source": "audit-event-insert.json",
      "base": "audit-event-insert.html"
    },
    "AuditEvent/audit-event-created-example": {
      "source": "audit_event_created.json",
      "base": "audit_event_created.html"
    },
    "AuditEvent/audit-event-updated-example": {
      "source": "audit_event_updated.json",
      "base": "audit_event_updated.html"
    },
    "AuditEvent/audit-event-deleted-example": {
      "source": "audit_event_deleted.json",
      "base": "audit_event_deleted.html"
    },
    "AuditEvent/audit-event-read-example": {
      "source": "audit_event_read.json",
      "base": "audit_event_read.html"
    },
    "Bundle/ncdhc-hca-payload-4-9m": {
      "source": "ncdhc-hca-payload-4-9m.json",
      "base": "ncdhc-hca-payload-4-9m.html"
    },
    "CapabilityStatement/ncdhc-metadata-consumer": {
      "base": "ncdhc-metadata-consumer.html",
      "defns": "ncdhc-metadata-consumer-definitions.html"
    },
    "CapabilityStatement/ncdhc-metadata-provider": {
      "base": "ncdhc-metadata-provider.html",
      "defns": "ncdhc-metadata-provider-definitions.html"
    }
  }
}